﻿<?xml version="1.0" encoding="utf-8"?>
<!--
     This file is auto-generated on program start.
     Therefore any changes made to this file will be overwritten.
     You can use this as a template for your own translation, though.

     If you need help with translating, you can find a guide here:
     https://github.com/FelisDiligens/Fallout76-QuickConfiguration/wiki/Translations
-->
<Language name="Italiano (ITA)" iso="it-IT" version="1.12.5.1" author="Roger08">
  <Strings>
    <!--
        Strings
        ******************************************************************************************************************************************************
        Basically little text snippets that can be used everywhere.
    -->
    <String text="È disponibile una versione più recente: {0}" id="newVersionAvailable" />
    <String text="Aggiorna!" id="updateNowButton" />
    <String text="Sconosciuto" id="unknown" />
    <String text="Implementazione necessaria" id="modsDeploymentNecessary" />
    <String text="Qualcosa è andato storto, guarda il file log per i dettagli." id="modsFailed" />
    <String text="General" id="modsTablePresetGeneral" />
    <String text="Textures" id="modsTablePresetTextures" />
    <String text="Sound FX" id="modsTablePresetSoundFX" />
    <String text="Bundle" id="modsTableTypeBundled" />
    <String text="Archivio separato" id="modsTableTypeSeparate" />
    <String text="Archivio separato (Bloccato)" id="modsTableTypeSeparateFrozen" />
    <String text="File separati" id="modsTableTypeLoose" />
    <String text="In attesa" id="modTableFrozenPending" />
    <String text="Bloccato" id="modTableFrozen" />
    <String text="Blocca" id="modTableFreeze" />
    <String text="Bundle in {0}." id="modTableInstallInfoBundledBA2" />
    <String text="Bundle in {0} con preset {1}." id="modTableInstallInfoSeparateBA2" />
    <String text="Copia i file in {0}." id="modTableInstallInfoLooseFiles" />
    <String text="In attesa di installazione" id="modTablePendingInstallation" />
    <String text="In attesa di rimozione" id="modTablePendingRemoval" />
    <String text="In attesa di modifca" id="modTablePendingChanges" />
    <String text="Aggiornamento disponibile" id="updateAvailable" />
    <String text="Attivato" id="enabled" />
    <String text="Disattivato" id="disabled" />
    <String text="Edizione" id="gameEdition" />
    <String text="Basso" id="lowPreset" />
    <String text="Medio" id="mediumPreset" />
    <String text="Alto" id="highPreset" />
    <String text="Ultra" id="ultraPreset" />
    <String text="Personalizzato" id="customPreset" />
    <String text="Preset attuale: {0}" id="currentPreset" />
    <String text="{0} mod selezionate" id="modDetailsTitleBulkSelected" />
    <String text="In {0} ora(e) e {1} minuto(i)" id="nmResetTime" />
    <String text="{0} mancanti" id="nmRateLimitLeft" />
    <String text="Base" id="nmBasicAccount" />
    <String text="Supporto" id="nmSupporterAccount" />
    <String text="Premium" id="nmPremiumAccount" />
    <String text="N/A" id="notApplicable" />
    <String text="Si" id="yes" />
    <String text="No" id="no" />
    <String text="Valido" id="valid" />
    <String text="Invalido" id="invalid" />
    <String text="Auto" id="auto" />
    <String text="selezionato" id="selected" />
    <String text="Nuclear Winter" id="nuclearwintermode" />
    <String text="Avventura" id="adventuremode" />
    <String text="Valori interessati" id="affectedValues" />
    <String text="File interessati" id="affectedFiles" />
    <String text="Hai endorsato questa mod." id="endorsedText" />
    <String text="Non hai endorsato questa mod." id="notEndorsedText" />
    <String text="Ti sei astenuto dall'endorsare questa mod." id="abstainedText" />
    <String text="Avviso: Impossibile trovare le cartelle delle risorse comuni (meshes, textures, sounds, materials, interface, e così via). La mod potrebbe non avviarsi." id="modSidePanel_WarningNoCommonResourceFoldersFound" />
    <String text="Avviso: Impossibile trovare file (validi) da comprimere in un archivio *.ba2. Archive2 potrebbe non funzionare durante l'implementazione." id="modSidePanel_WarningNoFilesAvailableToPack" />
    <String text="Suggerimento: Mescolare i file general, texture e sound *potrebbe* causare il caricamento non corretto della mod.&#xA;Nel caso in cui la mod non funzioni, puoi provare a impostarla su &quot;Archivio *.ba2 in bundle&quot;." id="modSidePanel_HintMixedResourcesFound" />
    <String text="Suggerimento: Per le mod con file generali, seleziona il preset general o lascialo su &quot;Rilevazione automatica&quot;." id="modSidePanel_HintWrongPresetForGeneralFiles" />
    <String text="Suggerimento: Per le mod di sostituzione delle texture, seleziona &quot;Texture (file *.dds)&quot; preset o lascialo su &quot;Rilevazione automatica&quot;." id="modSidePanel_HintWrongPresetForTextures" />
    <String text="Suggerimento: Per le mod di sostituzione del suono, seleziona il &quot;Sound FX / Music / Voice&quot; preset o lascialo su &quot;Rilevazione automatica&quot;." id="modSidePanel_HintWrongPresetForAudioFiles" />
    <String text="Suggerimento: I file *.dll vengono generalmente installati come &quot;File separati&quot; nella directory superiore (&quot;.&quot;)." id="modSidePanel_HintWrongInstallMethodForDLLs" />
    <String text="Suggerimento: Le stringhe sono generalmente installate come &quot;File separati&quot; nella cartella &quot;Data\Strings&quot;." id="modSidePanel_HintWrongInstallMethodForStrings" />
  </Strings>
  <Dropdowns>
    <!--
        Dropdowns
        ******************************************************************************************************************************************************
        Make sure that the amount of options stays the same.
    -->
    <Dropdown id="ModInstallAs">
      <Option>Impacchetta negli archivi *.ba2 con altre mod</Option>
      <Option>Crea un archivio *.ba2 separato</Option>
      <Option>Copia file separati</Option>
    </Dropdown>
    <Dropdown id="ModArchivePreset">
      <Option>-- Seleziona --</Option>
      <Option>Rilevazione automatica (consigliato)</Option>
      <Option>General / Interface / Materials / Animations</Option>
      <Option>Textures (file *.dds)</Option>
      <Option>Sound FX / Music / Voice</Option>
    </Dropdown>
    <Dropdown id="Resolution">
      <Option>Personalizzato</Option>
      <Option></Option>
      <Option>┌───────────────────────────────┐</Option>
      <Option>│  4:3                          │</Option>
      <Option>├───────────────────────────────┤</Option>
      <Option>│ [4:3]    640 x  480 (VGA)     │</Option>
      <Option>│ [4:3]    800 x  600 (SVGA)    │</Option>
      <Option>│ [4:3]    960 x  720           │</Option>
      <Option>│ [4:3]   1024 x  768 (XGA)     │</Option>
      <Option>│ [4:3]   1152 x  864           │</Option>
      <Option>│ [4:3]   1280 x  960           │</Option>
      <Option>│ [4:3]   1400 x 1050           │</Option>
      <Option>│ [4:3]   1440 x 1080           │</Option>
      <Option>│ [4:3]   1600 x 1200           │</Option>
      <Option>│ [4:3]   1920 x 1440           │</Option>
      <Option>│ [4:3]   2048 x 1536           │</Option>
      <Option>│ [4:3]   2880 x 2160           │</Option>
      <Option>│                               │</Option>
      <Option>│                               │</Option>
      <Option>├───────────────────────────────┤</Option>
      <Option>│  5:3                          │</Option>
      <Option>├───────────────────────────────┤</Option>
      <Option>│ [5:3]    800 x  480           │</Option>
      <Option>│ [5:3]   1280 x  768 (WXGA)    │</Option>
      <Option>│                               │</Option>
      <Option>│                               │</Option>
      <Option>├───────────────────────────────┤</Option>
      <Option>│  5:4                          │</Option>
      <Option>├───────────────────────────────┤</Option>
      <Option>│ [5:4]   1152 x  960           │</Option>
      <Option>│ [5:4]   1280 x 1024           │</Option>
      <Option>│ [5:4]   2560 x 2048           │</Option>
      <Option>│ [5:4]   5120 x 4096           │</Option>
      <Option>│                               │</Option>
      <Option>│                               │</Option>
      <Option>├───────────────────────────────┤</Option>
      <Option>│  16:9                         │</Option>
      <Option>├───────────────────────────────┤</Option>
      <Option>│ [16:9]  1024 x  576           │</Option>
      <Option>│ [16:9]  1152 x  648           │</Option>
      <Option>│ [16:9]  1280 x  720 (HD)      │</Option>
      <Option>│ [16:9]  1360 x  768           │</Option>
      <Option>│ [16:9]  1365 x  768           │</Option>
      <Option>│ [16:9]  1366 x  768           │</Option>
      <Option>│ [16:9]  1536 x  864           │</Option>
      <Option>│ [16:9]  1600 x  900           │</Option>
      <Option>│ [16:9]  1920 x 1080 (Full HD) │</Option>
      <Option>│ [16:9]  2560 x 1440 (WQHD)    │</Option>
      <Option>│ [16:9]  3200 x 1800           │</Option>
      <Option>│ [16:9]  3840 x 2160 (4K UHD1) │</Option>
      <Option>│ [16:9]  5120 x 2880 (5K)      │</Option>
      <Option>│ [16:9]  7680 x 4320 (8K UHD2) │</Option>
      <Option>│                               │</Option>
      <Option>│                               │</Option>
      <Option>├───────────────────────────────┤</Option>
      <Option>│  16:10                        │</Option>
      <Option>├───────────────────────────────┤</Option>
      <Option>│ [16:10]  640 x  400           │</Option>
      <Option>│ [16:10] 1280 x  800           │</Option>
      <Option>│ [16:10] 1440 x  900           │</Option>
      <Option>│ [16:10] 1680 x 1050           │</Option>
      <Option>│ [16:10] 1920 x 1200           │</Option>
      <Option>│ [16:10] 2560 x 1600           │</Option>
      <Option>│ [16:10] 3840 x 2400           │</Option>
      <Option>│                               │</Option>
      <Option>│                               │</Option>
      <Option>├───────────────────────────────┤</Option>
      <Option>│  17:9                         │</Option>
      <Option>├───────────────────────────────┤</Option>
      <Option>│ [17:9]  2048 x 1080           │</Option>
      <Option>│                               │</Option>
      <Option>│                               │</Option>
      <Option>├───────────────────────────────┤</Option>
      <Option>│  21:9                         │</Option>
      <Option>├───────────────────────────────┤</Option>
      <Option>│ [21:9]  1920 x  800           │</Option>
      <Option>│ [21:9]  2560 x 1080           │</Option>
      <Option>│ [21:9]  3440 x 1440           │</Option>
      <Option>│ [21:9]  3840 x 1600           │</Option>
      <Option>│ [21:9]  5120 x 2160           │</Option>
      <Option>│                               │</Option>
      <Option>│                               │</Option>
      <Option>└───────────────────────────────┘</Option>
      <Option></Option>
    </Dropdown>
    <Dropdown id="DisplayMode">
      <Option>Schermo intero</Option>
      <Option>Finestra</Option>
      <Option>Finestra senza bordi</Option>
      <Option>Finestra senza bordi (schermo intero)</Option>
    </Dropdown>
    <Dropdown id="AntiAliasing">
      <Option>Attivato, TAA (predefinito)</Option>
      <Option>Disattivato</Option>
    </Dropdown>
    <Dropdown id="AnisotropicFiltering">
      <Option>No</Option>
      <Option>2x</Option>
      <Option>4x</Option>
      <Option>8x</Option>
      <Option>16x (predefinito)</Option>
    </Dropdown>
    <Dropdown id="ShadowTextureResolution">
      <Option>512 = Patata</Option>
      <Option>1024 = Basso</Option>
      <Option>2048 = Alto (predefinito)</Option>
      <Option>4096 = Ultra</Option>
      <Option>8192 = Folle</Option>
    </Dropdown>
    <Dropdown id="ShadowBlurriness">
      <Option>0x</Option>
      <Option>1x (più nitido, pixel evidenti)</Option>
      <Option>2x (meno sfocato)</Option>
      <Option>3x (sfocato, predefinito)</Option>
    </Dropdown>
    <Dropdown id="ShadowQuality">
      <Option>Basso</Option>
      <Option>Medio</Option>
      <Option>Alto</Option>
      <Option>Ultra</Option>
      <Option>Personalizzato</Option>
    </Dropdown>
    <Dropdown id="VoiceChatMode">
      <Option>Auto</Option>
      <Option>Area</Option>
      <Option>Squadra</Option>
      <Option>No</Option>
    </Dropdown>
    <Dropdown id="ShowActiveEffectsOnHUD">
      <Option>Disattivato</Option>
      <Option>Effetti negativi</Option>
      <Option>Tutto</Option>
    </Dropdown>
    <Dropdown id="CorpseHighlighting">
      <Option>Disattivato</Option>
      <Option>Rimuovi dopo ispezione</Option>
      <Option>Rimuovi dopo raccolta</Option>
    </Dropdown>
    <Dropdown id="TextureQuality">
      <Option>Basso</Option>
      <Option>Medio</Option>
      <Option>Alto</Option>
      <Option>Ultra</Option>
      <Option>Personalizzato</Option>
    </Dropdown>
    <Dropdown id="WaterShadowFilter">
      <Option>1 (Basso)</Option>
      <Option>2 (Medio)</Option>
      <Option>3 (Alto)</Option>
    </Dropdown>
    <Dropdown id="VolumetricLightingQuality">
      <Option>0 (Basso)</Option>
      <Option>1 (Medio)</Option>
      <Option>2 (Alto)</Option>
    </Dropdown>
  </Dropdowns>
  <Messageboxes>
    <!--
        Message boxes
        ******************************************************************************************************************************************************
        The {0} is a placeholder, btw.
    -->
    <Messagebox title="Impossibile analizzare i file *.ini personalizzati" id="customIniFilesParsingError">Almeno uno dei file *.ini personalizzati è danneggiato o contiene un errore di sintassi.
Vai alla scheda "Modifiche personalizzate" e controlla eventuali errori. Vedi l'articolo wiki per assistenza.</Messagebox>
    <Messagebox title="Ridimensionamento finestre attivato" id="dpiScalingWarning">Sembra che tu abbia abilitato il ridimensionamento delle finestre del {0}% di questo programma.
Da notare che ciò potrebbe interrompere l'interfaccia utente e/o causare comportamenti strani.
In caso di problemi, vedere la sezione Domande frequenti/Risoluzione dei problemi per ulteriori informazioni.</Messagebox>
    <Messagebox title="Modifiche applicate" id="changesApplied">Le modifiche sono state applicate. Puoi iniziare a giocare.</Messagebox>
    <Messagebox title="Fatto" id="downloadLanguagesFinished">File di lingua scaricati: {0}</Messagebox>
    <Messagebox title="File modificati" id="iniFilesModified">* I file .ini sono stati modificati al di fuori dello strumento durante l'esecuzione.
NOTA: Eventuali modifiche verranno sovrascritte se cliccate su "Applica" o se le mod sono gestite.
Riavviare lo strumento per applicare con i nuovi valori.</Messagebox>
    <Messagebox title="Provider file cloud non in esecuzione" id="cloudFileProviderNotRunning">{0}
Assicurati che OneDrive sia in esecuzione e riprova.
Lo strumento verrà ora terminato.</Messagebox>
    <Messagebox title="Impossibile caricare il file *.ini" id="iniFailedToLoad">{0}
Lo strumento verrà ora terminato.</Messagebox>
    <Messagebox title="Preset grafico cambiato" id="iniGraphicsPresetChanged">Grafica impostata su {0}.</Messagebox>
    <Messagebox title="Le traduzioni sono state aggiornate!" id="translationsUpdateAvailable">Vai alla pagina delle impostazioni per scaricarle.</Messagebox>
    <Messagebox title="Impossibile caricare il profilo di NexusMods" id="loadingNexusModsProfileXMLFailed">Impossibile leggere account.xml, verrai disconnesso.
Puoi accedere nuovamente al tuo account nella scheda NexusMods.

Error message: {0}</Messagebox>
    <Messagebox title="Impossibile caricare le informazioni sulle mod di NexusMods" id="loadingRemoteModsXMLFailed">Impossibile leggere mods.xml... dovrai aggiornare nuovamente le informazioni sulla mod nel Mod Manager.

Error message: {0}</Messagebox>
    <Messagebox title="Errore: Impossibile caricare i profili" id="loadingProfilesXMLFailed">Impossibile leggere profiles.xml...

Vuoi reimpostare i tuoi profili? (Questo comporterà la perdita dei dati!)
("No" chiuderà l'app senza modifiche)

Error message: {0}</Messagebox>
    <Messagebox title="Accesso negato" id="setInisReadOnlyFailed">Impossibile impostare i file *.ini in sola lettura. Prova ad avviare lo strumento con i diritti di amministratore.
{0}</Messagebox>
    <Messagebox title="Percorso di gioco non valido" id="modsGamePathInvalid">Il percorso che hai selezionato non sembra essere quello in cui è installato Fallout 76.
Assicurati di selezionare la cartella in cui risiede l'*.exe, non la cartella DATA.</Messagebox>
    <Messagebox title="Impossibile eliminare l'ultimo profilo di gioco" id="errorAtLeastOneGameOrProfile">È richiesto almeno un profilo di gioco.</Messagebox>
    <Messagebox title="Rilevamento automatico non riuscito" id="gamePathAutoDetectFailed">Impossibile trovare un percorso di gioco comune. Si prega di selezionare il percorso manualmente.</Messagebox>
    <Messagebox title="Trovato un percorso" id="gamePathAutoDetectPathFound">Vuoi utilizzare questo percorso?
Trovato: {0}

Fare clic su "Sì" per utilizzare questo percorso, su "No" per continuare la ricerca e su "Annulla" per interrompere la ricerca.</Messagebox>
    <Messagebox title="Cancella {0}?" id="galleryDeleteScreenshot">Stai per cancellare '{0}'. Sei sicuro?</Messagebox>
    <Messagebox title="Cancella {0} file?" id="galleryDeleteScreenshots">Stai per cancellare {0} file. Sei sicuro?</Messagebox>
    <Messagebox title="Sei sicuro?" id="galleryDeleteThumbnails">Sei sicuro di voler eliminare le miniature della galleria?
La prossima volta che fai clic su "Aggiorna galleria", ci vorrà molto più tempo per ricreare tutte le miniature.</Messagebox>
    <Messagebox title="Modalità Nuclear Winter disattivata" id="nwModeDisabled">Ora puoi avviare la modalità Avventura.</Messagebox>
    <Messagebox title="NModalità Nuclear Winter attivata" id="nwModeEnabled">Ora puoi avviare la modalità Nuclear Winter.</Messagebox>
    <Messagebox title="Fatto" id="modsDisabledDone">Le mod sono state disattivate e rimosse dal gioco.</Messagebox>
    <Messagebox title="Fatto" id="modsDeployedDone">Le mod sono state attivate.</Messagebox>
    <Messagebox title="Qualcosa è andato storto" id="modsDeploymentFailed">Le mod potrebbero non essere implementate.
Guarda il file log per i dettagli.</Messagebox>
    <Messagebox title="Manca Archive2" id="modsArchive2Missing">.\Archive2\Archive2.exe è assente.
Prova a reinstallare questo strumento o installa Archive2 manualmente.</Messagebox>
    <Messagebox title="Percorso di gioco non specificato o non valido" id="modsGamePathNotSet">Assicurati di aver impostato il percorso corretto per il gioco.
Puoi farlo nelle impostazioni.</Messagebox>
    <Messagebox title="Manca 7-Zip" id="7ZipMissing">.\7z\7z.exe è assente.
Prova a reinstallare questo strumento o copia 7-Zip manualmente.</Messagebox>
    <Messagebox title="Yee!" id="modsNoConflictingFiles">Nessun file in conflitto trovato.</Messagebox>
    <Messagebox title="Importare mod installate manualmente?" id="modsImportQuestion">Sei sicuro di voler aggiungere le mod installate al di fuori del mod manager?</Messagebox>
    <Messagebox title="Desideri riconfezionare gli archivi in bundle?" id="modsRepackFrozenBundledArchives">Sono disponibili archivi in bundle bloccati. Desideri riconfezionare nuovamente gli archivi in pacchetti?

   Sì - ho apportato modifiche al mio elenco di mod e vorrei riconfezionare nuovamente i miei archivi in pacchetti. (lento)

   No - Non ho apportato modifiche, implementa i miei archivi in pacchetti bloccati. (rapido)</Messagebox>
    <Messagebox title="Archive2 non è riuscito a comprimere/estrarre un archivio" id="archive2Error">Archive2 non è riuscito per un motivo sconosciuto.
Guarda i file log per i dettagli.</Messagebox>
    <Messagebox title="Archive2 non è riuscito a comprimere/estrarre un archivio" id="archive2InstallRequirements">Assicurati di aver installato 'Visual C++ Redistributable for Visual Studio 2012 Update 4'.
Puoi trovare un link nella pagina NexusMods.</Messagebox>
    <Messagebox title="Formato file non supportato" id="modsArchiveTypeNotSupported">{0} file non sono supportati.
Decomprimi l'archivio e aggiungi la mod come cartella.</Messagebox>
    <Messagebox title="Trovata versione legacy" id="modsLegacyFormatDetected">Sembra che tu abbia già gestito le mod, ma con una versione precedente alla v1.9.0.
Il modo in cui le mod vengono gestite e archiviate è cambiato in modo significativo.
Di conseguenza, devono essere convertite nel nuovo formato.

NOTA: Questo sbloccherà gli archivi. Dopo che tutte le mod sono state convertite, potrebbero occupare più spazio, a seconda di quante mod sono state bloccate. Il downgrade sarà ancora possibile, ma alcune mod potrebbero caricarsi in modo errato.

Vorresti convertirli ora? Non ci vorrà molto.</Messagebox>
    <Messagebox title="Voce manifest.xml non valida" id="modsInvalidManifestEntry">Una voce della mod non è valida ed è stata ignorata.
Errore: {0}</Messagebox>
    <Messagebox title="Informazioni sulla mod aggiornate" id="nexusModsRemoteInfoRefreshedSuccess">Informazioni sulla mod aggiornate e miniature scaricate.</Messagebox>
    <Messagebox title="Endorsare tutte le mod?" id="nexusModsEndorseAllQuestion">Questo endorserà tutte le tue mod installate. Sei sicuro?</Messagebox>
    <Messagebox title="Accesso non effettuato" id="nexusModsNotLoggedIn">Accedi prima a NexusMods e riprova</Messagebox>
    <Messagebox title="Cancella {0}?" id="deleteQuestion">Stai per eliminare '{0}'. Sei sicuro?</Messagebox>
    <Messagebox title="Cancella {0} file?" id="deleteMultipleQuestion">Stai per eliminare {0} file. Sei sicuro?</Messagebox>
    <Messagebox title="Fallito" id="failed">{0}</Messagebox>
    <Messagebox title="Fatto" id="done">{0}</Messagebox>
    <Messagebox title="Sei sicuro?" id="areYouSure">{0}</Messagebox>
  </Messageboxes>
  <TweakDescriptions>
    <!--
        Descriptions
        ******************************************************************************************************************************************************
        These are the descriptions of almost all tweaks.
        They appear in tool tips, when the user hovers over a tweak with the mouse cursor.
    -->
    <Description id="Fo76ini.Tweaks.General.EnableSteamTweak">Attiva/disattiva l'integrazione di Steam. Disattivalo per utilizzare il tuo account Bethesda.net.</Description>
    <Description id="Fo76ini.Tweaks.General.AutoSigninTweak">Attivando questo, salterai la richiesta di accesso se fornisci le tue credenziali di accesso.</Description>
    <Description id="Fo76ini.Tweaks.General.IntroVideoTweak">Quando questa opzione è attiva, il gioco si avvierà senza visualizzare il video del logo Bethesda.</Description>
    <Description id="Fo76ini.Tweaks.General.SkipStartupSplash">Se attivo, il gioco non ti disturberà con le notizie all'avvio.</Description>
    <Description id="Fo76ini.Tweaks.General.FasterFadeInTweak">Dopo essere stato caricato in un mondo o aver viaggiato velocemente, il gioco riproduce un'animazione / sfuma dal nero
che ti impedisce anche di muoverti per un po'. Questa impostazione velocizza detta animazione.
Il credito va a u/LinuxVersion da reddit.

⚠️ Se i valori sono impostati su un valore troppo basso o 0, il gioco rimarrà bloccato in una schermata nera dopo il caricamento.
(Valori utilizzati dall'impostazione: fFadeToBlackFadeSeconds=0.2000 e fMinSecondsForLoadFadeIn=0.3000)</Description>
    <Description id="Fo76ini.Tweaks.Interface.AutoTrackQuestWhenStartedTweak+Main">Se attivato, tiene traccia automaticamente delle missioni "Principali" appena aggiunte.</Description>
    <Description id="Fo76ini.Tweaks.Interface.AutoTrackQuestWhenStartedTweak+Side">Se attivato, tiene traccia automaticamente delle missioni "Secondarie" appena aggiunte.</Description>
    <Description id="Fo76ini.Tweaks.Interface.AutoTrackQuestWhenStartedTweak+Misc">Se attivato, tiene traccia automaticamente delle missioni "Varie" appena aggiunte.</Description>
    <Description id="Fo76ini.Tweaks.Interface.AutoTrackQuestWhenStartedTweak+Event">Se attivato, tiene traccia automaticamente delle missioni "Evento" appena aggiunte.</Description>
    <Description id="Fo76ini.Tweaks.Interface.AutoTrackQuestWhenStartedTweak+Other">Se attivato, tiene traccia automaticamente delle missioni "Giornaliere" appena aggiunte.</Description>
    <Description id="Fo76ini.Tweaks.Video.DisplaySizeTweak">Risoluzione schermo</Description>
    <Description id="Fo76ini.Tweaks.Video.DisplayModeTweak">Cambia il formato dello schermo.

• Schermo intero: Modalità a schermo intero reale (prestazioni migliori)
• Finestra: Avvia il gioco in una finestra con bordo (ovvero decorazione della finestra).
• Finestra senza bordi: Ti consente di premere Alt+Tab in modo indolore, ma assicurati che la risoluzione corrisponda a quella del tuo display. (predefinito)
• Finestra senza bordi (schermo intero): Come "Finestra senza bordi", ma la finestra verrà ingrandita per adattarsi allo schermo.
  Questa apparirà pixelata, se la risoluzione è inferiore al tuo display, poiché utilizza Nearest Neighbor per ridimensionarla.</Description>
    <Description id="Fo76ini.Tweaks.Video.PresentIntervalTweak">La disattivazione di questo sbloccherà il frame rate.

• Attiva questo se si verifica uno screen tearing.
• Disattiva questo se si verifica un input lag.

⚠️ Attivare questo potrebbe NON bastare per sbarazzarsi dello screen tearing.
⚠️ Se lo disattivi, ti consigliamo di limitare il gioco a 60 FPS manualmente. (ad es. utilizzando il pannello di controllo di NVIDIA)

ℹ️ Il frame rate illimitato non dovrebbe far andare in tilt la fisica come nei vecchi titoli,
poiché questo è stato risolto da Bethesda parecchio tempo fa (nel 2018).
Si consiglia comunque di limitarlo a 60.</Description>
    <Description id="Fo76ini.Tweaks.Video.TopMostWindowTweak">Attivando questo, manterrai la finestra del gioco in primo piano.
⚠️ Ciò ti impedirà di eseguire Alt+Tab su monitor singoli.</Description>
    <Description id="Fo76ini.Tweaks.Interface.FixHUD4to3RatioTweak">Ripara nascosto / bloccato
  • Schermo Quick-Boy,
  • Schermo scassinare, e
  • Interfaccia Armatura Atomica
per schermi 5:4 e 4:3.

⚠️ Per lo più non testato.</Description>
    <Description id="Fo76ini.Tweaks.Graphics.AntiAliasingTweak">Bordi sfumati (pixelati) degli oggetti.
Disattiva per migliorare le prestazioni a scapito di una qualità visiva ridotta.

ℹ️ "FXAA" non funziona.
Impostare il valore su "FXAA" disattiva semplicemente l'anti aliasing.</Description>
    <Description id="Fo76ini.Tweaks.Graphics.AnisotropicFilteringTweak">Riduce l'aliasing delle textures se viste da angoli obliqui.</Description>
    <Description id="Fo76ini.Tweaks.Graphics.TextureQualityPresetTweak">Cambia principalmente la risoluzione delle textures (= come appaiono le trame sfocate/nitide)</Description>
    <Description id="Fo76ini.Tweaks.Graphics.ShadowQualityPresetTweak">L'impostazione della qualità delle ombre nel gioco.</Description>
    <Description id="Fo76ini.Tweaks.Graphics.DepthOfFieldEnabledTweak">Disattivare questo disattiverà tutti gli effetti della profondità di campo.</Description>
    <Description id="Fo76ini.Tweaks.Graphics.DepthOfFieldStrengthTweak">Intensità dell'effetto della profondità di campo.</Description>
    <Description id="Fo76ini.Tweaks.Graphics.MotionBlurTweakRev1">Non sembra fare niente.</Description>
    <Description id="Fo76ini.Tweaks.Graphics.RadialBlurTweakRev1">Sfoca lo schermo quando il giocatore viene ferito (ad es. colpito da proiettili o esplosioni) o sott'acqua.</Description>
    <Description id="Fo76ini.Tweaks.Graphics.AmbientOcclusionTweak">Attiva/disattiva le ombre negli angoli o dove gli oggetti toccano il suolo.</Description>
    <Description id="Fo76ini.Tweaks.Graphics.ScreenSpaceReflectionsTweakRev1">Attiva riflessi su superfici lucide come acqua, pozzanghere e metalli.
⚠️ Se disabilitato, può causare acqua nera come la pece, bianco latte o invisibile.
     Se riscontri questo problema, prova ad abilitare la correzione nella sezione Acqua.</Description>
    <Description id="Fo76ini.Tweaks.Graphics.WaterDisplacementsTweak">Attiva/disattiva lo spostamento dell'acqua (increspature, onde).</Description>
    <Description id="Fo76ini.Tweaks.Graphics.WaterRefractionsTweak">Non sono sicuro se fa qualcosa.</Description>
    <Description id="Fo76ini.Tweaks.Graphics.WaterReflectionsTweak">Non funziona come ti aspetteresti. Disabilita invece SSR.
⚠️ Potrebbe rendere invisibile l'acqua (a distanza).</Description>
    <Description id="Fo76ini.Tweaks.Graphics.WaterHiResTweak">Potrebbe risolvere il problema dell'acqua nera se attivato.</Description>
    <Description id="Fo76ini.Tweaks.Graphics.WaterFixSSRGlitchTweak">A volte, disattivando i riflessi sulle superfici si ottiene acqua nera come la pece, bianco latte o addirittura invisibile.
Questa opzione prova di risolverlo.</Description>
    <Description id="Fo76ini.Tweaks.Graphics.VolumetricLightingTweak">Chiamato anche raggi divini / fasci di luce</Description>
    <Description id="Fo76ini.Tweaks.Graphics.VolumetricLightingQualityTweak">Cambia la qualità/chiarezza dei raggi divini / fasci di luce.
Impostazione consigliata: 2 (High)</Description>
    <Description id="Fo76ini.Tweaks.Graphics.DisableAllGoreTweakRev1">Niente più effetti di particelle di sangue quando si spara ai nemici</Description>
    <Description id="Fo76ini.Tweaks.Graphics.Effects.BloodSplatterEnabledTweak">Abilita schizzi di sangue sull'interfaccia.</Description>
    <Description id="Fo76ini.Tweaks.Graphics.ShadowMapResolutionTweak">Risoluzione delle ombre. Impostazioni più alte renderanno le ombre più dettagliate.</Description>
    <Description id="Fo76ini.Tweaks.Graphics.ShadowBlurrinessTweak">Sfoca le ombre. Particolarmente utile, se si imposta una risoluzione dell'ombra inferiore.

3x consigliato per una bassa risoluzione della texture map
2x consigliato per un'elevata risoluzione della texture map</Description>
    <Description id="Fo76ini.Tweaks.Graphics.ShadowDistanceTweak">Imposta la distanza di rendering delle ombre.
  ⇨ Ultra è 150000
  ⇨ Alto è 120000
  ⇨ Medio è 90000
  ⇨ Basso è 60000

ℹ️ 0 rompe le ombre. Non consigliato.</Description>
    <Description id="Fo76ini.Tweaks.Graphics.TAAPostOverlayTweakRev1">Opacità dell'overlay della nitidezza post-TAA. Aumentando questo valore si aumenta la visibilità dell'immagine nitida sopra quella sfocata.
ℹ️ Un aumento eccessivo di questo valore provoca uno sfarfallio sullo schermo.
Predefinito: 0.21</Description>
    <Description id="Fo76ini.Tweaks.Graphics.TAAPostSharpenTweakRev1">Somma finitura post-TAA.
ℹ️ Un aumento eccessivo di questo valore provoca uno sfarfallio sullo schermo.
Predefinito: 0.21
Consigliato: 0.4</Description>
    <Description id="Fo76ini.Tweaks.Graphics.GrassFadeDistanceTweak">Imposta la distanza in cui l'erba inizierà a sbiadire.
  ⇨ Ultra è 7000
  ⇨ Alto è 5500
  ⇨ Medio è 4500</Description>
    <Description id="Fo76ini.Tweaks.Audio.EnableAudioTweak">Se disattivato, il gioco sarà completamente silenzioso.</Description>
    <Description id="Fo76ini.Tweaks.Audio.PlayMainMenuMusicTweak">Se deselezionato, il gioco non riprodurrà musica di sottofondo nel menu principale.</Description>
    <Description id="Fo76ini.Tweaks.Volume.AudioMenuValTweak+fVal0">Modifica il volume del 'Menu Musica'
ℹ️ Potrebbe non modificare correttamente il volume.</Description>
    <Description id="Fo76ini.Tweaks.Volume.AudioMenuValTweak+fVal1">Modifica il volume della "Radio del mondo"
ℹ️ IPotrebbe non modificare correttamente il volume.</Description>
    <Description id="Fo76ini.Tweaks.Volume.AudioMenuValTweak+fVal2">Modifica il volume della 'Voce'
ℹ️ Potrebbe non modificare correttamente il volume.</Description>
    <Description id="Fo76ini.Tweaks.Volume.AudioMenuValTweak+fVal3">Modifica il volume della "Musica"
ℹ️ IPotrebbe non modificare correttamente il volume.</Description>
    <Description id="Fo76ini.Tweaks.Volume.AudioMenuValTweak+fVal4">Modifica il volume degli 'Effetti'
ℹ️ Potrebbe non modificare correttamente il volume.</Description>
    <Description id="Fo76ini.Tweaks.Volume.AudioMenuValTweak+fVal5">Modifica il volume dei "Passi"
ℹ️ Potrebbe non modificare correttamente il volume.</Description>
    <Description id="Fo76ini.Tweaks.Volume.AudioMenuValTweak+fVal6">Modifica il volume della "Radio Pip-Boy"
ℹ️ Potrebbe non modificare correttamente il volume.</Description>
    <Description id="Fo76ini.Tweaks.Controls.FixMouseSensitivityTweak">Se attivata, la sensibilità per guardare in alto/in basso e sinistra/destra sarà uguale.
Se disattivato (impostazione predefinita), la sensibilità per guardare a sinistra/destra sarà probabilmente superiore a quella di su/giù.

• Attiva questo se stai usando il mouse &amp; Tastiera del computer.
• Disattivalo se stai usando un Gamepad.

⚠️ Se attivato, la sensibilità del mouse potrebbe aumentare. Riduci la velocità del cursore o il DPI del mouse.

ℹ️ La sensibilità verticale dipende dalle proporzioni del display:
      ⇨ Per 4:3, il valore di Y è 0.028
      ⇨ Per 16:9, il valore di Y è 0.03738
      ⇨ Per 16:10, il valore di Y è 0.0336
      ⇨ Per 21:9, il valore di Y è 0.042
      ⇨ Per tutte le altre proporzioni, il valore di Y è uguale a 0.021 volte le proporzioni. (YScale = 0.021 * Larghezza / Altezza)</Description>
    <Description id="Fo76ini.Tweaks.Controls.FixAimSensitivityTweak">Se attivata, la sensibilità non cambierà durante la mira. 
Se disattivato (impostazione predefinita), la sensibilità verrà ridotta quando si mira verso il basso.

⚠️ Questo potrebbe funzionare solo su monitor 16:9.
⚠️ Questo potrebbe non funzionare nel gioco mentre sei accovacciato.</Description>
    <Description id="Fo76ini.Tweaks.Controls.GamepadEnableTweak">Disattivalo se hai un gamepad collegato, ma desideri invece utilizzare la tastiera e il mouse.</Description>
    <Description id="Fo76ini.Tweaks.Camera.ApplyCameraNodeAnimationsTweak">Quando disattivato, imposta la posizione della telecamera nella testa del personaggio.
Dovrai rimpicciolire dalla terza persona.
Se attivato, imposta la posizione della telecamera dietro la spalla destra.

⚠️ Potrebbe causare problemi se disattivato.</Description>
    <Description id="Fo76ini.Tweaks.Camera.SelfieModeRangeTweak">A quale distanza il gioco ti impedirà di allontanarti dal tuo personaggio in modalità foto.
Predefinito: 500</Description>
    <Description id="Fo76ini.Tweaks.Camera.SelfieCameraTranslationSpeedTweak">Quanto velocemente si muove la fotocamera in modalità foto.
Predefinito: 2.5</Description>
    <Description id="Fo76ini.Tweaks.Camera.SelfieCameraRotationSpeedTweak">Quanto velocemente ruota la fotocamera in modalità foto.
Predefinito: 1.5</Description>
    <Description id="Fo76ini.Tweaks.Camera.DisableAutoVanityModeTweak">Se attivata, la telecamera girerà attorno al personaggio dopo che non è stato dato alcun input per un certo periodo di tempo.
⚠️ Non sono sicuro se fa qualcosa. Sono rimasto fermo per 5 minuti e la fotocamera non ha girato. Bisogna fare più test.</Description>
    <Description id="Fo76ini.Tweaks.Camera.FOV3rdADSTweak">Modifica il campo visivo della prospettiva in terza persona durante la mira.
Predefinito: 50</Description>
    <Description id="Fo76ini.Tweaks.Camera.FieldOfViewTweak">Modifica il campo visivo della prospettiva in prima e in terza persona.
Questo è lo stesso valore dell'impostazione FOV di gioco.
Predefinito: 80</Description>
    <Description id="Fo76ini.Tweaks.Camera.VanityModeMinDistTweak">Di quanto puoi ingrandire la vista in terza persona
Predefinito: 0</Description>
    <Description id="Fo76ini.Tweaks.Camera.VanityModeMaxDistTweak">Di quanto puoi ridurre la vista in terza persona
Predefinito: 150</Description>
    <Description id="Fo76ini.Tweaks.Camera.PitchZoomOutMaxDistTweak">Di quanto la telecamera viene rimpicciolita quando guardi il suolo in terza persona.
Predefinito: 100</Description>
    <Description id="Fo76ini.Tweaks.Colors.PipboyColorTweak">Cambia il colore del Pipboy</Description>
    <Description id="Fo76ini.Tweaks.Colors.QuickboyColorTweak">Cambia il colore del Quickboy</Description>
    <Description id="Fo76ini.Tweaks.Colors.PowerArmorPipboyColorTweak">Cambia il colore dell'armatura atomica Quickboy</Description>
    <Description id="Fo76ini.Tweaks.General.ScreenshotIndexTweak">Quando acquisisci screenshot nel gioco con il pulsante di stampa dello schermo, 
li salva nella directory di gioco come "ScreenShotX.png".
La "X" è l'indice dello screenshot.</Description>
    <Description id="Fo76ini.Tweaks.Inis.INIReadOnlyTweak">Questa opzione renderà immediatamente di sola lettura tutti i file *.ini.
Attiva questa opzione se le tue impostazioni vengono ripristinate.</Description>
    <Description id="Fo76ini.Tweaks.Config.AutoApplyTweak">Non c'è più bisogno di premere applica.</Description>
    <Description id="Fo76ini.Tweaks.Config.IgnoreUpdatesTweak">Non controlla gli aggiornamenti all'avvio e nasconde il grande pulsante di aggiornamento.</Description>
    <Description id="Fo76ini.Tweaks.Config.PlayNotificationSoundsTweak">Se attivato, lo strumento riprodurrà suoni di notifica personalizzati.</Description>
    <Description id="Fo76ini.Tweaks.Config.ToolQuitOnLaunchTweak">Se attivato, chiude lo strumento all'avvio del gioco.
Funziona solo se avviato tramite lo strumento.</Description>
    <Description id="Fo76ini.Tweaks.NuclearWinterMode.RenameDLLsTweak">Se selezionato, tutti i file *.dll che non appartengono al gioco verranno rinominati.</Description>
    <Description id="Fo76ini.Tweaks.NuclearWinterMode.DeployModsOnNWModeTweak">Se selezionato, le mod verranno implementate quando la modalità Nuclear Winter è disattivata.</Description>
    <Description id="Fo76ini.Tweaks.NuclearWinterMode.RemoveModsOnNWModeTweak">Se selezionato, le mod verranno rimosse quando la modalità Nuclear Winter è attiva.</Description>
    <Description id="Fo76ini.Tweaks.Config.ArchiveTwoPathTweak">Lo strumento utilizza Archive2.exe per estrarre e comprimere i file *.ba2. 
È possibile impostare il percorso in cui lo strumento cerca Archive2.exe.</Description>
    <Description id="Fo76ini.Tweaks.Config.SevenZipPathTweak">Lo strumento utilizza 7z.exe per estrarre vari archivi (zip, rar, 7z). 
È possibile impostare il percorso in cui lo strumento cerca 7z.exe.</Description>
    <Description id="Fo76ini.Tweaks.Config.DownloadPathTweak">Quando scarichi le mod usando il pulsante "Vortex" / "Download Mod Manager" su NexusMods,
lo strumento scaricherà il file in questa cartella.</Description>
  </TweakDescriptions>
  <FormMods title="Mod Manager">
    <!--
        FormMods
        ******************************************************************************************************************************************************
        Mod Manager
    -->
    <StatusStrip id="statusStrip1">
      <ToolStripStatusLabel text="Mod totali:" id="toolStripStatusLabelDescModCount" />
      <ToolStripStatusLabel text="0" id="toolStripStatusLabelModCount" />
      <ToolStripStatusLabel text="Attive:" id="toolStripStatusLabelDescEnabledCount" />
      <ToolStripStatusLabel text="0" id="toolStripStatusLabelEnabledCount" />
      <ToolStripStatusLabel text=" " id="toolStripStatusLabelSpacer" />
      <ToolStripStatusLabel text="Implementazione necessaria" id="toolStripStatusLabelDeploymentStatus" />
    </StatusStrip>
    <Panel id="panel1">
      <Button text="Implementa" id="buttonModsDeploy" />
      <CheckBox text="Disattiva mod" id="checkBoxDisableMods" />
    </Panel>
    <StyledTabControl id="tabControl1">
      <TabPage text="Ordine mod" id="tabPageModOrder">
        <!-- ********** Tab "Mod order" ********** -->
        <Panel id="panelModDetails">
          <Panel id="panelModDetailsHeader">
            <Button id="buttonModAbstain">
              <Tooltip>Ignora dall'endorsare questa mod.</Tooltip>
            </Button>
            <Button id="buttonModEndorse">
              <Tooltip>Endorsa questa mod.</Tooltip>
            </Button>
            <CheckBox text="Attiva questa mod" id="checkBoxModDetailsEnabled" />
          </Panel>
          <Panel id="panelModDetailsInner">
            <StyledGroupBox text="Note" id="groupBoxNotes">
              <!-- Group "Notes" -->
            </StyledGroupBox>
            <StyledGroupBox text="Aggiungi / sostituisci i file mod" id="groupBoxModReplace">
              <!-- Group "Add / replace mod files" -->
              <Label text="Trascina file/cartelle nella casella di sinistra per aggiungere/sostituire file." id="labelModDetailsReplace" />
              <LinkLabel text="Elimina il contenuto della cartella" id="linkLabelModDeleteFolderContents" />
              <LinkLabel text="Importa cartella" id="linkLabelModReplaceFilesWithFolder" />
              <LinkLabel text="Importa archivio" id="linkLabelModReplaceFilesWithArchive" />
            </StyledGroupBox>
            <StyledGroupBox text="Opzioni installazione" id="groupBoxModDetailsInstallationOptions">
              <!-- Group "Installation options" -->
              <LinkLabel text="Archivio bloccato non valido" id="linkLabelModInvalidateFrozenArchive" />
              <LinkLabel text="Tentativo di rilevamento automatico delle opzioni di installazione" id="linkLabelModAutoDetectInstallOptions" />
              <Button text="..." id="buttonModPickRootDir" />
              <Label text="Installa come:" id="labelModInstallAs" />
              <Label text="Preset:" id="labelModArchivePreset" />
              <CheckBox text="Blocca" id="checkBoxFreezeArchive">
                <Tooltip>Se "blocchi" un archivio, non viene ricreato durante l'implementazione. 
Ciò accelererà l'implementazione.

Ciò è particolarmente utile se l'archivio è ENORME (1GiB o più) e i file non cambiano.</Tooltip>
              </CheckBox>
              <Label text="Installa in:" id="labelModInstallInto" />
              <Button text="Suggerito" id="buttonModDetailsSuggestArchiveName" />
              <Label text="Nome archivio:" id="labelModArchiveName" />
            </StyledGroupBox>
            <StyledGroupBox text="Dettagli" id="groupBoxModDetailsDetails">
              <!-- Group "Details" -->
              <Button id="buttonModOpenFolder">
                <Tooltip>Apri la cartella in mod</Tooltip>
              </Button>
              <Label text="Nome cartella:" id="labelModFolderName" />
              <Button id="buttonModOpenPage">
                <Tooltip>Apri collegamento nel browser</Tooltip>
              </Button>
              <Panel id="panelModDetailsNexusMods">
                <LinkLabel text="Imposta l'ultima versione" id="linkLabelModSetLatestVersion" />
                <Label text="Ultima versione:" id="labelModLatestVersionDesc" />
                <Label text="Autore:" id="labelModAuthorDesc" />
              </Panel>
              <Label text="Versione installata:" id="labelModVersion" />
              <Label text="Nome mod:" id="labelModName" />
              <Label text="Pagina web (URL):" id="labelModURL" />
            </StyledGroupBox>
          </Panel>
        </Panel>
        <ToolStrip id="toolStrip1">
          <ToolStripButton text="Aggiungi mod (da archivio)" id="toolStripButtonAddMod" />
          <ToolStripButton text="Aggiungi mod (da cartella)" id="toolStripButtonAddModFolder" />
          <ToolStripButton text="Seleziona/deseleziona tutto" id="toolStripButtonCheckAll" />
          <ToolStripButton text="Muovi su" id="toolStripButtonMoveUp" />
          <ToolStripButton text="Muovi giù" id="toolStripButtonMoveDown" />
          <ToolStripButton text="Apri cartella mod" id="toolStripButtonModOpenFolder" />
          <ToolStripButton text="Blocca mod" id="toolStripButtonFreeze" />
          <ToolStripButton text="Sblocca mod" id="toolStripButtonModUnfreeze" />
          <ToolStripButton text="Cancella mod" id="toolStripButtonDeleteMod" />
        </ToolStrip>
        <ObjectListView id="objectListViewMods">
          <Column></Column>
          <Column>Nome mod &amp; info</Column>
          <Column>Stato</Column>
          <Column>Installazione</Column>
		  <Column></Column>
        </ObjectListView>
      </TabPage>
      <TabPage text="Lista risorse" id="tabPageResourceList">
        <!-- ********** Tab "Resource list" ********** -->
          <StyledGroupBox text="Elenco risorse (separato da una nuova riga)" id="groupBoxLists">
          <!-- Group "Resource list (newline separated)" -->
          <Button text="Ripristina" id="buttonModsResetTextbox" />
          <Button text="Applica cambiamenti" id="buttonModsApplyTextBox" />
          <Button text="Lista pulita" id="buttonModsCleanList" />
        </StyledGroupBox>
      </TabPage>
      <TabPage text="Impostazioni" id="tabPageModsSettings">
        <!-- ********** Tab "Settings" ********** -->
        <Panel id="panel2">
        <StyledGroupBox text="Funzionamento" id="groupBoxModsBehavior">
          <!-- Group "Behavior" -->
            <Panel id="panel3">
              <Label text="Quale elenco risorse vorresti fosse utilizzato?" id="labelResourceListUsed" />
              <RadioButton text="[Archive] sResourceIndexFileList (predefinito)" id="radioButtonUseIndexFileList" />
              <RadioButton text="[Archive] sResourceArchive2List" id="radioButtonUseArchive2List" />
            </Panel>			
          <Label text="Nota: Queste impostazioni hanno effetto solo dopo l'implementazione." id="labelBehaviorNote" />
          <Panel id="panelBundledLoadOrder">
            <Label text="Dove devo inserire gli archivi in bundle nell'ordine di caricamento?" id="labelBundledLoadOrder" />
            <RadioButton text="Metti prima i bundle raggruppati (impostazione predefinita)" id="radioButtonBundledFirstinLO">
              <Tooltip>I bundle raggruppati appariranno per primi nell'ordine di caricamento.</Tooltip>
            </RadioButton>
            <RadioButton text="Metti i bundle raggruppati per ultimi" id="radioButtonBundledLastinLO">
              <Tooltip>I bundle raggruppati appariranno per ultimi nell'ordine di caricamento.</Tooltip>
            </RadioButton>
          </Panel>
          <Panel id="panelDeployMethod">
            <Label text="Come devo copiare i file?" id="labelDeployMethod" />
            <RadioButton text="Crea collegamenti reali (consigliato)" id="radioButtonModsUseHardlinks">
              <Tooltip>Crea collegamenti reali invece di copiare i file. 
Riduce il tempo di implementazione e lo spazio su disco.

Questa è l'opzione consigliata.</Tooltip>
            </RadioButton>
            <RadioButton text="Crea collegamenti simbolici (sperimentale, necessita di diritti da amministratore)" id="radioButtonModsUseSymlinks">
              <Tooltip>Crea collegamenti simbolici (chiamati anche collegamenti software) invece di copiare i file.
Riduce il tempo di implementazione e lo spazio su disco.

Nota: È necessario eseguire lo strumento con diritti di amministratore per creare collegamenti simbolici! 
In caso contrario, lo strumento eseguirà il fallback alla copia dei file.

Caratteristica sperimentale: Dovrebbe funzionare, ma non è garantito.</Tooltip>
            </RadioButton>
            <RadioButton text="Copia file (più stabile)" id="radioButtonModsCopyFiles">
              <Tooltip>Copia i file e quindi utilizza più spazio su disco.

Non ha effetti collaterali. Utilizzare questa opzione se si verificano problemi.</Tooltip>
            </RadioButton>
          </Panel>
          <CheckBox text="Blocca gli archivi in bundle (sperimentale)" id="checkBoxFreezeBundledArchives">
            <Tooltip>Invece di ricostruire gli archivi in bundle, ne salverà una copia in bundle e ti chiederà se desideri aggiornarla durante l'implementazione.</Tooltip>
          </CheckBox>
          <CheckBox text="Sblocca i file *.ba2 per impostazione predefinita" id="checkBoxAddArchivesAsBundled" />
        </StyledGroupBox>
        <StyledGroupBox text="Liste" id="groupBoxLists">
          <!-- Group "Interface" -->
          <Label text="Layout lista mod:" id="labelModListStyle" />
          <RadioButton text="Compatto, ma più colonne (vecchio elenco)" id="radioButtonModsUseAlternativeList" />
          <RadioButton text="Standard, colonne combinate (nuovo elenco, predefinito)" id="radioButtonModsUseStandardList" />
          <CheckBox text="Mostra il titolo della mod dalla pagina NexusMods, se disponibile." id="checkBoxModsUseRemoteModNames">
            <Tooltip>Se selezionato: Mostra il titolo della mod così com'è su NexusMods. 
Se deselezionato: Mostra il titolo della mod come l'hai digitato nel pannello laterale. 
Questa è una preferenza puramente personale.</Tooltip>
          </CheckBox>
        </StyledGroupBox>
        </Panel>
      </TabPage>
    </StyledTabControl>
    <MenuStrip id="menuStrip1">
      <!-- Menu -->
      <ToolStripMenuItem text="File" id="fileToolStripMenuItem">
        <ToolStripMenuItem text="Aggiungi mod" id="addModarchiveToolStripMenuItem">
          <ToolStripMenuItem text="Mod vuota" id="emptyModToolStripMenuItem" />
          <ToolStripMenuItem text="Da archivio" id="fromArchiveToolStripMenuItem" />
          <ToolStripMenuItem text="Da archivio *.ba2 (bloccato)" id="fromba2ArchivefrozenToolStripMenuItem" />
          <ToolStripMenuItem text="Da cartella" id="fromFolderToolStripMenuItem" />
        </ToolStripMenuItem>
        <ToolStripMenuItem text="Importa mod installate" id="toolStripMenuItemModsImport" />
        <ToolStripMenuItem text="Salva cambiamenti" id="saveToolStripMenuItem" />
        <ToolStripMenuItem text="Implementa mod" id="deployToolStripMenuItem" />
      </ToolStripMenuItem>
      <ToolStripMenuItem text="Visualizzazione" id="editToolStripMenuItem">
        <ToolStripMenuItem text="Mostra conflitto file" id="showConflictingFilesToolStripMenuItem" />
        <ToolStripMenuItem text="Ricarica UI" id="reloadUIToolStripMenuItem" />
      </ToolStripMenuItem>
      <ToolStripMenuItem text="Strumenti" id="toolsToolStripMenuItem">
        <ToolStripMenuItem text="Archive2" id="archive2ToolStripMenuItem">
          <ToolStripMenuItem text="Apri Archive2" id="openArchive2ToolStripMenuItem" />
          <ToolStripMenuItem text="Esplora archivio *.ba2" id="exploreba2ArchiveToolStripMenuItem" />
          <ToolStripMenuItem text="Mostra informazioni sull'archivio *.ba2" id="detectFormatAndCompressionToolStripMenuItem" />
        </ToolStripMenuItem>
        <ToolStripMenuItem text="NexusMods API" id="nexusModsAPIToolStripMenuItem">
          <ToolStripMenuItem text="Aggiorna informazioni mod" id="updateModInformationToolStripMenuItem" />
          <ToolStripMenuItem text="Endorsa mod" id="endorseModsToolStripMenuItem" />
          <ToolStripMenuItem text="Controlla gli aggiornamenti" id="checkForUpdatesToolStripMenuItem" />
        </ToolStripMenuItem>
      </ToolStripMenuItem>
      <ToolStripMenuItem text="Aiuto" id="helpToolStripMenuItem">
        <ToolStripMenuItem text="Mostra guida" id="showGuideToolStripMenuItem" />
        <ToolStripMenuItem text="File log" id="logFilesToolStripMenuItem">
          <ToolStripMenuItem text="Mostra modmanager.log.txt" id="showModmanagerlogtxtToolStripMenuItem" />
          <ToolStripMenuItem text="Mostra archive2.log.txt" id="showArchive2logtxtToolStripMenuItem" />
        </ToolStripMenuItem>
      </ToolStripMenuItem>
    </MenuStrip>
  </FormMods>
  <FormWelcome title="Benvenuto">
    <!--
        FormWelcome
        ******************************************************************************************************************************************************
        Welcome
    -->
    <Label text="» Ora, so che sei un tipo impegnato, quindi non le prenderò molto tempo.\n   Devo solo verificare alcune informazioni, tutto qui! «\n       – Rapp. Vault-Tec, Ott. 2077" id="label4" />
    <Button text="OK" id="buttonOK" />
    <Panel id="panel1">
      <GroupBox text="Percorso di gioco" id="groupBoxGameLocation">
        <!-- Group "Game path" -->
        <Label text="Puoi saltare la posizione del gioco, se non vuoi installare le mod." id="label3" />
        <Label text="Se hai problemi a trovare la posizione del gioco:\n\nSteam:\n    • C:\\Program Files (x86)\\Steam\\steamapps\\common\\Fallout76\\\n    • ?:\\SteamLibrary\\steamapps\\common\\Fallout76\\\nXbox / Microsoft Store:\n    • C:\\Program Files﻿\\ModifiableWindowsApps\\Fallout76\\\n    • ?:\\XboxGames\\Fallout 76\\Content\\" id="label2" />
        <Button text="Tentativo di rilevamento automatico" id="buttonAutoDetect" />
        <Button text="..." id="buttonPickGamePath" />
      </GroupBox>
      <GroupBox text="Edizione gioco" id="groupBoxGameEdition">
        <!-- Group "Game edition" -->
        <RadioButton text="Steam (PTS)" id="radioButtonEditionSteamPTS" />
        <RadioButton text="Altro" id="radioButtonEditionUnknown" />
        <RadioButton text="Xbox" id="radioButtonEditionMSStore" />
        <RadioButton text="Steam" id="radioButtonEditionSteam" />
      </GroupBox>
    </Panel>
    <Label text="Ciao, sembra che tu abbia avviato lo strumento per la prima volta!\n" id="label1" />
    <Label text="Benvenuto!" id="labelTitle" />
  </FormWelcome>
  <Form1 title="Fallout 76 Quick Configuration">
    <!--
        Form1
        ******************************************************************************************************************************************************
        Fallout 76 Quick Configuration
    -->
    <ViewControl id="viewControl">
      <UserControlHome id="UserControlHome">
        <TabControlWithoutHeader id="tabControlWithoutHeader1">
          <TabPage text="Pagina Home" id="tabPageHome">
            <!-- ********** Tab "tabPageHome" ********** -->
            <Panel id="panelWebLinks">
              <StyledButton text="Map76" id="styledButtonMap76" />
              <StyledButton text="Pagina stato Bethesda.net" id="styledButtonBethesdaNetStatus" />
              <StyledButton text="Segnalazione errori" id="styledButtonBugReports" />
              <StyledButton text="Wiki &amp; guida" id="styledButtonWikiAndGuides" />
              <StyledButton text="GitHub" id="styledButtonGitHub" />
			  <StyledButton text="NukaCrypt" id="styledButtonNukacrypt" />														  
              <StyledButton text="NexusMods" id="styledButtonNexusMods" />
              <Label text="Link internet" id="labelWebLinks" />
			  <StyledButton text="N&amp;D Creazione build" id="styledButtonNukesAndDragonsBuildPlanner" />																						
			  <StyledButton text="xTranslator" id="styledButtonxTranslator" />															  
            </Panel>
            <Panel id="panelContent">
              <Label text="Stato server:" id="labelServerStatus" />
              <StyledButton text="Novità?" id="styledButtonWhatsNew" />
              <Label text="Versione:" id="labelVersion" />
              <Label text="Traduzione di:" id="labelTranslationBy" />
              <Label text="Autore:" id="labelAuthor" />
            </Panel>
            <Panel id="panelTitle">
              <Label text="Benvenuto in Quick Configuration" id="labelWelcome" />
              <Label text="Questo strumento ti consente di modificare varie impostazioni di gioco e installare mod." id="labelDescription" />
            </Panel>
            <Panel id="panelUpdate">
              <PictureBoxButton text="Aggiorna ora!" id="pictureBoxButtonUpdate" />
              <LinkLabel text="Oppure scarica e installa manualmente..." id="linkLabelManualDownloadPage" />
            </Panel>
          </TabPage>
          <TabPage text="Pagina novità" id="tabPageWhatsNew">
            <!-- ********** Tab "tabPageWhatsNew" ********** -->
            <StyledButton text="Torna indietro" id="styledButtonGoBack" />
          </TabPage>
        </TabControlWithoutHeader>
      </UserControlHome>
      <UserControlTweaks id="UserControlTweaks">
        <Label text="Suggerimento: Passa il mouse sopra un'opzione, se non sei sicuro di cosa fa." id="labelTweaksDesc" />
        <Label text="Modifiche" id="labelTweaksTitle" />
        <StyledTabControl id="tabControlTweaks">
          <TabPage text="Info" id="tabPageTweaksInfo">
            <!-- ********** Tab "Info" ********** -->
            <Label text="Il controllo del browser Web non funziona correttamente in Windows 7 (e probabilmente 8.1)\nClicca il pulsante qui sotto per leggere le informazioni." id="labelTweaksInfoWin7" />
            <Button text="Apri nel browser" id="buttonOpenTweaksInfoInBrowser" />
          </TabPage>
          <TabPage text="Generale" id="tabPageGeneral">
            <!-- ********** Tab "General" ********** -->
            <StyledGroupBox text="Gioco" id="groupBoxGameplay">
              <!-- Group "Gameplay" -->
              <CheckBox text="Zaino visibile" id="checkBoxBackpackVisible" />
              <Label text="Evidenzia cadaveri:" id="labelHighlightCorpses" />
            </StyledGroupBox>
            <StyledGroupBox text="Dialogo" id="groupBoxDialogue">
              <!-- Group "Dialogue" -->
              <Label text="Dimensioni cronologia conversazioni (numero di righe):" id="labelConversationHistorySize" />
              <CheckBox text="Mostra cronologia dialoghi" id="checkBoxDialogueHistory" />
              <CheckBox text="Mostra sottotitoli dialoghi" id="checkBoxDialogueSubtitles" />
              <CheckBox text="Mostra sottotitoli generali" id="checkBoxGeneralSubtitles" />
            </StyledGroupBox>
            <StyledGroupBox text="Interfaccia" id="groupBoxHUD">
              <!-- Group "HUD" -->
              <StyledGroupBox text="Indicatori di missione nell'interfaccia" id="groupBoxFloatingQuestMarkers">
                <!-- Group "Floating quest markers on HUD" -->
                <CheckBox text="Mostra indicatori di missione\n" id="checkBoxShowFloatingQuestMarkers" />
                <CheckBox text="Mostra il testo della missione" id="checkBoxShowFloatingQuestText" />
                <Label text="Segna distanza" id="labelFloatingQuestMarkersDistance" />
              </StyledGroupBox>
              <CheckBox text="Mostra i nomi degli altri giocatori" id="checkBoxShowOtherPlayersNames" />
              <CheckBox text="Attiva le notifiche dei team pubblici\n" id="checkBoxShowPublicTeamNotifications" />
              <CheckBox text="Attiva l'interfaccia dell'armatura atomica" id="checkBoxEnablePowerArmorHUD" />
              <CheckBox text="Mostra i numeri dei danni " id="checkBoxShowDamageNumbers" />
              <CheckBox text="Mostra mirino" id="checkBoxShowCrosshair" />
              <CheckBox text="Mostra bussola" id="checkBoxShowCompass" />
              <Label text="Mostra gli effetti attivi sull'interfaccia:" id="labelShowActiveEffectsOnHUD" />
              <Label text="Opacità interfaccia" id="labelHUDOpacity" />
            </StyledGroupBox>
            <StyledGroupBox text="caricamento" id="groupBoxLoading">
              <!-- Group "Loading" -->
              <CheckBox text="Accelera la dissolvenza in entrata dopo il caricamento" id="checkBoxFasterFadeIn" />
            </StyledGroupBox>
            <StyledGroupBox text="Missioni" id="groupBoxQuests">
              <!-- Group "Quests" -->
              <CheckBox text="Missioni giornaliere attive all'avvio" id="checkBoxEnableQuestAutoTrackDaily" />
              <CheckBox text="Missioni evento attive all'avvio" id="checkBoxEnableQuestAutoTrackEvent" />
              <CheckBox text="Missioni varie attive all'avvio" id="checkBoxEnableQuestAutoTrackMisc" />
              <CheckBox text="Missioni secondarie attive all'avvio" id="checkBoxEnableQuestAutoTrackSide" />
              <CheckBox text="Missioni principali attive all'avvio" id="checkBoxEnableQuestAutoTrackMain" />
            </StyledGroupBox>
            <StyledGroupBox text="Menu principale" id="groupBoxMainMenu">
              <!-- Group "Main Menu" -->
              <CheckBox text="Salta la schermata iniziale con le notizie all'avvio" id="checkBoxSkipSplash" />
              <CheckBox text="Salta i video introduttivi" id="checkBoxSkipIntroVideos" />
            </StyledGroupBox>
          </TabPage>
          <TabPage text="Video" id="tabPageVideo">
            <!-- ********** Tab "Video" ********** -->
            <StyledGroupBox text="Grafiche" id="groupBoxGraphics">
              <!-- Group "Graphics" -->
              <StyledGroupBox text="Profondità di campo" id="groupBoxDOF">
                <!-- Group "Depth of Field" -->
                <Label text="Intensità" id="labelDOFStrength" />
                <CheckBox text="Attiva profondità di campo" id="checkBoxDepthOfField" />
              </StyledGroupBox>
              <Button text="Seleziona qualità preset" id="buttonSelectOverallQualityPreset" />
              <Label text="Qualità complessiva:" id="labelOverallQualityPreset" />
              <StyledGroupBox text="Texture" id="groupBoxTextures">
                <!-- Group "Textures" -->
                <Label text="Qualità texture preset:" id="labelTextureQuality" />
              </StyledGroupBox>
              <StyledGroupBox text="Effetti" id="groupBoxGraphicEffects">
                <!-- Group "Effects" -->
                <CheckBox text="Schizzi di sangue" id="checkBoxBloodSplatter" />
                <CheckBox text="Disattiva sangue" id="checkBoxDisableGore" />
              </StyledGroupBox>
              <StyledGroupBox text="Finitura TAA" id="groupBoxTAASharpening">
                <!-- Group "TAA Sharpening" -->
                <Label text="Post finitura" id="labelTAAPostSharpen" />
                <Label text="Post sovrapposizione" id="labelTAAPostOverlay" />
              </StyledGroupBox>
              <Label text="Anti-Aliasing:" id="labelAntiAliasing" />
              <StyledGroupBox text="Erba" id="groupBoxGrass">
                <!-- Group "Grass" -->
                <Label text="Distanza dissolvenza" id="labelGrassFadeDistance" />
                <CheckBox text="Attiva erba" id="checkBoxGrass" />
              </StyledGroupBox>
              <StyledGroupBox text="LOD" id="groupBoxLOD">
                <!-- Group "LOD" -->
                <Label text="Distanza dissolvenza" id="labelLODFadeDistance" />
                <Label text="Figure" id="labelLODActors" />
                <Label text="Elementi" id="labelLODItems" />
                <Label text="Oggetti" id="labelLODObjects" />
              </StyledGroupBox>
              <CheckBox text="Sincronizzazione verticale (limite frame rate)" id="checkBoxVSync" />
              <StyledGroupBox text="Illuminazione" id="groupBoxLighting">
                <!-- Group "Lighting" -->
                <Label text="Qualità dell'illuminazione volumetrica:" id="labelGodrayQuality" />
                <CheckBox text="Attiva illuminazione volumetrica" id="checkBoxGodrays" />
              </StyledGroupBox>
              <Label text="Filtro anisotropo:" id="labelAnisotropicFiltering" />
              <StyledGroupBox text="Ombre" id="groupBoxShadows">
                <!-- Group "Shadows" -->
                <Label text="Qualità ombre preset:" id="labelShadowQuality" />
                <Label text="Sfocatura:" id="labelShadowBlurriness" />
                <Label text="Distanza dissolvenza" id="labelShadowDistance" />
                <Label text="Risoluzione mappa texture:" id="labelShadowTextureResolution" />
              </StyledGroupBox>
              <StyledGroupBox text="Acqua" id="groupBoxWater">
                <!-- Group "Water" -->
                <Label text="Filtro ombra:" id="labelWaterShadowFilter" />
                <CheckBox text="Correggi acqua nera/invisibile" id="checkBoxWaterFixSSRGlitch" />
                <CheckBox text="Usa l'alta risoluzione" id="checkBoxWaterHiRes" />
                <CheckBox text="Rifrazioni" id="checkBoxWaterRefractions" />
                <CheckBox text="Riflessi" id="checkBoxWaterReflections" />
                <CheckBox text="Dislocamento" id="checkBoxWaterDisplacement" />
              </StyledGroupBox>
              <StyledGroupBox text="Post-processing" id="groupBoxPostProcessing">
                <!-- Group "Post-processing" -->
                <CheckBox text="Riflessi(SSR)" id="checkBoxSSReflections" />
                <CheckBox text="Occlusione ambientale (SSAO)" id="checkBoxAmbientOcclusion" />
                <CheckBox text="Sfocatura movimento" id="checkBoxMotionBlur" />
                <CheckBox text="Sfocatura radiale" id="checkBoxRadialBlur" />
                <CheckBox text="Riflesso lente" id="checkBoxLensFlare" />
              </StyledGroupBox>
            </StyledGroupBox>
            <StyledGroupBox text="Schermo" id="groupBoxDisplay">
              <!-- Group "Display" -->
              <CheckBox text="Correggi problema dell'HUD per risoluzioni 5:4 e 4:3 (parziale)" id="checkBoxFixHUDFor5_4and4_3" />
              <Button text="Rileva risoluzione" id="buttonDetectResolution" />
              <Label text="Risoluzione personalizzata:" id="labelCustomResolution" />
              <Label text="Risoluzione:" id="labelResolution" />
              <CheckBox text="Finestra in primo piano" id="checkBoxTopMostWindow" />
              <Label text="Modalità schermo:" id="labelDisplayMode" />
              <Label text="X" id="labelCustomResolutionSpacer" />
            </StyledGroupBox>
          </TabPage>
          <TabPage text="Audio" id="tabPageAudio">
            <!-- ********** Tab "Audio" ********** -->
            <StyledGroupBox text="Audio" id="groupBoxAudio">
              <!-- Group "Audio" -->
              <CheckBox text="Attiva audio" id="checkBoxEnableAudio" />
              <CheckBox text="Riproduci musica nel menu principale" id="checkBoxMainMenuMusic" />
            </StyledGroupBox>
            <StyledGroupBox text="Voce" id="groupBoxVoice">
              <!-- Group "Voice" -->
              <Label text="Modalità voce chat:" id="labelVoiceChatMode" />
              <CheckBox text="Attiva Push-To-Talk" id="checkBoxPushToTalk" />
            </StyledGroupBox>
            <StyledGroupBox text="Volume" id="groupBoxAudioVolume">
              <!-- Group "Volume" -->
              <Label text="Volume generale" id="labelVolumeMaster" />
              <Label text="Volume chat" id="labelAudioChat" />
              <Label text="Musica menu" id="labelAudiofVal0" />
              <Label text="Radio Pip-Boy" id="labelAudiofVal6" />
              <Label text="Radio del mondo" id="labelAudiofVal1" />
              <Label text="Passi" id="labelAudiofVal5" />
              <Label text="Voce" id="labelAudiofVal2" />
              <Label text="Effetti" id="labelAudiofVal4" />
              <Label text="Musica" id="labelAudiofVal3" />
            </StyledGroupBox>
          </TabPage>
          <TabPage text="Controlli" id="tabPageControls">
            <!-- ********** Tab "Controls" ********** -->
            <StyledGroupBox text="Gamepad" id="groupBoxGamepad">
              <!-- Group "Gamepad" -->
              <CheckBox text="Mira assistita" id="checkBoxAimAssist" />
              <CheckBox text="Attiva vibrazione gamepad" id="checkBoxGamepadRumble" />
              <CheckBox text="Attiva gamepad" id="checkBoxGamepadEnabled" />
              <Label text="Sensibilità verticale" id="labelGamepadSensitivityY" />
              <Label text="Sensibilità orizzontale" id="labelGamepadSensitivityX" />
            </StyledGroupBox>
            <StyledGroupBox text="Mouse" id="groupBoxMouse">
              <!-- Group "Mouse" -->
              <CheckBox text="Inverti X" id="checkBoxMouseInvertX" />
              <CheckBox text="Inverti Y" id="checkBoxMouseInvertY" />
              <CheckBox text="Correggi la sensibilità della mira" id="checkBoxFixAimSensitivity" />
              <CheckBox text="Abbina la sensibilità orizzontale/verticale del mouse" id="checkBoxFixMouseSensitivity" />
              <Label text="Sensibilità verticale" id="labelMouseSensitivityY" />
              <Label text="Sensibilità orizzontale" id="labelMouseSensitivityX" />
            </StyledGroupBox>
          </TabPage>
          <TabPage text="Camera" id="tabPageCamera">
            <!-- ********** Tab "Camera" ********** -->
            <StyledGroupBox text="Posizione telecamera (sperimentale)" id="groupBoxCameraPosition">
              <!-- Group "Camera position (Experimental)" -->
              <StyledGroupBox text="Posizione telecamera di combattimento in mischia" id="groupBoxMeleeCombatCameraPosition">
                <!-- Group "Melee combat camera position" -->
                <Label text="Lontano/Vicino (fOverShoulderMeleeCombatAddY)" id="labelfOverShoulderMeleeCombatAddY" />
                <Label text="Sinistra/Destra (fOverShoulderMeleeCombatPosX)" id="labelfOverShoulderMeleeCombatPosX" />
                <Label text="Giù/Su (fOverShoulderMeleeCombatPosZ)" id="labelfOverShoulderMeleeCombatPosZ" />
              </StyledGroupBox>
              <StyledGroupBox text="Posizione telecamera di combattimento" id="groupBoxCombatCameraPosition">
                <!-- Group "Combat camera position" -->
                <Label text="Lontano/Vicino (fOverShoulderCombatAddY)" id="labelfOverShoulderCombatAddY" />
                <Label text="Sinistra/Destra (fOverShoulderCombatPosX)" id="labelfOverShoulderCombatPosX" />
                <Label text="Giù/Su (fOverShoulderCombatPosZ)" id="labelfOverShoulderCombatPosZ" />
              </StyledGroupBox>
              <Button text="Ripristina" id="buttonCameraPositionReset" />
              <CheckBox text="bApplyCameraNodeAnimations" id="checkBoxbApplyCameraNodeAnimations" />
              <StyledGroupBox text="Posizione telecamera disarmato" id="groupBoxUnarmedCameraPosition">
                <!-- Group "Unarmed camera position" -->
                <Label text="Sinistra/Destra (fOverShoulderPosX)" id="labelfOverShoulderPosX" />
                <Label text="Giù/Su (fOverShoulderPosZ)" id="labelfOverShoulderPosZ" />
              </StyledGroupBox>
            </StyledGroupBox>
            <StyledGroupBox text="Altre modifiche al campo visivo" id="groupBoxFOVMore">
              <!-- Group "More Field of View tweaks" -->
              <Label text="Mira FOV in 3a persona:" id="labelADSFOV" />
            </StyledGroupBox>
            <StyledGroupBox text="Opzioni modalità foto" id="groupBoxSelfieCamera">
              <!-- Group "Photomode options" -->
              <Label text="Velocità rotazione:" id="labelPhotomodeRotationSpeed" />
              <Label text="Limite portata:" id="labelPhotomodeRange" />
              <Label text="Velocità traduzione:" id="labelPhotomodeTranslationSpeed" />
            </StyledGroupBox>
            <StyledGroupBox text="Fotocamera inattiva (sperimentale)" id="groupBoxIdleCamera">
              <!-- Group "Idle camera (Experimental)" -->
              <CheckBox text="Forza modalità vanità automatica" id="checkBoxForceVanityMode" />
              <CheckBox text="Attiva rotazione telecamera quando inattiva" id="checkBoxVanityMode" />
            </StyledGroupBox>
            <StyledGroupBox text="Distanza fotocamera in 3a persona" id="groupBoxCameraDistance">
              <!-- Group "Camera distance in 3rd person" -->
              <Label text="Riduci distanza:" id="labelPitchZoomOutMaxDist" />
              <Label text="Massimo:" id="labelCameraDistanceMaximum" />
              <Label text="Minimo:" id="labelCameraDistanceMinimum" />
            </StyledGroupBox>
            <StyledGroupBox text="Campo visivo" id="groupBoxFieldOfView">
              <!-- Group "Field of View" -->
            </StyledGroupBox>
          </TabPage>
          <TabPage text="Bethesda.net" id="tabPageLogin">
            <!-- ********** Tab "Bethesda.net" ********** -->
            <StyledGroupBox text="Profili" id="groupBoxLoginProfiles">
              <!-- Group "Profiles" -->
              <RadioButton text="No" id="radioButtonAccountNone" />
              <RadioButton text="Account #1" id="radioButtonAccount1" />
              <RadioButton text="Account #16" id="radioButtonAccount16" />
              <RadioButton text="Account #2" id="radioButtonAccount2" />
              <RadioButton text="Account #15" id="radioButtonAccount15" />
              <RadioButton text="Account #3" id="radioButtonAccount3" />
              <RadioButton text="Account #14" id="radioButtonAccount14" />
              <RadioButton text="Account #4" id="radioButtonAccount4" />
              <RadioButton text="Account #13" id="radioButtonAccount13" />
              <RadioButton text="Account #5" id="radioButtonAccount5" />
              <RadioButton text="Account #12" id="radioButtonAccount12" />
              <RadioButton text="Account #6" id="radioButtonAccount6" />
              <RadioButton text="Account #11" id="radioButtonAccount11" />
              <RadioButton text="Account #7" id="radioButtonAccount7" />
              <RadioButton text="Account #10" id="radioButtonAccount10" />
              <RadioButton text="Account #8" id="radioButtonAccount8" />
              <RadioButton text="Account #9" id="radioButtonAccount9" />
            </StyledGroupBox>
            <StyledGroupBox text="Login con Bethesda.net" id="groupBoxLogin">
              <!-- Group "Login with Bethesda.net" -->
              <CheckBox text="Accesso automatico" id="checkBoxAutoSignin" />
              <CheckBox text="Attiva Steam" id="checkBoxEnableSteam" />
              <CheckBox text="Mostra password" id="checkBoxShowPassword" />
              <Label text="Password:" id="labelPassword" />
              <Label text="Username:" id="labelUserName" />
            </StyledGroupBox>
          </TabPage>
        </StyledTabControl>
      </UserControlTweaks>
      <UserControlPipboy id="UserControlPipboy">
        <Panel id="panel1">
          <StyledTabControl id="tabControlPipboy">
          <TabPage text="Pip-Boy" id="tabPagePipboyColor">
            <!-- ********** Tab "Pip-Boy" ********** -->
            <Label text="HEX" id="labelPipboyHEX" />
            <Label text="Anteprima" id="labelPreviewPipboy" />
            <Label text="L'anteprima è solo un'approssimazione,\nquindi potrebbe non sembrare esattamente così nel gioco." id="labelPipboyColorPreviewNotice" />
            <Button text="Ripristina" id="buttonColorResetPipboy" />
            <Button text="Scegli il colore" id="buttonColorPickPipboy" />
            <Label text="Colore Pip-Boy" id="labelPipboyColor" />
          </TabPage>
          <TabPage text="Quick-Boy" id="tabPageQuickboyColor">
            <!-- ********** Tab "Quick-Boy" ********** -->
            <Label text="HEX" id="labelQuickboyHEX" />
            <Label text="Anteprima" id="labelPreviewQuickboy" />
            <Label text="L'anteprima è solo un'approssimazione,\nquindi potrebbe non sembrare esattamente così nel gioco." id="labelQuickboyColorPreviewNotice" />
            <Button text="Scegli il colore" id="buttonColorPickQuickboy" />
            <Button text="Ripristina" id="buttonColorResetQuickboy" />
            <Label text="Colore Quick-Boy" id="labelQuickboyColor" />
          </TabPage>
          <TabPage text="Armatura Atomica" id="tabPagePowerArmorColor">
            <!-- ********** Tab "Power Armor" ********** -->
            <Label text="HEX" id="labelPAColorHEX" />
            <Label text="Anteprima" id="labelPreviewPA" />
            <Label text="L'anteprima è solo un'approssimazione,\nquindi potrebbe non sembrare esattamente così nel gioco." id="labelPAColorPreviewNotice" />
            <Label text="Colore armatura atomica" id="labelPowerArmorColor" />
            <Button text="Scegli il colore" id="buttonColorPickPAPipboy" />
            <Button text="Ripristina" id="buttonColorResetPAPipboy" />
          </TabPage>
        </StyledTabControl>
        <Panel id="panelPipboyPresets">
          <Button text="Tatos lussureggiante" id="buttonPresetTato" />
          <Button text="Lavanda calmante" id="buttonButtonPresetLavendar" />
          <Button text="Colore predefinito armatura atomica" id="buttonPresetFo76PPColor" />
          <Button text="Colore predefinito Quick-Boy" id="buttonPresetFo76QB" />
          <Button text="Bianco radioso" id="buttonPresetWhite" />
          <Label text="Preimpostati" id="labelPresets" />
          <Button text="Blu classico" id="buttonPresetFo3Blue" />
          <Button text="Verde Zona contaminata della Capitale" id="buttonPresetFo3Green" />
          <Button text="Verde Commonwealth" id="buttonPresetFo4Green" />
          <Button text="Bianco classico" id="buttonPresetFo3White" />
          <Button text="Ambra Zona contaminata del Mojave" id="buttonPresetFoNVAmber" />
          <Button text="Verde Appalachia" id="buttonPresetFo76Green" />
          </Panel>
        </Panel>
		<Panel id="panelPipboyOther">
          <LinkLabel text="Ripristina predefiniti" id="linkLabelPipboyTargetReset" />
          <Label text="Risoluzione" id="labelPipboyResolution" />
          <LinkLabel text="Imposta risoluzione consigliata" id="linkLabelPipboyTargetSetRecommended" />
          <RadioButton text="Usa Quick-Boy" id="radioButtonQuickboy" />
          <Label text="Queste impostazioni hanno effetto sia sul Pip-Boy che sul Quick-Boy." id="labelPipboyResolutionSideNote" />
          <Label text="Modalità" id="labelPipboyMode" />
          <RadioButton text="Usa Pip-Boy" id="radioButtonPipboy" />
		</Panel>
        <Label text="Personalizzazione Pip-Boy" id="labelPipboyTitle" />
      </UserControlPipboy>
      <UserControlGallery id="UserControlGallery">
        <Panel id="panelGalleryOptions">
          <StyledGroupBox text="Opzioni" id="groupBoxScreenshotOptions">
            <!-- Group "Options" -->
            <Button text="Cancella miniature" id="buttonGalleryDeleteThumbnails" />
            <CheckBox text="Cerca nelle sottocartelle in modo ricorsivo" id="checkBoxGallerySearchRecursively" />
            <Label text="Percorsi aggiuntivi (separati da una nuova riga):" id="labelGalleryAdditionalPaths" />
            <Label text="Indice schermate:" id="labelScreenshotIndex" />
          </StyledGroupBox>
        </Panel>
        <Label text="Galleria" id="labelGallery" />
        <Panel id="panelGallery">
          <Label text="Clicca &quot;Aggiorna galleria&quot; nell'angolo in alto a destra per visualizzare schermate e foto." id="labelGalleryTip" />
        </Panel>
      </UserControlGallery>
      <UserControlCustom id="UserControlCustom">
        <Label text="Tutto ciò che è scritto qui sovrascriverà le impostazioni nei file *.ini." id="labelCustomDesc" />
        <Label text="Impostazioni *.ini personalizzate" id="labelCustomTitle" />
        <Button text="Salva*" id="buttonCustomSave" />
        <Label text="Sovrascrivi le righe nel file:" id="labelCustomFile" />
      </UserControlCustom>
      <UserControlSettings id="UserControlSettings">
        <Panel id="panel2">
          <Label text="È necessario un riavvio affinché tutti gli elementi abbiano il tema corretto." id="labelThemeExpl" />
          <RadioButton text="Sistema" id="radioButtonRespectSystemTheme" />
          <RadioButton text="Scuro" id="radioButtonDarkTheme" />
          <RadioButton text="Chiaro" id="radioButtonLightTheme" />
          <Label text="Tema:" id="labelTheme" />
          <Label text="Aspetto" id="labelAppearance" />
        </Panel>
        <Panel id="panel1">
          <Label text="Notifiche" id="labelSettingsNotifications" />
          <CheckBox text="Mostra notifiche" id="checkBoxShowNotifications">
			<Tooltip>Disattivando questa opzione, le notifiche verranno disattivate, ma potresti perdere (più o meno) messaggi importanti.</Tooltip>
          </CheckBox>					 
          <CheckBox text="Riproduci suono notifica" id="checkBoxPlayNotificationSound" />
        </Panel>
        <Panel id="panelSettingsProfile">
          <LinkLabel text="Vai ai profili →" id="linkLabelOpenProfileEditor" />
          <Label text="Cerchi le impostazioni del profilo (percorso di gioco, edizione del gioco, ecc.)?" id="labelSettingsProfileNotice" />
          <Label text="Profilo" id="labelSettingsProfiles" />
        </Panel>
        <Panel id="panelSettingsPaths">
          <Label text="Percorsi" id="labelSettingsPaths" />
          <Label text="Percorso 7z.exe:" id="labelSevenZipPath" />
          <Button text="..." id="buttonPickArchiveTwoPath" />
          <Label text="Percorso Archive2.exe:" id="labelArchiveTwoPath" />
          <Button text="..." id="buttonPickSevenZipPath" />
          <Label text="Programmi" id="labelSettingsPrograms" />
          <Label text="Mod manager" id="labelSettingsModManager" />
          <Label text="Cartella Download:" id="labelDownloadsPath" />
          <Button text="..." id="buttonPickDownloadsPath" />
        </Panel>
        <Panel id="panelSettingsNWMode">
          <Label text="Opzioni Nuclear Winter (scartato)" id="labelSettingsNuclearWinterOptions" />
          <CheckBox text="Rinomina i file *.dll aggiunti" id="checkBoxNWRenameDLL" />
          <CheckBox text="Rimuovi automaticamente le mod dopo l'attivazione" id="checkBoxNWAutoDisableMods" />
          <Label text="Opzioni *.dll:" id="labelNWdlloptions" />
          <Label text="Opzioni mod:" id="labelNWmodoptions" />
          <CheckBox text="Implementa automaticamente le mod dopo la disattivazione" id="checkBoxNWAutoDeployMods" />
          <Label text="Attiva/disattiva la modalità:" id="labelToggleNW" />
          <StyledButton text="Nuclear Winter" id="buttonNWMode" />
        </Panel>
        <Panel id="panelSettingsOptions">
          <Label text="Opzioni" id="labelSettingsOptions" />
          <CheckBox text="Rendi i file *.ini di sola lettura" id="checkBoxReadOnly" />
          <CheckBox text="Associa con &quot;Download Mod Manager&quot; link" id="checkBoxHandleNXMLinks" />
        </Panel>
        <Panel id="panelSettingsBehavior">
          <CheckBox text="Avvisami quando una traduzione più recente è disponibile per il download" id="checkBoxNotifyOnTranslationUpdate" />
          <CheckBox text="Eseguire backup dei file *.ini prima di salvare le modifiche." id="checkBoxMakeBackups" />
          <Label text="Funzionamento" id="labelSettingsBehavior" />
          <CheckBox text="Applica automaticamente le modifiche alla chiusura dello strumento o all'avvio del gioco" id="checkBoxAutoApply" />
          <CheckBox text="Chiudi lo strumento all'avvio del gioco" id="checkBoxQuitOnGameLaunch" />
          <CheckBox text="Non controllare gli aggiornamenti" id="checkBoxIgnoreUpdates" />
        </Panel>
        <Panel id="panelSettingsLocalization">
          <Label text="Sono disponibili aggiornamenti per le traduzioni.\nFare clic sul pulsante di download per scaricarli." id="labelTranslationsUpdateAvailable" />
          <Label text="Localizzazione" id="labelSettingsLocalization" />
          <Label text="Lingua:" id="labelLanguage" />
		  <Button id="buttonDownloadLanguages">
            <Tooltip>Scarica traduzione</Tooltip>
          </Button>
          <Button id="buttonRefreshLanguage">
            <Tooltip>Aggiorna la traduzione attiva</Tooltip>
          </Button>								   
		  <Label text="Questa traduzione è obsoleta.\nAlcuni elementi potrebbero non essere ancora tradotti." id="labelOutdatedLanguage" />
        </Panel>
        <Label text="Impostazioni dell'app" id="labelSettingsTitle" />
      </UserControlSettings>
      <UserControlNexusMods id="UserControlNexusMods">
        <Panel id="panelManageNMProfile">
          <FlowLayoutPanel id="flowPanelNMActions">
            <Button text="Accedi" id="buttonNMLogin" />
            <Button text="Accedi con la chiave" id="buttonNMLoginManually" />
            <Button text="Disconnetti" id="buttonNWLogout" />
            <Button text="Aggiorna profilo" id="buttonNMUpdateProfile" />
            <Button text="Elimina cache" id="buttonNWDeleteCache" />
          </FlowLayoutPanel>
          <LinkLabel text="L'accesso non funziona? Fai clic qui per utilizzare la tua chiave API." id="linkLabelEnableAPIKey" />
          <LinkLabel text="Come faccio ad accedere con una chiave API?" id="linkLabelAPIKeyHelp" />
          <Label text="Chiave API" id="labelAPIKey" />
          <CheckBox text="Mostra chiave API" id="checkBoxShowAPIKey" />
          <Label text="Azioni" id="labelNexusModsActions" />
          <CheckBox text="Scarica miniature" id="checkBoxNMDownloadThumbnails" />
          <Label text="Opzioni" id="labelNMOptions" />
          <CheckBox text="Aggiorna automaticamente il profilo" id="checkBoxNMUpdateProfile" />
        </Panel>
        <Panel id="panelNMProfile">
          <Label text="Accesso non effettuato." id="labelNMNotLoggedIn" />
          <Label text="User-ID:" id="labelNMDescUserID" />
          <Label text="Limite tariffa oraria:" id="labelNMDescHourlyRateLimit" />
          <Label text="Adesione:" id="labelNMDescMembership" />
          <Label text="Mai" id="labelNMRateLimitReset" />
          <Label text="Azzeramento limite  velocità:" id="labelNMDescLimitReset" />
          <Label text="Limite tariffario giornaliero:" id="labelNMDescDailyRateLimit" />
        </Panel>
        <Label text="Integrazione NexusMods" id="labelNexusTitle" />
      </UserControlNexusMods>
      <UserControlProfiles id="UserControlProfiles">
        <TabControlWithoutHeader id="tabControl">
          <TabPage text="Seleziona" id="tabPageSelect">
            <!-- ********** Tab "Select" ********** -->
            <Label text="Profili" id="labelSelectTitle" />
            <Button text="Modifica profilo" id="buttonEditProfile" />
            <Button text="Cancella profilo" id="buttonDeleteProfile" />
            <ListView id="listViewGameInstances">
              <Column>Gioco</Column>
            </ListView>
            <Button text="Aggiungi profilo" id="buttonAddProfile" />
          </TabPage>
          <TabPage text="Modifica" id="tabPageEdit">
            <!-- ********** Tab "Edit" ********** -->
                <LinkLabel text="Mostra articolo wiki" id="linkLabelProfilesHelp" />																			 
            <Label text="Modifica profilo" id="labelEditTitle" />
            <LinkLabel text="← Salva il profilo e torna alla selezione" id="linkLabelNavigationBack" />
            <Panel id="panelSettings">
              <LinkLabel text="Ripristina percorso mod" id="linkLabelResetModsPath" />
              <Label text="Percorso mod:" id="labelModsPath" />
              <Button text="..." id="buttonPickModsPath" />
              <LinkLabel text="Tentativo di rilevamento automatico" id="linkLabelAutoDetect" />
            <CheckBox text="Mostra più opzioni" id="checkBoxMoreOptions" />
              <Label text="Percorso di gioco:" id="labelGamePath" />
              <Panel id="panelAdvancedOptions">
                <Label text="Percorso *.ini:" id="labelIniPath" />
                <Button text="..." id="buttonPickIniPath" />
                <Label text="Opzioni avanzate" id="labelProfileAdvancedOptions" />
                <Label text="Avvia URL:" id="labelLaunchURL" />
                <Label text="Fallout 76 non può essere avviato da qui se installato tramite l'app di Xbox." id="labelLaunchOptionMSStoreNotice" />
                <Label text="Opzioni avvio" id="labelProfileLaunchOptions" />
                <Label text="Parametri:" id="labelParameters" />
                <RadioButton text="Avvia &quot;Fallout76.exe&quot; direttamente" id="radioButtonLaunchViaExecutable" />
                <RadioButton text="Avvia da Steam / Xbox (raccomandato)" id="radioButtonLaunchViaLink" />
                <Label text="Eseguibile:" id="labelExecutable" />
                <Label text="Prefisso *.ini:" id="labelIniPrefix" />
              </Panel>
              <Label text="Edizione gioco:" id="labelGameEdition" />
              <Label text="Nome profilo:" id="labelProfileName" />
              <Button text="..." id="buttonPickGamePath" />
            </Panel>
          </TabPage>
        </TabControlWithoutHeader>
      </UserControlProfiles>
    </ViewControl>
    <UserControlSideNav id="userControlSideNav">
      <StyledButton text="NexusMods" id="buttonNexusMods" />
      <StyledButton text="Modifiche personalizzate" id="buttonCustom" />
      <Label text="Profilo selezionato:" id="labelGameEditionDesc" />
      <StyledButton text="Home" id="buttonHome" />
      <StyledButton text="Galleria" id="buttonGallery" />
      <StyledButton text="Pip-Boy" id="buttonPipboy" />
      <StyledButton text="Modifiche" id="buttonTweaks" />
      <StyledButton text="Naviga" id="buttonBrowse" />
      <StyledButton text="Impostazioni" id="buttonSettings" />
      <StyledButton text="Mod" id="buttonMods" />
      <StyledButton text="Aggiorna" id="buttonUpdate" />
      <StyledButton text="Applica" id="buttonApply" />
      <StyledButton text="Gioca" id="buttonPlay" />
      <Label text="Profilo" id="labelProfile" />
      <Label text="Configurazione rapida" id="labelLogo" />
    </UserControlSideNav>
    <ContextMenuStrip id="contextMenuStrip1">
      <ToolStripMenuItem text="Apri" id="openToolStripMenuItem" />
      <ToolStripMenuItem text="Apri cartella" id="openFolderToolStripMenuItem" />
      <ToolStripMenuItem text="Taglia" id="cutToolStripMenuItem" />
      <ToolStripMenuItem text="Copia" id="copyToolStripMenuItem" />
      <ToolStripMenuItem text="Cancella" id="deleteToolStripMenuItem" />
    </ContextMenuStrip>
    <ContextMenuStrip id="contextMenuStripBrowse">
      <ToolStripMenuItem text="Cartella installazione del gioco" id="gameFolderToolStripMenuItem" />
      <ToolStripMenuItem text="Cartella configurazione del gioco" id="gamesConfigurationFolderToolStripMenuItem" />
      <ToolStripMenuItem text="Cartella installazione dello strumento" id="toolInstallationFolderToolStripMenuItem" />
      <ToolStripMenuItem text="Cartella configurazione dello strumento" id="toolConfigurationFolderToolStripMenuItem" />
      <ToolStripMenuItem text="Cartella lingue dello strumento" id="toolLanguagesFolderToolStripMenuItem" />
      <ToolStripMenuItem text="Cartella screenshot di Steam" id="steamScreenshotFolderToolStripMenuItem" />
      <ToolStripMenuItem text="Cartella foto di gioco" id="gamePhotosFolderToolStripMenuItem" />
      <ToolStripMenuItem text="Modifica Fallout76.ini" id="editFallout76iniToolStripMenuItem" />
      <ToolStripMenuItem text="Modifica Fallout76Prefs.ini" id="editFallout76PrefsiniToolStripMenuItem" />
      <ToolStripMenuItem text="Modifica Fallout76Custom.ini" id="editFallout76CustominiToolStripMenuItem" />
    </ContextMenuStrip>
    <ContextMenuStrip id="contextMenuStripOverallQualityPresets">
      <ToolStripMenuItem text="Preset grafico" id="toolStripMenuItem1" />
      <ToolStripMenuItem text="Basso" id="lowToolStripMenuItem" />
      <ToolStripMenuItem text="Medio" id="mediumToolStripMenuItem" />
      <ToolStripMenuItem text="Alto" id="highToolStripMenuItem" />
      <ToolStripMenuItem text="Ultra" id="ultraToolStripMenuItem" />
      <ToolStripMenuItem text="Cancella" id="cancelToolStripMenuItem" />
    </ContextMenuStrip>
  </Form1>
</Language>