﻿<?xml version="1.0" encoding="utf-8"?>
<!--
     This file is auto-generated on program start.
     Therefore any changes made to this file will be overwritten.
     You can use this as a template for your own translation, though.

     If you need help with translating, you can find a guide here:
     https://github.com/FelisDiligens/Fallout76-QuickConfiguration/wiki/Translations
-->
<Language name="Spanish (Spain)" iso="es-ES" version="1.12.0" author="Yllelder">
  <Strings>
    <!--
        Strings
        ******************************************************************************************************************************************************
        Basically little text snippets that can be used everywhere.
    -->
    <String text="Hay una versión más reciente disponible: {0}" id="newVersionAvailable" />
    <String text="¡Actualizar ahora!" id="updateNowButton" />
    <String text="Desconocido" id="unknown" />
    <String text="Se requiere implementación" id="modsDeploymentNecessary" />
    <String text="Algo ha ido mal, consulta los archivos de registro para ver los detalles." id="modsFailed" />
    <String text="General" id="modsTablePresetGeneral" />
    <String text="Texturas" id="modsTablePresetTextures" />
    <String text="Efectos de sonido" id="modsTablePresetSoundFX" />
    <String text="Empaquetado" id="modsTableTypeBundled" />
    <String text="Archivo separado" id="modsTableTypeSeparate" />
    <String text="Archivo separado (Congelado)" id="modsTableTypeSeparateFrozen" />
    <String text="Archivos sueltos" id="modsTableTypeLoose" />
    <String text="Pendiente" id="modTableFrozenPending" />
    <String text="Congelado" id="modTableFrozen" />
    <String text="Congelar" id="modTableFreeze" />
    <String text="Empaquetar en {0}." id="modTableInstallInfoBundledBA2" />
    <String text="Empaquetar en {0} con el preajuste {1}." id="modTableInstallInfoSeparateBA2" />
    <String text="Copiar archivos en {0}." id="modTableInstallInfoLooseFiles" />
    <String text="Pendiente de instalación" id="modTablePendingInstallation" />
    <String text="Pendiente de eliminar" id="modTablePendingRemoval" />
    <String text="Cambios pendientes" id="modTablePendingChanges" />
    <String text="Actualización disponible" id="updateAvailable" />
    <String text="Activado" id="enabled" />
    <String text="Desactivado" id="disabled" />
    <String text="Edición" id="gameEdition" />
    <String text="Bajo" id="lowPreset" />
    <String text="Medio" id="mediumPreset" />
    <String text="Alto" id="highPreset" />
    <String text="Ultra" id="ultraPreset" />
    <String text="Personalizado" id="customPreset" />
    <String text="Preajuste actual: {0}" id="currentPreset" />
    <String text="{0} mods seleccionados" id="modDetailsTitleBulkSelected" />
    <String text="en {0} hora(s) y {1} minuto(s)" id="nmResetTime" />
    <String text="{0} restante" id="nmRateLimitLeft" />
    <String text="Básico" id="nmBasicAccount" />
    <String text="Colaborador" id="nmSupporterAccount" />
    <String text="Premium" id="nmPremiumAccount" />
    <String text="N/D" id="notApplicable" />
    <String text="Sí" id="yes" />
    <String text="No" id="no" />
    <String text="Válido" id="valid" />
    <String text="Inválido" id="invalid" />
    <String text="Auto" id="auto" />
    <String text="seleccionado" id="selected" />
    <String text="Invierno nuclear" id="nuclearwintermode" />
    <String text="Aventura" id="adventuremode" />
    <String text="Valores afectados" id="affectedValues" />
    <String text="Archivos afectados" id="affectedFiles" />
    <String text="Has aprobado este mod." id="endorsedText" />
    <String text="Todavía no has aprobado este mod." id="notEndorsedText" />
    <String text="Te has abstenido de aprobar este mod." id="abstainedText" />
    <String text="Advertencia: no se han encontrado las carpetas de recursos comunes (mallas, texturas, sonidos, materiales, interfaz, etc.). El mod podría no cargarse." id="modSidePanel_WarningNoCommonResourceFoldersFound" />
    <String text="Advertencia: no se pudo encontrar ningún archivo (válido) para empaquetar en un archivo *.ba2. Archive2 podría fallar durante el montaje." id="modSidePanel_WarningNoFilesAvailableToPack" />
    <String text="Sugerencia: la mezcla de archivos generales, de textura y de sonido *puede* hacer que el mod no se cargue correctamente.&#xA;In case the mod doesn't work, you could try to set it to &quot;Bundled *.ba2 archive&quot;." id="modSidePanel_HintMixedResourcesFound" />
    <String text="Sugerencia: para los mods con archivos generales, selecciona el preajuste general o déjalo en &quot;Auto-detección&quot;." id="modSidePanel_HintWrongPresetForGeneralFiles" />
    <String text="Sugerencia: para los mods de reemplazo de texturas, selecciona el preajuste &quot;Texturas (archivos *.dds)&quot; o déjalo en &quot;Auto-detección&quot;." id="modSidePanel_HintWrongPresetForTextures" />
    <String text="Sugerencia: para los mods de reemplazo de sonidos, selecciona el preajuste &quot;Efectos de sonido / Música / Voz&quot; o déjalo en &quot;Auto-detección&quot;." id="modSidePanel_HintWrongPresetForAudioFiles" />
    <String text="Sugerencia: los archivos *.dll suelen instalarse como &quot;archivos sueltos&quot; en el directorio principal (&quot;.&quot;)." id="modSidePanel_HintWrongInstallMethodForDLLs" />
    <String text="Sugerencia: las cadenas suelen instalarse como &quot;archivos sueltos&quot; en la carpeta &quot;Data\Strings&quot;." id="modSidePanel_HintWrongInstallMethodForStrings" />
  </Strings>
  <Dropdowns>
    <!--
        Dropdowns
        ******************************************************************************************************************************************************
        Make sure that the amount of options stays the same.
    -->
    <Dropdown id="ModInstallAs">
      <Option>Empaquetar en archivos *.ba2 con otros mods</Option>
      <Option>Crear un archivo separado *.ba2</Option>
      <Option>Copiar archivos sueltos</Option>
    </Dropdown>
    <Dropdown id="ModArchivePreset">
      <Option>-- Por favor, selecciona --</Option>
      <Option>Detección automática (recomendado)</Option>
      <Option>General / Interfaz / Materiales / Animaciones</Option>
      <Option>Texturas (archivos *.dds)</Option>
      <Option>Efectos de sonido / Música / Voz</Option>
    </Dropdown>
    <Dropdown id="Resolution">
      <Option>Personalizado</Option>
      <Option></Option>
      <Option>┌───────────────────────────────┐</Option>
      <Option>│  4:3                          │</Option>
      <Option>├───────────────────────────────┤</Option>
      <Option>│ [4:3]    640 x  480 (VGA)     │</Option>
      <Option>│ [4:3]    800 x  600 (SVGA)    │</Option>
      <Option>│ [4:3]    960 x  720           │</Option>
      <Option>│ [4:3]   1024 x  768 (XGA)     │</Option>
      <Option>│ [4:3]   1152 x  864           │</Option>
      <Option>│ [4:3]   1280 x  960           │</Option>
      <Option>│ [4:3]   1400 x 1050           │</Option>
      <Option>│ [4:3]   1440 x 1080           │</Option>
      <Option>│ [4:3]   1600 x 1200           │</Option>
      <Option>│ [4:3]   1920 x 1440           │</Option>
      <Option>│ [4:3]   2048 x 1536           │</Option>
      <Option>│ [4:3]   2880 x 2160           │</Option>
      <Option>│                               │</Option>
      <Option>│                               │</Option>
      <Option>├───────────────────────────────┤</Option>
      <Option>│  5:3                          │</Option>
      <Option>├───────────────────────────────┤</Option>
      <Option>│ [5:3]    800 x  480           │</Option>
      <Option>│ [5:3]   1280 x  768 (WXGA)    │</Option>
      <Option>│                               │</Option>
      <Option>│                               │</Option>
      <Option>├───────────────────────────────┤</Option>
      <Option>│  5:4                          │</Option>
      <Option>├───────────────────────────────┤</Option>
      <Option>│ [5:4]   1152 x  960           │</Option>
      <Option>│ [5:4]   1280 x 1024           │</Option>
      <Option>│ [5:4]   2560 x 2048           │</Option>
      <Option>│ [5:4]   5120 x 4096           │</Option>
      <Option>│                               │</Option>
      <Option>│                               │</Option>
      <Option>├───────────────────────────────┤</Option>
      <Option>│  16:9                         │</Option>
      <Option>├───────────────────────────────┤</Option>
      <Option>│ [16:9]  1024 x  576           │</Option>
      <Option>│ [16:9]  1152 x  648           │</Option>
      <Option>│ [16:9]  1280 x  720 (HD)      │</Option>
      <Option>│ [16:9]  1360 x  768           │</Option>
      <Option>│ [16:9]  1365 x  768           │</Option>
      <Option>│ [16:9]  1366 x  768           │</Option>
      <Option>│ [16:9]  1536 x  864           │</Option>
      <Option>│ [16:9]  1600 x  900           │</Option>
      <Option>│ [16:9]  1920 x 1080 (Full HD) │</Option>
      <Option>│ [16:9]  2560 x 1440 (WQHD)    │</Option>
      <Option>│ [16:9]  3200 x 1800           │</Option>
      <Option>│ [16:9]  3840 x 2160 (4K UHD1) │</Option>
      <Option>│ [16:9]  5120 x 2880 (5K)      │</Option>
      <Option>│ [16:9]  7680 x 4320 (8K UHD2) │</Option>
      <Option>│                               │</Option>
      <Option>│                               │</Option>
      <Option>├───────────────────────────────┤</Option>
      <Option>│  16:10                        │</Option>
      <Option>├───────────────────────────────┤</Option>
      <Option>│ [16:10]  640 x  400           │</Option>
      <Option>│ [16:10] 1280 x  800           │</Option>
      <Option>│ [16:10] 1440 x  900           │</Option>
      <Option>│ [16:10] 1680 x 1050           │</Option>
      <Option>│ [16:10] 1920 x 1200           │</Option>
      <Option>│ [16:10] 2560 x 1600           │</Option>
      <Option>│ [16:10] 3840 x 2400           │</Option>
      <Option>│                               │</Option>
      <Option>│                               │</Option>
      <Option>├───────────────────────────────┤</Option>
      <Option>│  17:9                         │</Option>
      <Option>├───────────────────────────────┤</Option>
      <Option>│ [17:9]  2048 x 1080           │</Option>
      <Option>│                               │</Option>
      <Option>│                               │</Option>
      <Option>├───────────────────────────────┤</Option>
      <Option>│  21:9                         │</Option>
      <Option>├───────────────────────────────┤</Option>
      <Option>│ [21:9]  1920 x  800           │</Option>
      <Option>│ [21:9]  2560 x 1080           │</Option>
      <Option>│ [21:9]  3440 x 1440           │</Option>
      <Option>│ [21:9]  3840 x 1600           │</Option>
      <Option>│ [21:9]  5120 x 2160           │</Option>
      <Option>│                               │</Option>
      <Option>│                               │</Option>
      <Option>└───────────────────────────────┘</Option>
      <Option></Option>
    </Dropdown>
    <Dropdown id="DisplayMode">
      <Option>Pantalla completa</Option>
      <Option>Ventana</Option>
      <Option>Ventana sin bordes</Option>
      <Option>Ventana sin bordes (pantalla completa)</Option>
    </Dropdown>
    <Dropdown id="AntiAliasing">
      <Option>Activado, TAA (por defecto)</Option>
      <Option>Desactivado</Option>
    </Dropdown>
    <Dropdown id="AnisotropicFiltering">
      <Option>Ninguno</Option>
      <Option>2x</Option>
      <Option>4x</Option>
      <Option>8x</Option>
      <Option>16x (por defecto)</Option>
    </Dropdown>
    <Dropdown id="ShadowTextureResolution">
      <Option>512 = Patata</Option>
      <Option>1024 = Bajo</Option>
      <Option>2048 = Alto (por defecto)</Option>
      <Option>4096 = Ultra</Option>
      <Option>8192 = Demencial</Option>
    </Dropdown>
    <Dropdown id="ShadowBlurriness">
      <Option>0x</Option>
      <Option>1x (más nítido, los píxeles se notan)</Option>
      <Option>2x (menos borroso)</Option>
      <Option>3x (borroso, por defecto)</Option>
    </Dropdown>
    <Dropdown id="ShadowQuality">
      <Option>Bajo</Option>
      <Option>Medio</Option>
      <Option>Alto</Option>
      <Option>Ultra</Option>
      <Option>Personalizado</Option>
    </Dropdown>
    <Dropdown id="VoiceChatMode">
      <Option>Auto</Option>
      <Option>Área</Option>
      <Option>Equipo</Option>
      <Option>Ninguno</Option>
    </Dropdown>
    <Dropdown id="ShowActiveEffectsOnHUD">
      <Option>Desactivado</Option>
      <Option>Detrimental</Option>
      <Option>Todo</Option>
    </Dropdown>
    <Dropdown id="CorpseHighlighting">
      <Option>Desactivado</Option>
      <Option>Apagar al inspeccionar</Option>
      <Option>Apagar al recoger el botín</Option>
    </Dropdown>
    <Dropdown id="TextureQuality">
      <Option>Bajo</Option>
      <Option>Medio</Option>
      <Option>Alto</Option>
      <Option>Ultra</Option>
      <Option>Personalizado</Option>
    </Dropdown>
    <Dropdown id="WaterShadowFilter">
      <Option>1 (Bajo)</Option>
      <Option>2 (Medio)</Option>
      <Option>3 (Alto)</Option>
    </Dropdown>
    <Dropdown id="VolumetricLightingQuality">
      <Option>0 (Bajo)</Option>
      <Option>1 (Medio)</Option>
      <Option>2 (Alto)</Option>
    </Dropdown>
  </Dropdowns>
  <Messageboxes>
    <!--
        Message boxes
        ******************************************************************************************************************************************************
        The {0} is a placeholder, btw.
    -->
    <Messagebox title="Cambios aplicados" id="changesApplied">Se han aplicado los cambios. Ya puedes iniciar el juego.</Messagebox>
    <Messagebox title="Hecho" id="downloadLanguagesFinished">Archivos de idiomas descargados: {0}</Messagebox>
    <Messagebox title="Archivos modificados" id="iniFilesModified">Los archivos *.ini han sido modificados fuera de la herramienta mientras se está ejecutando.
NOTA: cualquier cambio se sobrescribirá si se hace clic en "Aplicar" o si se gestionan los mods.
Por favor, reinicia la herramienta para funcionar con los nuevos valores.</Messagebox>
    <Messagebox title="El proveedor de archivos en la nube no funciona" id="cloudFileProviderNotRunning">{0}
Asegúrate de que OneDrive está funcionando y vuelve a intentarlo.
La herramienta se cerrará ahora.</Messagebox>
    <Messagebox title="Fallo al cargar el archivo *.ini" id="iniFailedToLoad">{0}
La herramienta se cerrará ahora.</Messagebox>
    <Messagebox title="Se ha cambiado el preajuste de los gráficos" id="iniGraphicsPresetChanged">Gráficos establecidos en {0}.</Messagebox>
    <Messagebox title="Se han actualizado las traducciones" id="translationsUpdateAvailable">Accede a la página de configuración para descargarlos.</Messagebox>
    <Messagebox title="Acceso denegado" id="setInisReadOnlyFailed">No se ha podido establecer que los archivos *.ini sean de solo de lectura. Intenta iniciar la herramienta con derechos de administrador.
{0}</Messagebox>
    <Messagebox title="Ruta del juego no válida" id="modsGamePathInvalid">La ruta que has seleccionado no parece ser donde está instalado Fallout 76.
Asegúrate de seleccionar la carpeta donde reside el *.exe, no la carpeta Data.</Messagebox>
    <Messagebox title="No se puede borrar el último perfil de juego" id="errorAtLeastOneGameOrProfile">Se requiere al menos un perfil de juego.</Messagebox>
    <Messagebox title="Fallo en la detección automática" id="gamePathAutoDetectFailed">No se ha podido encontrar ninguna ruta de juego conocida. Por favor, selecciona la ruta manualmente.</Messagebox>
    <Messagebox title="Se encontró una ruta" id="gamePathAutoDetectPathFound">¿Quieres usar esta ruta?
Encontrada: {0}

Haz clic en "Sí" para utilizar esta ruta, en "No" para seguir buscando y en "Cancelar" para abortar la búsqueda.</Messagebox>
    <Messagebox title="¿Eliminar {0}?" id="galleryDeleteScreenshot">Se va a eliminar '{0}'. ¿Estás seguro?</Messagebox>
    <Messagebox title="¿Eliminar {0} files?" id="galleryDeleteScreenshots">Vas a eliminar {0} archivos. ¿Estás seguro?</Messagebox>
    <Messagebox title="¿Estás seguro?" id="galleryDeleteThumbnails">¿Estás seguro de que quieres eliminar las miniaturas de la galería?
La próxima vez que hagas clic en "Actualizar galería", tardará bastante más tiempo en recrear todas las miniaturas.</Messagebox>
    <Messagebox title="Modo Invierno nuclear desactivado" id="nwModeDisabled">Ahora puedes iniciar en el modo Aventura.</Messagebox>
    <Messagebox title="Modo Invierno nuclear activado" id="nwModeEnabled">Ahora puedes iniciar en el modo Invierno nuclear.</Messagebox>
    <Messagebox title="Hecho" id="modsDisabledDone">Los mods se han desactivado y eliminado del juego.</Messagebox>
    <Messagebox title="Hecho" id="modsDeployedDone">Los mods están implementados.</Messagebox>
    <Messagebox title="Algo salió mal" id="modsDeploymentFailed">Es posible que los mods no se implementen.
Por favor, revisa los archivos de registro.</Messagebox>
    <Messagebox title="Falta Archive2" id="modsArchive2Missing">Falta el archivo .\Archive2\Archive2.exe.
Intenta reinstalar esta herramienta o instalar Archive2 manualmente.</Messagebox>
    <Messagebox title="Ruta del juego no especificada o inválida" id="modsGamePathNotSet">Por favor, asegúrate de que has establecido la ruta correcta del juego.
Puedes hacerlo en la configuración.</Messagebox>
    <Messagebox title="Falta 7-Zip" id="7ZipMissing">Falta el archivo .\7z\7z.exe.
Intenta reinstalar esta herramienta, o copiar 7-Zip manualmente.</Messagebox>
    <Messagebox title="¡Bien!" id="modsNoConflictingFiles">No se han encontrado archivos conflictivos.</Messagebox>
    <Messagebox title="¿Importar mods instalados manualmente?" id="modsImportQuestion">¿Estás seguro de que quieres añadir mods instalados fuera del gestor de mods?</Messagebox>
    <Messagebox title="¿Quieres volver a empaquetar los archivos ya empaquetados?" id="modsRepackFrozenBundledArchives">Hay archivos empaquetados congelados disponibles. ¿Te gustaría volver a empaquetar los archivos ya empaquetados?

   Sí, he hecho cambios en mi lista de mods y me gustaría volver a empaquetar mis archivos. (lento)

   No, no hice cambios. Implementa mis archivos congelados. (rápido)</Messagebox>
    <Messagebox title="Archive2 falló al empaquetar/extraer un archivo" id="archive2Error">Archive2 ha fallado por una razón desconocida.
Por favor, comprueba los archivos de registro para más detalles.</Messagebox>
    <Messagebox title="Archive2 falló al empaquetar/extraer un archivo" id="archive2InstallRequirements">Asegúrate de haber instalado 'Visual C++ Redistributable for Visual Studio 2012 Update 4'.
Puedes encontrar un enlace en la página de NexusMods.</Messagebox>
    <Messagebox title="Formato de archivo no compatible" id="modsArchiveTypeNotSupported">Los archivos {0} no son compatibles.
Por favor, descomprime el archivo y añade el mod como una carpeta.</Messagebox>
    <Messagebox title="Versión heredada encontrada" id="modsLegacyFormatDetected">Parece que has usado mods con anterioridad, pero en una versión anterior a la v1.9.0.
La forma de gestionar y almacenar los mods ha cambiado significativamente.
Como resultado, deben ser convertidos al nuevo formato.

NOTA: esto descongelará los archivos. Una vez convertidos todos los mods, es posible que ocupen más espacio, dependiendo de cuántos mods se hayan congelado. La actualización seguirá siendo posible, pero algunos mods podrían cargarse incorrectamente.

¿Quieres convertirlos ahora? No tardará mucho.</Messagebox>
    <Messagebox title="Entrada de manifest.xml no válida" id="modsInvalidManifestEntry">Una entrada de un mod no es válida y fue ignorada.
Error: {0}</Messagebox>
    <Messagebox title="Información actualizada de los mods" id="nexusModsRemoteInfoRefreshedSuccess">Información de los mods actualizada y miniaturas descargadas.</Messagebox>
    <Messagebox title="¿Apruebas todos los mods?" id="nexusModsEndorseAllQuestion">Esto dará tu aprobación a todos los mods instalados. ¿Estás seguro?</Messagebox>
    <Messagebox title="No estás conectado" id="nexusModsNotLoggedIn">Por favor, inicia sesión en NexusMods primero e inténtalo de nuevo</Messagebox>
    <Messagebox title="¿Eliminar {0}?" id="deleteQuestion">Estás a punto de borrar '{0}'. ¿Estás seguro?</Messagebox>
    <Messagebox title="¿Eliminar {0} archivos?" id="deleteMultipleQuestion">Vas a eliminar {0} archivos. ¿Estás seguro?</Messagebox>
    <Messagebox title="Fallido" id="failed">{0}</Messagebox>
    <Messagebox title="Hecho" id="done">{0}</Messagebox>
    <Messagebox title="¿Estás seguro?" id="areYouSure">{0}</Messagebox>
  </Messageboxes>
  <TweakDescriptions>
    <!--
        Descriptions
        ******************************************************************************************************************************************************
        These are the descriptions of almost all tweaks.
        They appear in tool tips, when the user hovers over a tweak with the mouse cursor.
    -->
    <Description id="Fo76ini.Tweaks.General.EnableSteamTweak">Activa/desactiva la integración con Steam. Desactívalo para usar tu cuenta de Bethesda.net.</Description>
    <Description id="Fo76ini.Tweaks.General.AutoSigninTweak">Al activar esta opción, se omitirá el aviso de inicio de sesión si proporcionas tus credenciales de inicio de sesión.</Description>
    <Description id="Fo76ini.Tweaks.General.IntroVideoTweak">Cuando esta opción está activada, el juego se iniciará sin mostrar el vídeo del logotipo de Bethesda.</Description>
    <Description id="Fo76ini.Tweaks.General.SkipStartupSplash">Si se activa, el juego no te molestará con noticias al iniciar.</Description>
    <Description id="Fo76ini.Tweaks.General.FasterFadeInTweak">Después de cargar en un mundo o hacer un viaje rápido, el juego reproduce una animación / se desvanece desde negro
que también te impide moverte durante un tiempo. Este ajuste acelera dicha animación.
El mérito es de u/LinuxVersion de reddit.

⚠️ Si los valores son demasiado bajos o 0, el juego se atascará en una pantalla negra después de cargar.
(Valores utilizados por el ajuste: fFadeToBlackFadeSeconds=0.2000 y fMinSecondsForLoadFadeIn=0.3000)</Description>
    <Description id="Fo76ini.Tweaks.Interface.AutoTrackQuestWhenStartedTweak+Main">Si está activado, rastrea automáticamente las nuevas misiones "principales" añadidas.</Description>
    <Description id="Fo76ini.Tweaks.Interface.AutoTrackQuestWhenStartedTweak+Side">Si está activado, rastrea automáticamente las nuevas misiones "secundarias" añadidas.</Description>
    <Description id="Fo76ini.Tweaks.Interface.AutoTrackQuestWhenStartedTweak+Misc">Si está activado, rastrea automáticamente las nuevas misiones de tipo "miscelánea" añadidas.</Description>
    <Description id="Fo76ini.Tweaks.Interface.AutoTrackQuestWhenStartedTweak+Event">Si está activado, rastrea automáticamente las nuevas misiones de "evento" añadidas.</Description>
    <Description id="Fo76ini.Tweaks.Interface.AutoTrackQuestWhenStartedTweak+Other">Si está activado, rastrea automáticamente las nuevas misiones "diarias" añadidas.</Description>
    <Description id="Fo76ini.Tweaks.Video.DisplaySizeTweak">Resolución de pantalla</Description>
    <Description id="Fo76ini.Tweaks.Video.DisplayModeTweak">Cambia el modo de visualización.

• Pantalla completa: modo a pantalla completa real (mejor rendimiento).
• Ventana: inicia el juego en una ventana con bordes (también conocido como decoración de ventana).
• Ventana sin bordes: te permite usar Alt+Tab sin problemas, pero asegúrate de que la resolución coincide con la de tu pantalla. (Por defecto).
• Ventana sin bordes (pantalla completa): igual que "Ventana sin bordes", pero la ventana se maximizará para ajustarse a tu pantalla.
  Si la resolución es menor que la de tu pantalla se verá pixelado, ya que utiliza Nearest Neighbor para aumentar la escala.</Description>
    <Description id="Fo76ini.Tweaks.Video.PresentIntervalTweak">Si se desactiva, desactiva la sincronización vertical de fotogramas.

• Activa esta opción si experimentas cortes (tearing) en la pantalla.
• Desactiva esta opción si experimentas un retraso en los controles de juego (input lag).

⚠️ Activar esta opción podría NO eliminar los cortes (tearing) de pantalla.
⚠️ Si desactivas esto, se recomienda limitar el juego a 60 FPS manualmente (por ejemplo, usando el Panel de Control de NVIDIA).

ℹ️ La velocidad de fotogramas sin tope no debería hacer que las físicas se vuelvan locas como pasaba en títulos más antiguos,
ya que Bethesda lo arregló hace bastante tiempo (en 2018).
No obstante, se recomienda limitarlo a 60.</Description>
    <Description id="Fo76ini.Tweaks.Video.TopMostWindowTweak">Al activar esto, se mantendrá la ventana del juego en primer plano.
⚠️ Esto evitará que puedas usar Alt+Tab en monitores individuales.</Description>
    <Description id="Fo76ini.Tweaks.Interface.FixHUD4to3RatioTweak">Arreglos ocultos / incompletos
  • Pantalla del Quick-Boy,
  • Pantalla de ganzúas
  • Interfaz de la Servoarmadura
en pantallas 5:4 y 4:3.

⚠️ No se ha probado.</Description>
    <Description id="Fo76ini.Tweaks.Graphics.AntiAliasingTweak">Suaviza los bordes (pixelados) de los objetos.
Desactivar para mejorar el rendimiento a costa de una menor calidad visual.

ℹ️ "FXAA" no funciona.
Si se establece el valor a "FXAA", simplemente se desactiva el antialiasing.</Description>
    <Description id="Fo76ini.Tweaks.Graphics.AnisotropicFilteringTweak">Reduce el aliasing de las texturas cuando se ven desde ángulos oblicuos.</Description>
    <Description id="Fo76ini.Tweaks.Graphics.TextureQualityPresetTweak">Cambia principalmente la resolución de las texturas (= cómo se ven de borrosas/de nítidas las texturas)</Description>
    <Description id="Fo76ini.Tweaks.Graphics.ShadowQualityPresetTweak">La configuración de la calidad de las sombras en el juego.</Description>
    <Description id="Fo76ini.Tweaks.Graphics.DepthOfFieldEnabledTweak">Al desactivar esta opción, se desactivan todos los efectos de profundidad de campo.</Description>
    <Description id="Fo76ini.Tweaks.Graphics.DepthOfFieldStrengthTweak">Intensidad del efecto de profundidad de campo.</Description>
    <Description id="Fo76ini.Tweaks.Graphics.MotionBlurTweakRev1">No parece que haga nada.</Description>
    <Description id="Fo76ini.Tweaks.Graphics.RadialBlurTweakRev1">Desenfoca la pantalla cuando el jugador está herido (por ejemplo, si es alcanzado por balas o explosiones) o bajo el agua.</Description>
    <Description id="Fo76ini.Tweaks.Graphics.AmbientOcclusionTweak">Activa/desactiva las sombras en las esquinas o donde los objetos tocan el suelo.</Description>
    <Description id="Fo76ini.Tweaks.Graphics.ScreenSpaceReflectionsTweakRev1">Activa los reflejos en superficies brillantes como el agua, los charcos y los metales.
⚠️ Si se desactiva, puede ocasionar que el agua se vea negra, blanca como la leche o invisible.
     Si te ocurre esto, prueba a activar la corrección en la sección Agua.</Description>
    <Description id="Fo76ini.Tweaks.Graphics.WaterDisplacementsTweak">Activa/desactiva el movimiento del agua (ondulaciones, olas).</Description>
    <Description id="Fo76ini.Tweaks.Graphics.WaterRefractionsTweak">No estoy seguro de si hace algo.</Description>
    <Description id="Fo76ini.Tweaks.Graphics.WaterReflectionsTweak">No funciona como se espera. Mejor desactiva el SSR en su lugar.
⚠️ Puede hacer invisible el agua (lejana).</Description>
    <Description id="Fo76ini.Tweaks.Graphics.WaterHiResTweak">Podría arreglar el problema del agua negra si se activa.</Description>
    <Description id="Fo76ini.Tweaks.Graphics.WaterFixSSRGlitchTweak">A veces, al desactivar los reflejos en superficies, el resultado es un negro intenso, un blanco leche o incluso un agua invisible.
Esta opción intenta arreglar eso.</Description>
    <Description id="Fo76ini.Tweaks.Graphics.VolumetricLightingTweak">También llamados rayos de Dios / rayos de luz</Description>
    <Description id="Fo76ini.Tweaks.Graphics.VolumetricLightingQualityTweak">Cambia la calidad/claridad de los rayos de Dios/rayos de luz.
Ajuste recomendado: 2 (Alto)</Description>
    <Description id="Fo76ini.Tweaks.Graphics.DisableAllGoreTweakRev1">No más efectos de partículas de sangre al disparar a los enemigos</Description>
    <Description id="Fo76ini.Tweaks.Graphics.Effects.BloodSplatterEnabledTweak">Activa las salpicaduras de sangre encima de la interfaz.</Description>
    <Description id="Fo76ini.Tweaks.Graphics.ShadowMapResolutionTweak">Resolución del mapa de texturas de las sombras. Los ajustes más altos harán que las sombras sean más detalladas.</Description>
    <Description id="Fo76ini.Tweaks.Graphics.ShadowBlurrinessTweak">Difumina las sombras. Especialmente útil, si se establece una resolución de sombra más baja.

3x recomendado para una resolución baja de los mapas de textura
2x recomendado para una resolución alta de los mapas de textura</Description>
    <Description id="Fo76ini.Tweaks.Graphics.ShadowDistanceTweak">Establece la distancia a la que se renderizan las sombras.
  ⇨ Ultra es 150000
  ⇨ Alto es 120000
  ⇨ Medio es 90000
  ⇨ Bajo es 60000

ℹ️ 0 estropea las sombras. No se recomienda.</Description>
    <Description id="Fo76ini.Tweaks.Graphics.TAAPostOverlayTweakRev1">Opacidad de la superposición nítida después de aplicar el TAA. Al aumentar este valor se incrementa la visibilidad de la imagen nítida sobre la borrosa.
ℹ️ Aumentar demasiado este valor provoca parpadeos (flickering) en la pantalla.
Por defecto: 0.21</Description>
    <Description id="Fo76ini.Tweaks.Graphics.TAAPostSharpenTweakRev1">Cantidad de nitidez después del TAA.
ℹ️ Aumentar demasiado este valor provoca parpadeos (flickering) en la pantalla.
Por defecto: 0.21
Recomendado: 0.4</Description>
    <Description id="Fo76ini.Tweaks.Graphics.GrassFadeDistanceTweak">Establece la distancia a la que la hierba comenzará a desvanecerse.
  ⇨ Ultra es 7000
  ⇨ Alto es 5500
  ⇨ Medio es 4500</Description>
    <Description id="Fo76ini.Tweaks.Audio.EnableAudioTweak">Si se desactiva, el juego será completamente silencioso.</Description>
    <Description id="Fo76ini.Tweaks.Audio.PlayMainMenuMusicTweak">Si no está marcada, el juego no reproducirá música de fondo en el menú principal.</Description>
    <Description id="Fo76ini.Tweaks.Volume.AudioMenuValTweak+fVal0">Cambia el volumen de la 'música del menú'
ℹ️ Puede que no cambie el volumen correcto.</Description>
    <Description id="Fo76ini.Tweaks.Volume.AudioMenuValTweak+fVal1">Cambia el volumen de las 'radios del mundo'
ℹ️ Puede que no cambie el volumen correcto.</Description>
    <Description id="Fo76ini.Tweaks.Volume.AudioMenuValTweak+fVal2">Cambia el volumen de las 'voces'
ℹ️ Puede que no cambie el volumen correcto.</Description>
    <Description id="Fo76ini.Tweaks.Volume.AudioMenuValTweak+fVal3">Cambia el volumen de la 'música'
ℹ️ Puede que no cambie el volumen correcto.</Description>
    <Description id="Fo76ini.Tweaks.Volume.AudioMenuValTweak+fVal4">Cambia el volumen de los 'efectos'
ℹ️ Puede que no cambie el volumen correcto.</Description>
    <Description id="Fo76ini.Tweaks.Volume.AudioMenuValTweak+fVal5">Cambia el volumen de los 'pasos'
ℹ️ Puede que no cambie el volumen correcto.</Description>
    <Description id="Fo76ini.Tweaks.Volume.AudioMenuValTweak+fVal6">Cambia el volumen de la 'radio del Pip-Boy'
ℹ️ Puede que no cambie el volumen correcto.</Description>
    <Description id="Fo76ini.Tweaks.Controls.FixMouseSensitivityTweak">Si se activa, la sensibilidad para mirar hacia arriba/abajo y hacia la izquierda/derecha será igual.
Si se desactiva (por defecto), la sensibilidad para mirar a la izquierda/derecha será probablemente mayor que la de arriba/abajo.

• Activa esta opción si utilizas ratón y teclado.
• Desactiva esta opción si utilizas un mando.

⚠️ Cuando se activa, la sensibilidad del ratón puede aumentar. Disminuye la velocidad del cursor o los DPI del ratón.

ℹ️ La sensibilidad vertical depende de la relación de aspecto de tu pantalla:
      ⇨ Para 4:3, el valor de Y es 0.028
      ⇨ Para 16:9, el valor de Y es 0.03738
      ⇨ Para 16:10, el valor de Y es 0.0336
      ⇨ Para 21:9, el valor de Y es 0.042
      ⇨ Para el resto de relaciones de aspecto, el valor de Y es igual a 0,021 veces la relación de aspecto. (YScale = 0.021 * Ancho / Alto)</Description>
    <Description id="Fo76ini.Tweaks.Controls.FixAimSensitivityTweak">Si se activa, la sensibilidad no cambiará al apuntar.
Si se desactiva (por defecto), la sensibilidad se reducirá al apuntar con la mira.

⚠️ Es posible que solo funcione en monitores 16:9.
⚠️ Es posible que no funcione en el juego mientras estás agachado.</Description>
    <Description id="Fo76ini.Tweaks.Controls.GamepadEnableTweak">Desactiva esta opción si tienes un mando conectado, pero quieres usar el teclado y el ratón en su lugar.</Description>
    <Description id="Fo76ini.Tweaks.Camera.ApplyCameraNodeAnimationsTweak">Cuando se desactiva, establece la posición de la cámara en la cabeza del personaje.
Tendrás que alejar el zoom en tercera persona.
Si se activa, establece la posición de la cámara detrás del hombro derecho.

⚠️ Puede causar problemas si se desactiva.</Description>
    <Description id="Fo76ini.Tweaks.Camera.SelfieModeRangeTweak">A qué distancia el juego te impedirá alejarte de tu personaje en el modo foto.
Por defecto: 500</Description>
    <Description id="Fo76ini.Tweaks.Camera.SelfieCameraTranslationSpeedTweak">La rapidez con la que se mueve la cámara en modo foto.
Por defecto: 2.5</Description>
    <Description id="Fo76ini.Tweaks.Camera.SelfieCameraRotationSpeedTweak">La rapidez con la que la cámara gira en el modo foto.
Por defecto: 1.5</Description>
    <Description id="Fo76ini.Tweaks.Camera.DisableAutoVanityModeTweak">Cuando se activa, la cámara girará alrededor del personaje después de que no se haya dado ninguna orden durante un tiempo determinado.
⚠️ No estoy seguro de si hace algo. Me quedé parado durante 5 minutos y la cámara no giró. Necesita más pruebas.</Description>
    <Description id="Fo76ini.Tweaks.Camera.FOV3rdADSTweak">Cambia el campo de visión en 3ª persona al apuntar.
Por defecto: 50</Description>
    <Description id="Fo76ini.Tweaks.Camera.FieldOfViewTweak">Cambia el campo de visión en 1ª y 3ª persona.
Este es el mismo valor que el ajuste del FOV en el juego.
Por defecto: 80</Description>
    <Description id="Fo76ini.Tweaks.Camera.VanityModeMinDistTweak">Cuánto se puede acercar en 3ª persona.
Por defecto: 0</Description>
    <Description id="Fo76ini.Tweaks.Camera.VanityModeMaxDistTweak">Cuánto se puede alejar en 3ª persona.
Por defecto: 150</Description>
    <Description id="Fo76ini.Tweaks.Camera.PitchZoomOutMaxDistTweak">Cuánto se puede alejar en 3ª persona cuando miras al suelo.
Por defecto: 100</Description>
    <Description id="Fo76ini.Tweaks.Colors.PipboyColorTweak">Cambia el color del Pipboy</Description>
    <Description id="Fo76ini.Tweaks.Colors.QuickboyColorTweak">Cambia el color del Quickboy</Description>
    <Description id="Fo76ini.Tweaks.Colors.PowerArmorPipboyColorTweak">Cambia el color del Quickboy de la Servoarmadura</Description>
    <Description id="Fo76ini.Tweaks.General.ScreenshotIndexTweak">Cuando haces capturas de pantalla en el juego con el botón de imprimir pantalla,
las guarda en el directorio del juego como "ScreenShotX.png".
La "X" es el índice de las capturas de pantalla.</Description>
    <Description id="Fo76ini.Tweaks.Inis.INIReadOnlyTweak">Esta opción hará que todos los archivos *.ini sean inmediatamente de solo lectura.
Activa esta opción si tu configuración se revierte.</Description>
    <Description id="Fo76ini.Tweaks.Config.AutoApplyTweak">Ya no sería necesario pulsar aplicar.</Description>
    <Description id="Fo76ini.Tweaks.Config.IgnoreUpdatesTweak">No comprueba si hay actualizaciones al iniciarse y oculta el botón grande de actualización.</Description>
    <Description id="Fo76ini.Tweaks.Config.PlayNotificationSoundsTweak">Cuando se activa, la herramienta reproducirá sonidos de notificación personalizados.</Description>
    <Description id="Fo76ini.Tweaks.Config.ToolQuitOnLaunchTweak">Cuando se activa, cierra la herramienta cuando se inicia el juego.
Solo funciona si se inicia a través de la herramienta.</Description>
    <Description id="Fo76ini.Tweaks.NuclearWinterMode.RenameDLLsTweak">Si está marcada, cualquier archivo *.dll que no pertenezca al juego será renombrado.</Description>
    <Description id="Fo76ini.Tweaks.NuclearWinterMode.DeployModsOnNWModeTweak">Si se marca, los mods se implementarán cuando se desactive el modo Invierno nuclear.</Description>
    <Description id="Fo76ini.Tweaks.NuclearWinterMode.RemoveModsOnNWModeTweak">Si se marca, los mods se quitarán cuando se active el modo Invierno nuclear.</Description>
    <Description id="Fo76ini.Tweaks.Config.ArchiveTwoPathTweak">La herramienta utiliza Archive2.exe para extraer y empaquetar los archivos *.ba2.
Puedes establecer la ruta donde la herramienta busca Archive2.exe.</Description>
    <Description id="Fo76ini.Tweaks.Config.SevenZipPathTweak">La herramienta utiliza 7z.exe para extraer varios archivos (zip, rar, 7z).
Puedes establecer la ruta donde la herramienta busca 7z.exe.</Description>
    <Description id="Fo76ini.Tweaks.Config.DownloadPathTweak">Cuando descargues mods usando el botón 'Vortex' / 'Mod Manager Download' en NexusMods,
la herramienta descargará el archivo en esta carpeta.</Description>
  </TweakDescriptions>
  <FormMods title="Gestor de mods">
    <!--
        FormMods
        ******************************************************************************************************************************************************
        Mod Manager
    -->
    <StatusStrip id="statusStrip1">
      <ToolStripStatusLabel text="Recuento de mods:" id="toolStripStatusLabelDescModCount" />
      <ToolStripStatusLabel text="0" id="toolStripStatusLabelModCount" />
      <ToolStripStatusLabel text="Activado:" id="toolStripStatusLabelDescEnabledCount" />
      <ToolStripStatusLabel text="0" id="toolStripStatusLabelEnabledCount" />
      <ToolStripStatusLabel text=" " id="toolStripStatusLabelSpacer" />
      <ToolStripStatusLabel text="Implementación necesaria" id="toolStripStatusLabelDeploymentStatus" />
    </StatusStrip>
    <Panel id="panel1">
      <Button text="Implementar" id="buttonModsDeploy" />
      <CheckBox text="Desactivar mods" id="checkBoxDisableMods" />
    </Panel>
    <StyledTabControl id="tabControl1">
      <TabPage text="Orden de los mods" id="tabPageModOrder">
        <!-- ********** Tab "Mod order" ********** -->
        <Panel id="panelModDetails">
          <Panel id="panelModDetailsHeader">
            <Button id="buttonModAbstain">
              <Tooltip>Abstenerse de aprobar este mod.</Tooltip>
            </Button>
            <Button id="buttonModEndorse">
              <Tooltip>Dar mi aprobación a este mod.</Tooltip>
            </Button>
            <CheckBox text="Activar este mod" id="checkBoxModDetailsEnabled" />
          </Panel>
          <Panel id="panelModDetailsInner">
            <StyledGroupBox text="Notas" id="groupBoxNotes">
              <!-- Group "Notes" -->
            </StyledGroupBox>
            <StyledGroupBox text="Añadir / reemplazar archivos de mods" id="groupBoxModReplace">
              <!-- Group "Add / replace mod files" -->
              <Label text="Arrastra y suelta los archivos/carpetas en el cuadro de la izquierda para añadir/reemplazar archivos." id="labelModDetailsReplace" />
              <LinkLabel text="Borrar el contenido de la carpeta" id="linkLabelModDeleteFolderContents" />
              <LinkLabel text="Importar carpeta" id="linkLabelModReplaceFilesWithFolder" />
              <LinkLabel text="Importar archivo" id="linkLabelModReplaceFilesWithArchive" />
            </StyledGroupBox>
            <StyledGroupBox text="Opciones de instalación" id="groupBoxModDetailsInstallationOptions">
              <!-- Group "Installation options" -->
              <LinkLabel text="Invalidar archivo congelado" id="linkLabelModInvalidateFrozenArchive" />
              <LinkLabel text="Intentar la autodetección de opciones de instalación" id="linkLabelModAutoDetectInstallOptions" />
              <Button text="..." id="buttonModPickRootDir" />
              <Label text="Instalar como:" id="labelModInstallAs" />
              <Label text="Preestablecido:" id="labelModArchivePreset" />
              <CheckBox text="Congelar" id="checkBoxFreezeArchive">
                <Tooltip>Si se "congela" un archivo, no se vuelve a generar cuando se implementa.
Esto acelerará la implementación.

Es especialmente útil, si el archivo es ENORME (1 GB o más) y los archivos no han cambiado.</Tooltip>
              </CheckBox>
              <Label text="Instalar en:" id="labelModInstallInto" />
              <Button text="Sugerir" id="buttonModDetailsSuggestArchiveName" />
              <Label text="Nombre del archivo:" id="labelModArchiveName" />
            </StyledGroupBox>
            <StyledGroupBox text="Detalles" id="groupBoxModDetailsDetails">
              <!-- Group "Details" -->
              <Button id="buttonModOpenFolder">
                <Tooltip>Abrir carpeta del mod</Tooltip>
              </Button>
              <Label text="Nombre de la carpeta:" id="labelModFolderName" />
              <Button id="buttonModOpenPage">
                <Tooltip>Abrir enlace en el navegador</Tooltip>
              </Button>
              <Panel id="panelModDetailsNexusMods">
                <LinkLabel text="Establecer la última versión" id="linkLabelModSetLatestVersion" />
                <Label text="Última versión:" id="labelModLatestVersionDesc" />
                <Label text="Autor:" id="labelModAuthorDesc" />
              </Panel>
              <Label text="Versión instalada:" id="labelModVersion" />
              <Label text="Nombre del mod:" id="labelModName" />
              <Label text="Página web (URL):" id="labelModURL" />
            </StyledGroupBox>
          </Panel>
        </Panel>
        <ToolStrip id="toolStrip1">
          <ToolStripButton text="Añadir mod (desde archivo)" id="toolStripButtonAddMod" />
          <ToolStripButton text="Añadir mod (desde carpeta)" id="toolStripButtonAddModFolder" />
          <ToolStripButton text="Marcar/desmarcar todo" id="toolStripButtonCheckAll" />
          <ToolStripButton text="Mover arriba" id="toolStripButtonMoveUp" />
          <ToolStripButton text="Mover abajo" id="toolStripButtonMoveDown" />
          <ToolStripButton text="Abrir carpeta del mod" id="toolStripButtonModOpenFolder" />
          <ToolStripButton text="Congelar mod" id="toolStripButtonFreeze" />
          <ToolStripButton text="Descongelar mod" id="toolStripButtonModUnfreeze" />
          <ToolStripButton text="Eliminar mod" id="toolStripButtonDeleteMod" />
        </ToolStrip>
        <ObjectListView id="objectListViewMods">
          <Column></Column>
          <Column>Mod name &amp; info</Column>
          <Column>Status</Column>
          <Column>Installation</Column>
          <Column></Column>
        </ObjectListView>
      </TabPage>
      <TabPage text="Ajustes" id="tabPageModsSettings">
        <!-- ********** Tab "Settings" ********** -->
        <StyledGroupBox text="Interfaz" id="groupBoxModsInterface">
          <!-- Group "Interface" -->
          <Label text="Diseño de la lista de mods:" id="labelModListStyle" />
          <RadioButton text="Compacto, pero con más columnas (lista antigua)" id="radioButtonModsUseAlternativeList" />
          <RadioButton text="Estándar, columnas combinadas (nueva lista, por defecto)" id="radioButtonModsUseStandardList" />
          <CheckBox text="Mostrar el título del mod desde la página de NexusMods si está disponible." id="checkBoxModsUseRemoteModNames">
            <Tooltip>Si está marcada: muestra el título del mod tal y como está en NexusMods.
Si no está marcada: muestra el título del mod tal y como lo has escrito en el panel lateral.
Esto es puramente una preferencia personal.</Tooltip>
          </CheckBox>
        </StyledGroupBox>
        <StyledGroupBox text="Comportamiento" id="groupBoxModsBehavior">
          <!-- Group "Behavior" -->
          <Label text="Nota: estos ajustes solo tienen efecto después de la implementación." id="labelBehaviorNote" />
          <Panel id="panelBundledLoadOrder">
            <Label text="¿Dónde colocar los archivos empaquetados en el orden de carga?" id="labelBundledLoadOrder" />
            <RadioButton text="Poner primero los archivos empaquetados (por defecto)" id="radioButtonBundledFirstinLO">
              <Tooltip>Los archivos empaquetados aparecerán primero en el orden de carga.</Tooltip>
            </RadioButton>
            <RadioButton text="Poner los archivos empaquetados en último lugar" id="radioButtonBundledLastinLO">
              <Tooltip>Los archivos empaquetados aparecerán en último lugar en el orden de carga.</Tooltip>
            </RadioButton>
          </Panel>
          <Panel id="panelDeployMethod">
            <Label text="¿Cómo se copian los archivos?" id="labelDeployMethod" />
            <RadioButton text="Crear enlaces duros (recomendado)" id="radioButtonModsUseHardlinks">
              <Tooltip>Crea enlaces duros (hard links) en vez de copiar los archivos.
Reduce el tiempo de implementación y el espacio en disco.

Es la opción recomendada.</Tooltip>
            </RadioButton>
            <RadioButton text="Crear enlaces simbólicos (experimental, necesita derechos de administrador)" id="radioButtonModsUseSymlinks">
              <Tooltip>Crea enlaces simbólicos (soft links) en vez de copiar los archivos.
Reduce el tiempo de implementación y el espacio en disco.

Ten en cuenta que debes ejecutar la herramienta con derechos de administrador para crear enlaces simbólicos.
Si no, la herramienta volverá a copiar archivos.

Función experimental: debería funcionar, pero no está garantizado.</Tooltip>
            </RadioButton>
            <RadioButton text="Copiar archivos (más estable)" id="radioButtonModsCopyFiles">
              <Tooltip>Copia los archivos y, por lo tanto, utiliza más espacio en el disco.

No tiene efectos secundarios. Utiliza esta opción si tienes problemas.</Tooltip>
            </RadioButton>
          </Panel>
          <CheckBox text="Congelar los archivos empaquetados (experimental)" id="checkBoxFreezeBundledArchives">
            <Tooltip>En lugar de reconstruir los archivos empaquetados, guardará una copia empaquetada y te preguntará si quieres actualizarla al implementarla.</Tooltip>
          </CheckBox>
          <CheckBox text="Descongelar los archivos *.ba2 por defecto" id="checkBoxAddArchivesAsBundled" />
        </StyledGroupBox>
        <StyledGroupBox text="Listas" id="groupBoxLists">
          <!-- Group "Lists" -->
          <Button text="Reiniciar" id="buttonModsResetTextbox" />
          <Button text="Aplicar cambios" id="buttonModsApplyTextBox" />
          <Button text="Limpiar lista" id="buttonModsCleanList" />
          <Label text="Lista de recursos (separados por una nueva línea):" id="labelsResourceIndexFileList" />
        </StyledGroupBox>
      </TabPage>
    </StyledTabControl>
    <MenuStrip id="menuStrip1">
      <!-- Menu -->
      <ToolStripMenuItem text="Archivo" id="fileToolStripMenuItem">
        <ToolStripMenuItem text="Añadir mod" id="addModarchiveToolStripMenuItem">
          <ToolStripMenuItem text="Mod vacío" id="emptyModToolStripMenuItem" />
          <ToolStripMenuItem text="Desde un archivo" id="fromArchiveToolStripMenuItem" />
          <ToolStripMenuItem text="Desde un archivo *.ba2 (congelado)" id="fromba2ArchivefrozenToolStripMenuItem" />
          <ToolStripMenuItem text="Desde una carpeta" id="fromFolderToolStripMenuItem" />
        </ToolStripMenuItem>
        <ToolStripMenuItem text="Importar mods instalados" id="toolStripMenuItemModsImport" />
        <ToolStripMenuItem text="Guardar cambios" id="saveToolStripMenuItem" />
        <ToolStripMenuItem text="Implementar mods" id="deployToolStripMenuItem" />
      </ToolStripMenuItem>
      <ToolStripMenuItem text="Ver" id="editToolStripMenuItem">
        <ToolStripMenuItem text="Mostrar archivos conflictivos" id="showConflictingFilesToolStripMenuItem" />
        <ToolStripMenuItem text="Recargar IU" id="reloadUIToolStripMenuItem" />
      </ToolStripMenuItem>
      <ToolStripMenuItem text="Herramientas" id="toolsToolStripMenuItem">
        <ToolStripMenuItem text="Archive2" id="archive2ToolStripMenuItem">
          <ToolStripMenuItem text="Abrir Archive2" id="openArchive2ToolStripMenuItem" />
          <ToolStripMenuItem text="Explorar archivo *.ba2" id="exploreba2ArchiveToolStripMenuItem" />
        </ToolStripMenuItem>
        <ToolStripMenuItem text="API de NexusMods" id="nexusModsAPIToolStripMenuItem">
          <ToolStripMenuItem text="Actualizar información de los mods" id="updateModInformationToolStripMenuItem" />
          <ToolStripMenuItem text="Dar mi aprobación a los mods" id="endorseModsToolStripMenuItem" />
          <ToolStripMenuItem text="Comprobar actualizaciones" id="checkForUpdatesToolStripMenuItem" />
        </ToolStripMenuItem>
      </ToolStripMenuItem>
      <ToolStripMenuItem text="Ayuda" id="helpToolStripMenuItem">
        <ToolStripMenuItem text="Mostrar guía" id="showGuideToolStripMenuItem" />
        <ToolStripMenuItem text="Archivos de registro" id="logFilesToolStripMenuItem">
          <ToolStripMenuItem text="Mostrar modmanager.log.txt" id="showModmanagerlogtxtToolStripMenuItem" />
          <ToolStripMenuItem text="Mostrar archive2.log.txt" id="showArchive2logtxtToolStripMenuItem" />
        </ToolStripMenuItem>
      </ToolStripMenuItem>
    </MenuStrip>
  </FormMods>
  <FormWelcome title="Bienvenido">
    <!--
        FormWelcome
        ******************************************************************************************************************************************************
        Welcome
    -->
    <Label text="» Sé que eres un tipo ocupado, así que no te quitaré mucho tiempo.\n   Solo necesito verificar alguna información, ¡eso es todo! «\n       – Representante de Vault-Tec, octubre de 2077" id="label4" />
    <Button text="OK" id="buttonOK" />
    <Panel id="panel1">
      <GroupBox text="Ruta del juego" id="groupBoxGameLocation">
        <!-- Group "Game path" -->
        <Label text="Puedes omitir la ubicación del juego, si no quieres instalar mods." id="label3" />
        <Label text="Si tienes problemas para encontrar la ubicación del juego:\n\nSteam:\n    • C:\\Archivos de programa (x86)\\Steam\\steamapps\\common\\Fallout76\\\n    • ?:\\SteamLibrary\\steamapps\\common\\Fallout76\\\nXbox / Microsoft Store:\n    • C:\\Archivos de programa\\ModifiableWindowsApps\\Fallout76\\\n    • ?:\\XboxGames\\Fallout 76\\Content\\" id="label2" />
        <Button text="Intentar autodetección" id="buttonAutoDetect" />
        <Button text="..." id="buttonPickGamePath" />
      </GroupBox>
      <GroupBox text="Edición del juego" id="groupBoxGameEdition">
        <!-- Group "Game edition" -->
        <RadioButton text="Steam (PTS)" id="radioButtonEditionSteamPTS" />
        <RadioButton text="Otro" id="radioButtonEditionUnknown" />
        <RadioButton text="Xbox" id="radioButtonEditionMSStore" />
        <RadioButton text="Steam" id="radioButtonEditionSteam" />
      </GroupBox>
    </Panel>
    <Label text="Hola, ¡parece que has iniciado la herramienta por primera vez!\n" id="label1" />
    <Label text="¡Bienvenido!" id="labelTitle" />
  </FormWelcome>
  <Form1 title="Configuración rápida de Fallout 76">
    <!--
        Form1
        ******************************************************************************************************************************************************
        Fallout 76 Quick Configuration
    -->
    <ViewControl id="viewControl">
      <UserControlHome id="UserControlHome">
        <TabControlWithoutHeader id="tabControlWithoutHeader1">
          <TabPage text="tabPageHome" id="tabPageHome">
            <!-- ********** Tab "tabPageHome" ********** -->
            <Panel id="panelWebLinks">
              <StyledButton text="Map76" id="styledButtonMap76" />
              <StyledButton text="Estado de Bethesda.net" id="styledButtonBethesdaNetStatus" />
              <StyledButton text="Informes de errores" id="styledButtonBugReports" />
              <StyledButton text="Wiki y guías" id="styledButtonWikiAndGuides" />
              <StyledButton text="GitHub" id="styledButtonGitHub" />
              <StyledButton text="NukaCrypt" id="styledButtonNukacrypt" />
              <StyledButton text="NexusMods" id="styledButtonNexusMods" />
              <Label text="Enlaces web" id="labelWebLinks" />
              <StyledButton text="N&amp;D Build Planner" id="styledButtonNukesAndDragonsBuildPlanner" />
              <StyledButton text="xTranslator" id="styledButtonxTranslator" />
            </Panel>
            <Panel id="panelContent">
              <Label text="Servidor:" id="labelServerStatus" />
              <StyledButton text="¿Qué novedades hay?" id="styledButtonWhatsNew" />
              <Label text="Versión:" id="labelVersion" />
              <Label text="Traducido por:" id="labelTranslationBy" />
              <Label text="Autor:" id="labelAuthor" />
            </Panel>
            <Panel id="panelTitle">
              <Label text="Bienvenido a la configuración rápida" id="labelWelcome" />
              <Label text="Esta herramienta te permite cambiar varios ajustes del juego e instalar mods." id="labelDescription" />
            </Panel>
            <Panel id="panelUpdate">
              <PictureBoxButton text="¡Actualizar ahora!" id="pictureBoxButtonUpdate" />
              <LinkLabel text="O descargar e instalar manualmente..." id="linkLabelManualDownloadPage" />
            </Panel>
          </TabPage>
          <TabPage text="tabPageWhatsNew" id="tabPageWhatsNew">
            <!-- ********** Tab "tabPageWhatsNew" ********** -->
            <StyledButton text="Volver" id="styledButtonGoBack" />
          </TabPage>
        </TabControlWithoutHeader>
      </UserControlHome>
      <UserControlTweaks id="UserControlTweaks">
        <Label text="Truco: mantén el ratón encima de una opción si no estás seguro de lo que hace." id="labelTweaksDesc" />
        <Label text="Retoques" id="labelTweaksTitle" />
        <StyledTabControl id="tabControlTweaks">
          <TabPage text="Info" id="tabPageTweaksInfo">
            <!-- ********** Tab "Info" ********** -->
            <Label text="El control del navegador web no funciona correctamente en Windows 7 (ni probablemente en 8.1)\nHaz clic en el botón de abajo para leer la información." id="labelTweaksInfoWin7" />
            <Button text="Abrir en el navegador" id="buttonOpenTweaksInfoInBrowser" />
          </TabPage>
          <TabPage text="General" id="tabPageGeneral">
            <!-- ********** Tab "General" ********** -->
            <StyledGroupBox text="Juego" id="groupBoxGameplay">
              <!-- Group "Gameplay" -->
              <CheckBox text="Mochila visible" id="checkBoxBackpackVisible" />
              <Label text="Resaltar los cadáveres:" id="labelHighlightCorpses" />
            </StyledGroupBox>
            <StyledGroupBox text="Diálogo" id="groupBoxDialogue">
              <!-- Group "Dialogue" -->
              <Label text="Tamaño del historial de conversación (número de filas):" id="labelConversationHistorySize" />
              <CheckBox text="Mostrar el historial de diálogos" id="checkBoxDialogueHistory" />
              <CheckBox text="Mostrar subtítulos de los diálogos" id="checkBoxDialogueSubtitles" />
              <CheckBox text="Mostrar subtítulos generales" id="checkBoxGeneralSubtitles" />
            </StyledGroupBox>
            <StyledGroupBox text="Interfaz (HUD)" id="groupBoxHUD">
              <!-- Group "HUD" -->
              <StyledGroupBox text="Marcadores de misión flotantes en la interfaz (HUD)" id="groupBoxFloatingQuestMarkers">
                <!-- Group "Floating quest markers on HUD" -->
                <CheckBox text="Mostrar marcadores de misión flotantes\n" id="checkBoxShowFloatingQuestMarkers" />
                <CheckBox text="Mostrar el texto flotante de misión" id="checkBoxShowFloatingQuestText" />
                <Label text="Distancia de dibujado" id="labelFloatingQuestMarkersDistance" />
              </StyledGroupBox>
              <CheckBox text="Mostrar los nombres de otros jugadores" id="checkBoxShowOtherPlayersNames" />
              <CheckBox text="Activar las notificaciones públicas de equipos\n" id="checkBoxShowPublicTeamNotifications" />
              <CheckBox text="Activar la interfaz (HUD) de la Servoarmadura" id="checkBoxEnablePowerArmorHUD" />
              <CheckBox text="Mostrar números de daños flotantes" id="checkBoxShowDamageNumbers" />
              <CheckBox text="Mostrar retícula de disparo" id="checkBoxShowCrosshair" />
              <CheckBox text="Mostrar brújula" id="checkBoxShowCompass" />
              <Label text="Mostrar efectos activos en la interfaz:" id="labelShowActiveEffectsOnHUD" />
              <Label text="Opacidad de la interfaz (HUD)" id="labelHUDOpacity" />
            </StyledGroupBox>
            <StyledGroupBox text="Cargando" id="groupBoxLoading">
              <!-- Group "Loading" -->
              <CheckBox text="Acelerar fundido tras la carga" id="checkBoxFasterFadeIn" />
            </StyledGroupBox>
            <StyledGroupBox text="Misiones" id="groupBoxQuests">
              <!-- Group "Quests" -->
              <CheckBox text="Activar misiones diarias cuando se inician" id="checkBoxEnableQuestAutoTrackDaily" />
              <CheckBox text="Activar misiones de evento cuando se inician" id="checkBoxEnableQuestAutoTrackEvent" />
              <CheckBox text="Activar misiones tipo miscelánea cuando se inician" id="checkBoxEnableQuestAutoTrackMisc" />
              <CheckBox text="Activar misiones secundarias cuando se inician" id="checkBoxEnableQuestAutoTrackSide" />
              <CheckBox text="Activar misiones principales cuando se inician" id="checkBoxEnableQuestAutoTrackMain" />
            </StyledGroupBox>
            <StyledGroupBox text="Menú principal" id="groupBoxMainMenu">
              <!-- Group "Main Menu" -->
              <CheckBox text="Omitir la pantalla de inicio con las noticias en el arranque" id="checkBoxSkipSplash" />
              <CheckBox text="Saltar vídeos de introducción" id="checkBoxSkipIntroVideos" />
            </StyledGroupBox>
          </TabPage>
          <TabPage text="Vídeo" id="tabPageVideo">
            <!-- ********** Tab "Video" ********** -->
            <StyledGroupBox text="Gráficos" id="groupBoxGraphics">
              <!-- Group "Graphics" -->
              <StyledGroupBox text="Profundidad de campo" id="groupBoxDOF">
                <!-- Group "Depth of Field" -->
                <Label text="Intensidad" id="labelDOFStrength" />
                <CheckBox text="Activar profundidad de campo" id="checkBoxDepthOfField" />
              </StyledGroupBox>
              <Button text="Selecciona el preajuste de calidad" id="buttonSelectOverallQualityPreset" />
              <Label text="Calidad general:" id="labelOverallQualityPreset" />
              <StyledGroupBox text="Texturas" id="groupBoxTextures">
                <!-- Group "Textures" -->
                <Label text="Calidad de las texturas:" id="labelTextureQuality" />
              </StyledGroupBox>
              <StyledGroupBox text="Efectos" id="groupBoxGraphicEffects">
                <!-- Group "Effects" -->
                <CheckBox text="Salpicaduras de sangre" id="checkBoxBloodSplatter" />
                <CheckBox text="Desactivar el gore" id="checkBoxDisableGore" />
              </StyledGroupBox>
              <StyledGroupBox text="Nitidez TAA" id="groupBoxTAASharpening">
                <!-- Group "TAA Sharpening" -->
                <Label text="Post sharpen" id="labelTAAPostSharpen" />
                <Label text="Post overlay" id="labelTAAPostOverlay" />
              </StyledGroupBox>
              <Label text="Anti-Aliasing:" id="labelAntiAliasing" />
              <StyledGroupBox text="Hierba" id="groupBoxGrass">
                <!-- Group "Grass" -->
                <Label text="Distancia de desvanecimiento" id="labelGrassFadeDistance" />
                <CheckBox text="Activar la hierba" id="checkBoxGrass" />
              </StyledGroupBox>
              <StyledGroupBox text="Nivel de detalle (LOD)" id="groupBoxLOD">
                <!-- Group "LOD" -->
                <Label text="Distancia de desvanecimiento" id="labelLODFadeDistance" />
                <Label text="Actores" id="labelLODActors" />
                <Label text="Artículos" id="labelLODItems" />
                <Label text="Objetos" id="labelLODObjects" />
              </StyledGroupBox>
              <CheckBox text="Sincronización vertical (límite de velocidad de fotogramas)" id="checkBoxVSync" />
              <StyledGroupBox text="Iluminación" id="groupBoxLighting">
                <!-- Group "Lighting" -->
                <Label text="Calidad de la iluminación:" id="labelGodrayQuality" />
                <CheckBox text="Activar iluminación volumétrica" id="checkBoxGodrays" />
              </StyledGroupBox>
              <Label text="Filtro anisotrópico:" id="labelAnisotropicFiltering" />
              <StyledGroupBox text="Sombras" id="groupBoxShadows">
                <!-- Group "Shadows" -->
                <Label text="Calidad de las sombras:" id="labelShadowQuality" />
                <Label text="Desenfoque:" id="labelShadowBlurriness" />
                <Label text="Distancia de desvanecimiento" id="labelShadowDistance" />
                <Label text="Resolución de las sombras:" id="labelShadowTextureResolution" />
              </StyledGroupBox>
              <StyledGroupBox text="Agua" id="groupBoxWater">
                <!-- Group "Water" -->
                <Label text="Filtro de sombras:" id="labelWaterShadowFilter" />
                <CheckBox text="Arreglar el agua negra/invisible" id="checkBoxWaterFixSSRGlitch" />
                <CheckBox text="Usar alta resolución" id="checkBoxWaterHiRes" />
                <CheckBox text="Refracciones" id="checkBoxWaterRefractions" />
                <CheckBox text="Reflexiones" id="checkBoxWaterReflections" />
                <CheckBox text="Desplazamiento" id="checkBoxWaterDisplacement" />
              </StyledGroupBox>
              <StyledGroupBox text="Procesamiento posterior" id="groupBoxPostProcessing">
                <!-- Group "Post-processing" -->
                <CheckBox text="Reflexiones (SSR)" id="checkBoxSSReflections" />
                <CheckBox text="Oclusión ambiental (SSAO)" id="checkBoxAmbientOcclusion" />
                <CheckBox text="Desenfoque de movimiento" id="checkBoxMotionBlur" />
                <CheckBox text="Desenfoque radial" id="checkBoxRadialBlur" />
                <CheckBox text="Destellos de lente" id="checkBoxLensFlare" />
              </StyledGroupBox>
            </StyledGroupBox>
            <StyledGroupBox text="Pantalla" id="groupBoxDisplay">
              <!-- Group "Display" -->
              <CheckBox text="Arreglo del HUD para resoluciones 5:4 y 4:3 (parcialmente)" id="checkBoxFixHUDFor5_4and4_3" />
              <Button text="Detectar la resolución" id="buttonDetectResolution" />
              <Label text="Resolución personalizada:" id="labelCustomResolution" />
              <Label text="Resolución:" id="labelResolution" />
              <CheckBox text="Ventana siempre encima" id="checkBoxTopMostWindow" />
              <Label text="Modo de pantalla:" id="labelDisplayMode" />
              <Label text="X" id="labelCustomResolutionSpacer" />
            </StyledGroupBox>
          </TabPage>
          <TabPage text="Audio" id="tabPageAudio">
            <!-- ********** Tab "Audio" ********** -->
            <StyledGroupBox text="Audio" id="groupBoxAudio">
              <!-- Group "Audio" -->
              <CheckBox text="Activar audio" id="checkBoxEnableAudio" />
              <CheckBox text="Reproducir música en el menú principal" id="checkBoxMainMenuMusic" />
            </StyledGroupBox>
            <StyledGroupBox text="Voz" id="groupBoxVoice">
              <!-- Group "Voice" -->
              <Label text="Modo de chat de voz:" id="labelVoiceChatMode" />
              <CheckBox text="Activar 'Pulsar para hablar'" id="checkBoxPushToTalk" />
            </StyledGroupBox>
            <StyledGroupBox text="Volumen" id="groupBoxAudioVolume">
              <!-- Group "Volume" -->
              <Label text="Volumen principal" id="labelVolumeMaster" />
              <Label text="Volumen del chat" id="labelAudioChat" />
              <Label text="Música del menú" id="labelAudiofVal0" />
              <Label text="Radio del Pip-Boy" id="labelAudiofVal6" />
              <Label text="Radios del mundo" id="labelAudiofVal1" />
              <Label text="Pasos" id="labelAudiofVal5" />
              <Label text="Voz" id="labelAudiofVal2" />
              <Label text="Efectos" id="labelAudiofVal4" />
              <Label text="Música" id="labelAudiofVal3" />
            </StyledGroupBox>
          </TabPage>
          <TabPage text="Controles" id="tabPageControls">
            <!-- ********** Tab "Controls" ********** -->
            <StyledGroupBox text="Mando" id="groupBoxGamepad">
              <!-- Group "Gamepad" -->
              <CheckBox text="Ayuda a la puntería" id="checkBoxAimAssist" />
              <CheckBox text="Activar vibración del mando" id="checkBoxGamepadRumble" />
              <CheckBox text="Activar mando" id="checkBoxGamepadEnabled" />
              <Label text="Sensibilidad vertical" id="labelGamepadSensitivityY" />
              <Label text="Sensibilidad horizontal" id="labelGamepadSensitivityX" />
            </StyledGroupBox>
            <StyledGroupBox text="Ratón" id="groupBoxMouse">
              <!-- Group "Mouse" -->
              <CheckBox text="Invertir X" id="checkBoxMouseInvertX" />
              <CheckBox text="Invertir Y" id="checkBoxMouseInvertY" />
              <CheckBox text="Corregir sensibilidad al apuntar" id="checkBoxFixAimSensitivity" />
              <CheckBox text="Igualar la sensibilidad horizontal/vertical del ratón" id="checkBoxFixMouseSensitivity" />
              <Label text="Sensibilidad vertical" id="labelMouseSensitivityY" />
              <Label text="Sensibilidad horizontal" id="labelMouseSensitivityX" />
            </StyledGroupBox>
          </TabPage>
          <TabPage text="Cámara" id="tabPageCamera">
            <!-- ********** Tab "Camera" ********** -->
            <StyledGroupBox text="Posición de la cámara (experimental)" id="groupBoxCameraPosition">
              <!-- Group "Camera position (Experimental)" -->
              <StyledGroupBox text="Posición de la cámara de combate cuerpo a cuerpo" id="groupBoxMeleeCombatCameraPosition">
                <!-- Group "Melee combat camera position" -->
                <Label text="Lejos/Cerca (fOverShoulderMeleeCombatAddY)" id="labelfOverShoulderMeleeCombatAddY" />
                <Label text="Izquierda/Derecha (fOverShoulderMeleeCombatPosX)" id="labelfOverShoulderMeleeCombatPosX" />
                <Label text="Abajo/Arriba (fOverShoulderMeleeCombatPosZ)" id="labelfOverShoulderMeleeCombatPosZ" />
              </StyledGroupBox>
              <StyledGroupBox text="Posición de la cámara de combate" id="groupBoxCombatCameraPosition">
                <!-- Group "Combat camera position" -->
                <Label text="Lejos/Cerca (fOverShoulderCombatAddY)" id="labelfOverShoulderCombatAddY" />
                <Label text="Izquierda/Derecha (fOverShoulderCombatPosX)" id="labelfOverShoulderCombatPosX" />
                <Label text="Abajo/Arriba (fOverShoulderCombatPosZ)" id="labelfOverShoulderCombatPosZ" />
              </StyledGroupBox>
              <Button text="Reiniciar" id="buttonCameraPositionReset" />
              <CheckBox text="bApplyCameraNodeAnimations" id="checkBoxbApplyCameraNodeAnimations" />
              <StyledGroupBox text="Posición de la cámara sin armas" id="groupBoxUnarmedCameraPosition">
                <!-- Group "Unarmed camera position" -->
                <Label text="Izquierda/Derecha (fOverShoulderPosX)" id="labelfOverShoulderPosX" />
                <Label text="Abajo/Arriba (fOverShoulderPosZ)" id="labelfOverShoulderPosZ" />
              </StyledGroupBox>
            </StyledGroupBox>
            <StyledGroupBox text="Más ajustes en el campo de visión" id="groupBoxFOVMore">
              <!-- Group "More Field of View tweaks" -->
              <Label text="Campo de visión al apuntar en 3ª persona:" id="labelADSFOV" />
            </StyledGroupBox>
            <StyledGroupBox text="Opciones del modo foto" id="groupBoxSelfieCamera">
              <!-- Group "Photomode options" -->
              <Label text="Velocidad de rotación:" id="labelPhotomodeRotationSpeed" />
              <Label text="Límite de alcance:" id="labelPhotomodeRange" />
              <Label text="Velocidad de traslación:" id="labelPhotomodeTranslationSpeed" />
            </StyledGroupBox>
            <StyledGroupBox text="Cámara inactiva (experimental)" id="groupBoxIdleCamera">
              <!-- Group "Idle camera (Experimental)" -->
              <CheckBox text="Forzar el modo automático de vanidad" id="checkBoxForceVanityMode" />
              <CheckBox text="Activar cámara giratoria cuando está inactiva" id="checkBoxVanityMode" />
            </StyledGroupBox>
            <StyledGroupBox text="Distancia de la cámara en 3ª persona" id="groupBoxCameraDistance">
              <!-- Group "Camera distance in 3rd person" -->
              <Label text="Distancia al suelo:" id="labelPitchZoomOutMaxDist" />
              <Label text="Máximo:" id="labelCameraDistanceMaximum" />
              <Label text="Mínimo:" id="labelCameraDistanceMinimum" />
            </StyledGroupBox>
            <StyledGroupBox text="Campo de visión" id="groupBoxFieldOfView">
              <!-- Group "Field of View" -->
            </StyledGroupBox>
          </TabPage>
          <TabPage text="Bethesda.net" id="tabPageLogin">
            <!-- ********** Tab "Bethesda.net" ********** -->
            <StyledGroupBox text="Perfiles" id="groupBoxLoginProfiles">
              <!-- Group "Profiles" -->
              <RadioButton text="Ninguno" id="radioButtonAccountNone" />
              <RadioButton text="Cuenta #1" id="radioButtonAccount1" />
              <RadioButton text="Cuenta #16" id="radioButtonAccount16" />
              <RadioButton text="Cuenta #2" id="radioButtonAccount2" />
              <RadioButton text="Cuenta #15" id="radioButtonAccount15" />
              <RadioButton text="Cuenta #3" id="radioButtonAccount3" />
              <RadioButton text="Cuenta #14" id="radioButtonAccount14" />
              <RadioButton text="Cuenta #4" id="radioButtonAccount4" />
              <RadioButton text="Cuenta #13" id="radioButtonAccount13" />
              <RadioButton text="Cuenta #5" id="radioButtonAccount5" />
              <RadioButton text="Cuenta #12" id="radioButtonAccount12" />
              <RadioButton text="Cuenta #6" id="radioButtonAccount6" />
              <RadioButton text="Cuenta #11" id="radioButtonAccount11" />
              <RadioButton text="Cuenta #7" id="radioButtonAccount7" />
              <RadioButton text="Cuenta #10" id="radioButtonAccount10" />
              <RadioButton text="Cuenta #8" id="radioButtonAccount8" />
              <RadioButton text="Cuenta #9" id="radioButtonAccount9" />
            </StyledGroupBox>
            <StyledGroupBox text="Iniciar sesión con Bethesda.net" id="groupBoxLogin">
              <!-- Group "Login with Bethesda.net" -->
              <CheckBox text="Inicio de sesión automático" id="checkBoxAutoSignin" />
              <CheckBox text="Activar Steam" id="checkBoxEnableSteam" />
              <CheckBox text="Mostrar contraseña" id="checkBoxShowPassword" />
              <Label text="Contraseña:" id="labelPassword" />
              <Label text="Usuario:" id="labelUserName" />
            </StyledGroupBox>
          </TabPage>
        </StyledTabControl>
      </UserControlTweaks>
      <UserControlPipboy id="UserControlPipboy">
        <Panel id="panel1">
          <StyledTabControl id="tabControlPipboy">
            <TabPage text="Pip-Boy" id="tabPagePipboyColor">
              <!-- ********** Tab "Pip-Boy" ********** -->
              <Label text="HEX" id="labelPipboyHEX" />
              <Label text="Vista previa" id="labelPreviewPipboy" />
              <Label text="La vista previa es solo una aproximación,\nasí que puede que no se vea exactamente así en el juego." id="labelPipboyColorPreviewNotice" />
              <Button text="Reiniciar" id="buttonColorResetPipboy" />
              <Button text="Elegir color" id="buttonColorPickPipboy" />
              <Label text="Color del Pip-Boy" id="labelPipboyColor" />
            </TabPage>
            <TabPage text="Quick-Boy" id="tabPageQuickboyColor">
              <!-- ********** Tab "Quick-Boy" ********** -->
              <Label text="HEX" id="labelQuickboyHEX" />
              <Label text="Vista previa" id="labelPreviewQuickboy" />
              <Label text="La vista previa es solo una aproximación,\nasí que puede que no se vea exactamente así en el juego." id="labelQuickboyColorPreviewNotice" />
              <Button text="Elegir color" id="buttonColorPickQuickboy" />
              <Button text="Reiniciar" id="buttonColorResetQuickboy" />
              <Label text="Color del Quick-Boy" id="labelQuickboyColor" />
            </TabPage>
            <TabPage text="Servoarmadura" id="tabPagePowerArmorColor">
              <!-- ********** Tab "Power Armor" ********** -->
              <Label text="HEX" id="labelPAColorHEX" />
              <Label text="Vista previa" id="labelPreviewPA" />
              <Label text="La vista previa es solo una aproximación,\nasí que puede que no se vea exactamente así en el juego." id="labelPAColorPreviewNotice" />
              <Label text="Color de la Servoarmadura" id="labelPowerArmorColor" />
              <Button text="Elegir color" id="buttonColorPickPAPipboy" />
              <Button text="Reiniciar" id="buttonColorResetPAPipboy" />
            </TabPage>
          </StyledTabControl>
          <Panel id="panelPipboyPresets">
            <Button text="Patata exuberante" id="buttonPresetTato" />
            <Button text="Lavanda calmante" id="buttonButtonPresetLavendar" />
            <Button text="Por defecto Servoarmadura" id="buttonPresetFo76PPColor" />
            <Button text="Por defecto Quick-Boy" id="buttonPresetFo76QB" />
            <Button text="Blanco radiante" id="buttonPresetWhite" />
            <Label text="Preajustes" id="labelPresets" />
            <Button text="Azul clásico" id="buttonPresetFo3Blue" />
            <Button text="Verde Capital Wasteland" id="buttonPresetFo3Green" />
            <Button text="Verde Commonwealth" id="buttonPresetFo4Green" />
            <Button text="Blanco clásico" id="buttonPresetFo3White" />
            <Button text="Ambar Mojave Wasteland" id="buttonPresetFoNVAmber" />
            <Button text="Verde Appalachia" id="buttonPresetFo76Green" />
          </Panel>
        </Panel>
        <Panel id="panelPipboyOther">
          <LinkLabel text="Restablecer por defecto" id="linkLabelPipboyTargetReset" />
          <Label text="Resolución" id="labelPipboyResolution" />
          <LinkLabel text="Establecer la resolución recomendada" id="linkLabelPipboyTargetSetRecommended" />
          <RadioButton text="Usar Quick-Boy" id="radioButtonQuickboy" />
          <Label text="Estos ajustes afectan tanto al Pip-Boy como al Quick-Boy." id="labelPipboyResolutionSideNote" />
          <Label text="Modo" id="labelPipboyMode" />
          <RadioButton text="Usar Pip-Boy" id="radioButtonPipboy" />
        </Panel>
        <Label text="Personalización del Pip-Boy" id="labelPipboyTitle" />
      </UserControlPipboy>
      <UserControlGallery id="UserControlGallery">
        <Panel id="panelGalleryOptions">
          <StyledGroupBox text="Opciones" id="groupBoxScreenshotOptions">
            <!-- Group "Options" -->
            <Button text="Eliminar miniaturas" id="buttonGalleryDeleteThumbnails" />
            <CheckBox text="Buscar en subcarpetas de forma recursiva" id="checkBoxGallerySearchRecursively" />
            <Label text="Rutas adicionales (separadas por una nueva línea):" id="labelGalleryAdditionalPaths" />
            <Label text="Índice de capturas de pantalla:" id="labelScreenshotIndex" />
          </StyledGroupBox>
        </Panel>
        <Label text="Galería" id="labelGalleryTitle" />
        <Panel id="panelGallery">
          <Label text="Haz clic en &quot;Actualizar galería&quot; en la esquina superior derecha para mostrar las capturas de pantalla y las fotos." id="labelGalleryTip" />
        </Panel>
      </UserControlGallery>
      <UserControlCustom id="UserControlCustom">
        <Label text="Todo lo que se escriba aquí sobrescribirá los ajustes de los archivos *.ini." id="labelCustomDesc" />
        <Label text="Ajustes personalizados *.ini" id="labelCustomTitle" />
        <Button text="Guardar*" id="buttonCustomSave" />
        <Label text="Sobrescribir líneas en el archivo:" id="labelCustomFile" />
      </UserControlCustom>
      <UserControlSettings id="UserControlSettings">
        <Panel id="panel2">
          <Label text="Es necesario reiniciar para que todos los elementos sean tematizados correctamente." id="labelThemeExpl" />
          <RadioButton text="Sistema" id="radioButtonRespectSystemTheme" />
          <RadioButton text="Oscuro" id="radioButtonDarkTheme" />
          <RadioButton text="Claro" id="radioButtonLightTheme" />
          <Label text="Tema:" id="labelTheme" />
          <Label text="Apariencia" id="labelAppearance" />
        </Panel>
        <Panel id="panel1">
          <Label text="Notificaciones" id="labelSettingsNotifications" />
          <CheckBox text="Mostrar notificaciones" id="checkBoxShowNotifications">
            <Tooltip>Desactivando esta opción, las notificaciones estarán desactivadas, pero es posible que te pierdas mensajes (más o menos) importantes.</Tooltip>
          </CheckBox>
          <CheckBox text="Reproducir sonido de notificación" id="checkBoxPlayNotificationSound" />
        </Panel>
        <Panel id="panelSettingsProfile">
          <LinkLabel text="Ir a los perfiles →" id="linkLabelOpenProfileEditor" />
          <Label text="¿Buscas la configuración del perfil (ruta del juego, edición del juego, etc.)?" id="labelSettingsProfileNotice" />
          <Label text="Perfil" id="labelSettingsProfiles" />
        </Panel>
        <Panel id="panelSettingsPaths">
          <Label text="Rutas" id="labelSettingsPaths" />
          <Label text="Ruta de 7z.exe:" id="labelSevenZipPath" />
          <Button text="..." id="buttonPickArchiveTwoPath" />
          <Label text="Ruta de Archive2.exe:" id="labelArchiveTwoPath" />
          <Button text="..." id="buttonPickSevenZipPath" />
          <Label text="Programas" id="labelSettingsPrograms" />
          <Label text="Gestor de mods" id="labelSettingsModManager" />
          <Label text="Carpeta de descargas:" id="labelDownloadsPath" />
          <Button text="..." id="buttonPickDownloadsPath" />
        </Panel>
        <Panel id="panelSettingsNWMode">
          <Label text="Opciones de invierno nuclear (obsoletas)" id="labelSettingsNuclearWinterOptions" />
          <CheckBox text="Renombrar los archivos *.dll añadidos" id="checkBoxNWRenameDLL" />
          <CheckBox text="Eliminar automáticamente los mods al activarlos" id="checkBoxNWAutoDisableMods" />
          <Label text="Opciones de *.dll:" id="labelNWdlloptions" />
          <Label text="Opciones del mod:" id="labelNWmodoptions" />
          <CheckBox text="Implementar automáticamente los mods al desactivarlos" id="checkBoxNWAutoDeployMods" />
          <Label text="Cambiar modo:" id="labelToggleNW" />
          <StyledButton text="Invierno nuclear" id="buttonNWMode" />
        </Panel>
        <Panel id="panelSettingsOptions">
          <Label text="Opciones" id="labelSettingsOptions" />
          <CheckBox text="Hacer que los archivos *.ini sean de solo lectura" id="checkBoxReadOnly" />
          <CheckBox text="Asociar con los enlaces de &quot;Mod Manager Download&quot;" id="checkBoxHandleNXMLinks" />
        </Panel>
        <Panel id="panelSettingsBehavior">
          <CheckBox text="Notificar cuando una nueva traducción esté disponible para su descarga" id="checkBoxNotifyOnTranslationUpdate" />
          <CheckBox text="Hacer copias de seguridad de los archivos *.ini antes de guardar los cambios." id="checkBoxMakeBackups" />
          <Label text="Comportamiento" id="labelSettingsBehavior" />
          <CheckBox text="Aplicar los cambios cuando se cierra la herramienta o se inicia el juego" id="checkBoxAutoApply" />
          <CheckBox text="Cerrar la herramienta cuando se inicia el juego" id="checkBoxQuitOnGameLaunch" />
          <CheckBox text="No comprobar si hay actualizaciones" id="checkBoxIgnoreUpdates" />
        </Panel>
        <Panel id="panelSettingsLocalization">
          <Label text="Hay actualizaciones para las traducciones.\nHaz clic en el botón de descarga para obtenerlas." id="labelTranslationsUpdateAvailable" />
          <Label text="Traducción" id="labelSettingsLocalization" />
          <Label text="Idioma:" id="labelLanguage" />
          <Button id="buttonDownloadLanguages">
            <Tooltip>Descargar traducciones</Tooltip>
          </Button>
          <Button id="buttonRefreshLanguage">
            <Tooltip>Actualizar la traducción activa</Tooltip>
          </Button>
          <Label text="Esta traducción está obsoleta.\nEs posible que algunos elementos no estén traducidos todavía." id="labelOutdatedLanguage" />
        </Panel>
        <Label text="Configuración de la aplicación" id="labelSettingsTitle" />
      </UserControlSettings>
      <UserControlNexusMods id="UserControlNexusMods">
        <Panel id="panelManageNMProfile">
          <FlowLayoutPanel id="flowPanelNMActions">
            <Button text="Iniciar sesión" id="buttonNMLogin" />
            <Button text="Iniciar sesión con clave" id="buttonNMLoginManually" />
            <Button text="Cerrar sesión" id="buttonNWLogout" />
            <Button text="Actualizar perfil" id="buttonNMUpdateProfile" />
            <Button text="Eliminar caché" id="buttonNWDeleteCache" />
          </FlowLayoutPanel>
          <LinkLabel text="¿El inicio de sesión no funciona? Haz clic aquí para utilizar tu clave API en su lugar." id="linkLabelEnableAPIKey" />
          <LinkLabel text="¿Cómo puedo iniciar sesión con una clave API?" id="linkLabelAPIKeyHelp" />
          <Label text="Clave API" id="labelAPIKey" />
          <CheckBox text="Mostrar clave API" id="checkBoxShowAPIKey" />
          <Label text="Acciones" id="labelNexusModsActions" />
          <CheckBox text="Descargar miniaturas" id="checkBoxNMDownloadThumbnails" />
          <Label text="Opciones" id="labelNMOptions" />
          <CheckBox text="Actualizar perfil automáticamente" id="checkBoxNMUpdateProfile" />
        </Panel>
        <Panel id="panelNMProfile">
          <Label text="No has iniciado sesión." id="labelNMNotLoggedIn" />
          <Label text="ID de usuario:" id="labelNMDescUserID" />
          <Label text="Límite de cuota por hora:" id="labelNMDescHourlyRateLimit" />
          <Label text="Membresía:" id="labelNMDescMembership" />
          <Label text="Nunca" id="labelNMRateLimitReset" />
          <Label text="Restablecimiento del límite de la cuota:" id="labelNMDescLimitReset" />
          <Label text="Límite diario de la cuota:" id="labelNMDescDailyRateLimit" />
        </Panel>
        <Label text="Integración con NexusMods" id="labelNexusTitle" />
      </UserControlNexusMods>
      <UserControlProfiles id="UserControlProfiles">
        <TabControlWithoutHeader id="tabControl">
          <TabPage text="Selecciona" id="tabPageSelect">
            <!-- ********** Tab "Select" ********** -->
            <Label text="Perfiles" id="labelSelectTitle" />
            <Button text="Editar perfil" id="buttonEditProfile" />
            <Button text="Eliminar perfil" id="buttonDeleteProfile" />
            <ListView id="listViewGameInstances">
              <Column>Juego</Column>
            </ListView>
            <Button text="Añadir perfil" id="buttonAddProfile" />
          </TabPage>
          <TabPage text="Editar" id="tabPageEdit">
            <!-- ********** Tab "Edit" ********** -->
            <Label text="Editar perfil" id="labelEditTitle" />
            <LinkLabel text="← Guardar perfil y volver a la selección" id="linkLabelNavigationBack" />
            <Panel id="panelSettings">
              <LinkLabel text="Intentar autodetección" id="linkLabelAutoDetect" />
              <CheckBox text="Mostrar más opciones" id="checkBoxMoreOptions" />
              <Label text="Ruta del juego:" id="labelGamePath" />
              <Panel id="panelAdvancedOptions">
                <LinkLabel text="Mostrar el artículo de la wiki" id="linkLabelProfilesHelp" />
                <Label text="Ruta del *.ini:" id="labelIniPath" />
                <Button text="..." id="buttonPickIniPath" />
                <Label text="Opciones avanzadas" id="labelProfileAdvancedOptions" />
                <Label text="URL:" id="labelLaunchURL" />
                <Label text="Fallout 76 no se puede ejecutar directamente si se ha instalado a través de la aplicación de Xbox." id="labelLaunchOptionMSStoreNotice" />
                <Label text="Opciones de ejecución" id="labelProfileLaunchOptions" />
                <Label text="Parámetros:" id="labelParameters" />
                <RadioButton text="Ejecutar &quot;Fallout76.exe&quot; directamente" id="radioButtonLaunchViaExecutable" />
                <RadioButton text="Ejecutar vía Steam / Xbox (recomendado)" id="radioButtonLaunchViaLink" />
                <Label text="Ejecutable:" id="labelExecutable" />
                <Label text="Prefijo del *.ini:" id="labelIniPrefix" />
              </Panel>
              <Label text="Edición del juego:" id="labelGameEdition" />
              <Label text="Nombre de perfil:" id="labelProfileName" />
              <Button text="..." id="buttonPickGamePath" />
            </Panel>
          </TabPage>
        </TabControlWithoutHeader>
      </UserControlProfiles>
    </ViewControl>
    <UserControlSideNav id="userControlSideNav">
      <StyledButton text="NexusMods" id="buttonNexusMods" />
      <StyledButton text="Ajustes personalizados" id="buttonCustom" />
      <Label text="Perfil seleccionado:" id="labelGameEditionDesc" />
      <StyledButton text="Inicio" id="buttonHome" />
      <StyledButton text="Galería" id="buttonGallery" />
      <StyledButton text="Pip-Boy" id="buttonPipboy" />
      <StyledButton text="Retoques" id="buttonTweaks" />
      <StyledButton text="Navegar" id="buttonBrowse" />
      <StyledButton text="Ajustes" id="buttonSettings" />
      <StyledButton text="Mods" id="buttonMods" />
      <StyledButton text="Actualizar" id="buttonUpdate" />
      <StyledButton text="Aplicar" id="buttonApply" />
      <StyledButton text="Jugar" id="buttonPlay" />
      <Label text="Perfil" id="labelProfile" />
      <Label text="Configuración rápida" id="labelLogo" />
    </UserControlSideNav>
    <ContextMenuStrip id="contextMenuStrip1">
      <ToolStripMenuItem text="Abrir" id="openToolStripMenuItem" />
      <ToolStripMenuItem text="Abrir carpeta" id="openFolderToolStripMenuItem" />
      <ToolStripMenuItem text="Cortar" id="cutToolStripMenuItem" />
      <ToolStripMenuItem text="Copiar" id="copyToolStripMenuItem" />
      <ToolStripMenuItem text="Eliminar" id="deleteToolStripMenuItem" />
    </ContextMenuStrip>
    <ContextMenuStrip id="contextMenuStripBrowse">
      <ToolStripMenuItem text="Carpeta de instalación del juego" id="gameFolderToolStripMenuItem" />
      <ToolStripMenuItem text="Carpeta de configuración del juego" id="gamesConfigurationFolderToolStripMenuItem" />
      <ToolStripMenuItem text="Carpeta de instalación de la herramienta" id="toolInstallationFolderToolStripMenuItem" />
      <ToolStripMenuItem text="Carpeta de configuración de la herramienta" id="toolConfigurationFolderToolStripMenuItem" />
      <ToolStripMenuItem text="Carpeta de idiomas de la herramienta" id="toolLanguagesFolderToolStripMenuItem" />
      <ToolStripMenuItem text="Carpeta de capturas de pantalla de Steam" id="steamScreenshotFolderToolStripMenuItem" />
      <ToolStripMenuItem text="Carpeta de fotos del juego" id="gamePhotosFolderToolStripMenuItem" />
      <ToolStripMenuItem text="Editar Fallout76.ini" id="editFallout76iniToolStripMenuItem" />
      <ToolStripMenuItem text="Editar Fallout76Prefs.ini" id="editFallout76PrefsiniToolStripMenuItem" />
      <ToolStripMenuItem text="Editar Fallout76Custom.ini" id="editFallout76CustominiToolStripMenuItem" />
    </ContextMenuStrip>
    <ContextMenuStrip id="contextMenuStripOverallQualityPresets">
      <ToolStripMenuItem text="Preajustes de gráficos" id="toolStripMenuItem1" />
      <ToolStripMenuItem text="Bajo" id="lowToolStripMenuItem" />
      <ToolStripMenuItem text="Medio" id="mediumToolStripMenuItem" />
      <ToolStripMenuItem text="Alto" id="highToolStripMenuItem" />
      <ToolStripMenuItem text="Ultra" id="ultraToolStripMenuItem" />
      <ToolStripMenuItem text="Cancelar" id="cancelToolStripMenuItem" />
    </ContextMenuStrip>
  </Form1>
</Language>