﻿<?xml version="1.0" encoding="utf-8"?>
<!--
     This is a template that contains some of the already translated elements.
     You can rename it from "*.template.xml" to "*.xml" and translate the added elements.

     If you need help with translating, you can find a guide here:
     https://github.com/FelisDiligens/Fallout76-QuickConfiguration/wiki/Translations
-->
<Language name="中文（简体）" iso="zh-CN" author="SugarBombs" version="1.12.8">
  <Strings>
    <!--
        Strings
        ******************************************************************************************************************************************************
        Basically little text snippets that can be used everywhere.
    -->
    <String text="新版本可用: {0}" id="newVersionAvailable" />
    <String text="立即更新" id="updateNowButton" />
    <String text="未知" id="unknown" />
    <String text="需要部署必要组件" id="modsDeploymentNecessary" />
    <String text="部分程序出现错误，请查看日志文件。" id="modsFailed" />
    <String text="通用" id="modsTablePresetGeneral" />
    <String text="纹理材质" id="modsTablePresetTextures" />
    <String text="音效" id="modsTablePresetSoundFX" />
    <String text="捆绑包" id="modsTableTypeBundled" />
    <String text="独立归档" id="modsTableTypeSeparate" />
    <String text="独立归档（冻结）" id="modsTableTypeSeparateFrozen" />
    <String text="松散文件" id="modsTableTypeLoose" />
    <String text="待处理" id="modTableFrozenPending" />
    <String text="冻结" id="modTableFrozen" />
    <String text="冻结" id="modTableFreeze" />
    <String text="打包至 {0}." id="modTableInstallInfoBundledBA2" />
    <String text="使用预设 {1} 打包至 {0}" id="modTableInstallInfoSeparateBA2" />
    <String text="复制文件至 {0}。" id="modTableInstallInfoLooseFiles" />
    <String text="待安装" id="modTablePendingInstallation" />
    <String text="待移除" id="modTablePendingRemoval" />
    <String text="待应用更改" id="modTablePendingChanges" />
    <String text="更新可用" id="updateAvailable" />
    <String text="已启用" id="enabled" />
    <String text="已禁用" id="disabled" />
    <String text="版本" id="gameEdition" />
    <String text="低" id="lowPreset" />
    <String text="中" id="mediumPreset" />
    <String text="高" id="highPreset" />
    <String text="超级" id="ultraPreset" />
    <String text="自定义" id="customPreset" />
    <String text="当前预设：{0}" id="currentPreset" />
    <String text="已选择 {0} 个模组" id="modDetailsTitleBulkSelected" />
    <String text="{0} 小时 {1} 分钟后" id="nmResetTime" />
    <String text="剩余 {0} " id="nmRateLimitLeft" />
    <String text="基础账号" id="nmBasicAccount" />
    <String text="支持者账号" id="nmSupporterAccount" />
    <String text="高级账号" id="nmPremiumAccount" />
    <String text="不适用" id="notApplicable" />
    <String text="是" id="yes" />
    <String text="否" id="no" />
    <String text="有效" id="valid" />
    <String text="无效" id="invalid" />
    <String text="自动" id="auto" />
    <String text="已选择" id="selected" />
    <String text="核冬天模式" id="nuclearwintermode" />
    <String text="冒险模式" id="adventuremode" />
    <String text="禁用模组" id="disableMods" />
    <String text="启用模组" id="enableMods" />
    <String text="受影响的值" id="affectedValues" />
    <String text="受影响的文件" id="affectedFiles" />
    <String text="已赞赏该模组。" id="endorsedText" />
    <String text="尚未赞赏该模组。" id="notEndorsedText" />
    <String text="已放弃支持此模组。" id="abstainedText" />
    <String text="警告：找不到常用资源文件夹（网格模型、纹理、声音、材质、界面等），该模组可能无法加载！" id="modSidePanel_WarningNoCommonResourceFoldersFound" />
    <String text="警告：找不到要打包到 *.ba2 归档的有效文件。 Archive2 在部署期间可能失败！" id="modSidePanel_WarningNoFilesAvailableToPack" />
    <String text="提示：混合通用、纹理和声音文件可能导致模组无法正确加载。如果模组无法正常工作，请尝试将其设置为“捆绑*.ba2归档” " id="modSidePanel_HintMixedResourcesFound" />
    <String text="提示：对于包含通用文件的模组，选择通用预设或保持自动检测。" id="modSidePanel_HintWrongPresetForGeneralFiles" />
    <String text="提示：对于纹理替换模组，选择“纹理（*.dds 文件）”预设或保持自动检测。" id="modSidePanel_HintWrongPresetForTextures" />
    <String text="提示：对于声音替换模组，选择“音效、音乐、语音”预设或保持自动检测。" id="modSidePanel_HintWrongPresetForAudioFiles" />
    <String text="提示：*.dll 文件通常作为松散文件安装到游戏根目录（游戏程序所在位置）。" id="modSidePanel_HintWrongInstallMethodForDLLs" />
    <String text="提示：字符串文件通常作为松散文件安装至游戏根目录的“Data\Strings” 文件夹。" id="modSidePanel_HintWrongInstallMethodForStrings" />
  </Strings>
  <Dropdowns>
    <!--
        Dropdowns
        ******************************************************************************************************************************************************
        Make sure that the amount of options stays the same.
    -->
    <Dropdown id="ModInstallAs">
      <Option>与其他模组捆绑为 *.ba2 归档</Option>
      <Option>创建独立 *.ba2 归档</Option>
      <Option>复制松散文件</Option>
    </Dropdown>
    <Dropdown id="ModArchivePreset_Updated">
      <Option>-- 请选择 --</Option>
      <Option>自动检测（推荐）</Option>
      <Option>通用/模型网格/材质/动画</Option>
      <Option>纹理（*.dds文件）</Option>
      <Option>音效和音乐/界面和HUD</Option>
    </Dropdown>
    <Dropdown id="Resolution">
      <Option>自定义</Option>
      <Option></Option>
      <Option>┌───────────────────────────────┐</Option>
      <Option>│  4:3                          │</Option>
      <Option>├───────────────────────────────┤</Option>
      <Option>│ [4:3]    640 x  480 (VGA)     │</Option>
      <Option>│ [4:3]    800 x  600 (SVGA)    │</Option>
      <Option>│ [4:3]    960 x  720           │</Option>
      <Option>│ [4:3]   1024 x  768 (XGA)     │</Option>
      <Option>│ [4:3]   1152 x  864           │</Option>
      <Option>│ [4:3]   1280 x  960           │</Option>
      <Option>│ [4:3]   1400 x 1050           │</Option>
      <Option>│ [4:3]   1440 x 1080           │</Option>
      <Option>│ [4:3]   1600 x 1200           │</Option>
      <Option>│ [4:3]   1920 x 1440           │</Option>
      <Option>│ [4:3]   2048 x 1536           │</Option>
      <Option>│ [4:3]   2880 x 2160           │</Option>
      <Option>│                               │</Option>
      <Option>│                               │</Option>
      <Option>├───────────────────────────────┤</Option>
      <Option>│  5:3                          │</Option>
      <Option>├───────────────────────────────┤</Option>
      <Option>│ [5:3]    800 x  480           │</Option>
      <Option>│ [5:3]   1280 x  768 (WXGA)    │</Option>
      <Option>│                               │</Option>
      <Option>│                               │</Option>
      <Option>├───────────────────────────────┤</Option>
      <Option>│  5:4                          │</Option>
      <Option>├───────────────────────────────┤</Option>
      <Option>│ [5:4]   1152 x  960           │</Option>
      <Option>│ [5:4]   1280 x 1024           │</Option>
      <Option>│ [5:4]   2560 x 2048           │</Option>
      <Option>│ [5:4]   5120 x 4096           │</Option>
      <Option>│                               │</Option>
      <Option>│                               │</Option>
      <Option>├───────────────────────────────┤</Option>
      <Option>│  16:9                         │</Option>
      <Option>├───────────────────────────────┤</Option>
      <Option>│ [16:9]  1024 x  576           │</Option>
      <Option>│ [16:9]  1152 x  648           │</Option>
      <Option>│ [16:9]  1280 x  720 (HD)      │</Option>
      <Option>│ [16:9]  1360 x  768           │</Option>
      <Option>│ [16:9]  1365 x  768           │</Option>
      <Option>│ [16:9]  1366 x  768           │</Option>
      <Option>│ [16:9]  1536 x  864           │</Option>
      <Option>│ [16:9]  1600 x  900           │</Option>
      <Option>│ [16:9]  1920 x 1080 (Full HD) │</Option>
      <Option>│ [16:9]  2560 x 1440 (2K HD)    │</Option>
      <Option>│ [16:9]  3200 x 1800           │</Option>
      <Option>│ [16:9]  3840 x 2160 (4K UHD1) │</Option>
      <Option>│ [16:9]  5120 x 2880 (5K)      │</Option>
      <Option>│ [16:9]  7680 x 4320 (8K UHD2) │</Option>
      <Option>│                               │</Option>
      <Option>│                               │</Option>
      <Option>├───────────────────────────────┤</Option>
      <Option>│  16:10                        │</Option>
      <Option>├───────────────────────────────┤</Option>
      <Option>│ [16:10]  640 x  400           │</Option>
      <Option>│ [16:10] 1280 x  800           │</Option>
      <Option>│ [16:10] 1440 x  900           │</Option>
      <Option>│ [16:10] 1680 x 1050           │</Option>
      <Option>│ [16:10] 1920 x 1200           │</Option>
      <Option>│ [16:10] 2560 x 1600           │</Option>
      <Option>│ [16:10] 3840 x 2400           │</Option>
      <Option>│                               │</Option>
      <Option>│                               │</Option>
      <Option>├───────────────────────────────┤</Option>
      <Option>│  17:9                         │</Option>
      <Option>├───────────────────────────────┤</Option>
      <Option>│ [17:9]  2048 x 1080           │</Option>
      <Option>│                               │</Option>
      <Option>│                               │</Option>
      <Option>├───────────────────────────────┤</Option>
      <Option>│  21:9                         │</Option>
      <Option>├───────────────────────────────┤</Option>
      <Option>│ [21:9]  1920 x  800           │</Option>
      <Option>│ [21:9]  2560 x 1080           │</Option>
      <Option>│ [21:9]  3440 x 1440           │</Option>
      <Option>│ [21:9]  3840 x 1600           │</Option>
      <Option>│ [21:9]  5120 x 2160           │</Option>
      <Option>│                               │</Option>
      <Option>│                               │</Option>
      <Option>└───────────────────────────────┘</Option>
      <Option></Option>
    </Dropdown>
    <Dropdown id="DisplayMode">
      <Option>全屏</Option>
      <Option>窗口化</Option>
      <Option>无边框窗口</Option>
      <Option>无边框窗口（全屏）</Option>
    </Dropdown>
    <Dropdown id="AntiAliasing">
      <Option>启用TAA（默认）</Option>
      <Option>禁用</Option>
    </Dropdown>
    <Dropdown id="AnisotropicFiltering">
      <Option>无</Option>
      <Option>2x</Option>
      <Option>4x</Option>
      <Option>8x</Option>
      <Option>16x（默认）</Option>
    </Dropdown>
    <Dropdown id="ShadowTextureResolution">
      <Option>512 = 超低</Option>
      <Option>1024 = 低</Option>
      <Option>2048 = 高（默认）</Option>
      <Option>4096 = 超级</Option>
      <Option>8192 = 终极</Option>
    </Dropdown>
    <Dropdown id="ShadowBlurriness">
      <Option>0x </Option>
      <Option>1x（清晰但像素化明显）</Option>
      <Option>2x（不那么模糊)</Option>
      <Option>3x（默认模糊）</Option>
    </Dropdown>
    <Dropdown id="ShadowQuality">
      <Option>低</Option>
      <Option>中</Option>
      <Option>高</Option>
      <Option>超级</Option>
      <Option>自定义</Option>
    </Dropdown>
    <Dropdown id="VoiceChatMode">
      <Option>自动</Option>
      <Option>区域</Option>
      <Option>队伍</Option>
      <Option>无</Option>
    </Dropdown>
    <Dropdown id="ShowActiveEffectsOnHUD">
      <Option>禁用</Option>
      <Option>显示负面效果</Option>
      <Option>显示全部效果</Option>
    </Dropdown>
    <Dropdown id="CorpseHighlighting">
      <Option>禁用</Option>
      <Option>检视后清除</Option>
      <Option>拾取后清除</Option>
    </Dropdown>
    <Dropdown id="TextureQuality">
      <Option>低</Option>
      <Option>中</Option>
      <Option>高</Option>
      <Option>终极</Option>
      <Option>自定义</Option>
    </Dropdown>
    <Dropdown id="WaterShadowFilter">
      <Option>1（低）</Option>
      <Option>2（中等）</Option>
      <Option>3（高）</Option>
    </Dropdown>
    <Dropdown id="VolumetricLightingQuality">
      <Option>0（低）</Option>
      <Option>1（中等）</Option>
      <Option>2（高）</Option>
    </Dropdown>
    <Dropdown id="VATSGrenadeMineTargetingMode">
      <Option>无</Option>
      <Option>仅限自己</Option>
      <Option>所有目标</Option>
    </Dropdown>
    <Dropdown id="ScreenNarrationVoiceType">
      <Option>语音类型 #1</Option>
      <Option>语音类型 #2</Option>
    </Dropdown>
  </Dropdowns>
  <Messageboxes>
    <!--
        Message boxes
        ******************************************************************************************************************************************************
        The {0} is a placeholder, btw.
    -->
    <Messagebox title="无法解析自定义 *.ini 文件" id="customIniFilesParsingError">至少有一个自定义的 *.ini 文件已损坏或包含语法错误。 请前往“自定义优化”选项卡检查错误。可参考 Wiki 文章获取帮助。</Messagebox>
    <Messagebox title="已启用窗口缩放" id="dpiScalingWarning">你似乎为此程序启用了 {0}% 的窗口缩放设置。请注意，这可能会导致界面错位或异常行为。如果遇到问题，请参考常见问题/故障排查部分获取更多信息。</Messagebox>
    <Messagebox title="更改已应用" id="changesApplied">已应用更改。你现在可以开始游戏了。</Messagebox>
    <Messagebox title="已完成" id="downloadLanguagesFinished">已下载本地化文件：{0}</Messagebox>
    <Messagebox title="文件已修改" id="iniFilesModified">*.ini文件在工具运行时已在工具外部进行了修改。注意：若点击“应用”或对模组进行管理操作将被覆盖，请重新启动工具以加载新的配置。</Messagebox>
    <Messagebox title="云文件服务未运行" id="cloudFileProviderNotRunning">{0}
请确保 OneDrive 正在运行后重试。程序将被终止。</Messagebox>
    <Messagebox title="无法加载 *.ini 文件" id="iniFailedToLoad">{0}程序将被终止。</Messagebox>
    <Messagebox title="画面设置已更改" id="iniGraphicsPresetChanged">画面设置为 {0}。</Messagebox>
    <Messagebox title="本地化翻译已更新" id="translationsUpdateAvailable">前往设置页面进行下载！</Messagebox>
    <Messagebox title="无法加载 NexusMods 配置文件" id="loadingNexusModsProfileXMLFailed">读取 account.xml 失败，你已登出。你可以在 NexusMods 标签页重新登录。
错误信息： {0}</Messagebox>
    <Messagebox title="无法加载 NexusMods 模组信息" id="loadingRemoteModsXMLFailed">读取 mods.xml 失败……你需要在模组管理器中重新更新模组信息。
错误信息： {0}</Messagebox>
    <Messagebox title="无法加载配置文件" id="loadingProfilesXMLFailed">读取 profiles.xml 失败……
是否重置你的配置文件？（此操作将导致数据丢失）
“否”将关闭程序，不做任何更改。
错误信息： {0}</Messagebox>
    <Messagebox title="访问被拒绝" id="setInisReadOnlyFailed">无法将 *.ini 文件设置为只读。请尝试以管理员权限启动工具。
{0}</Messagebox>
    <Messagebox title="游戏路径无效" id="modsGamePathInvalid">所选路径似乎并非 Fallout 76 的安装位置。请确保选择包含 *.exe 的文件夹，而不是 Data 文件夹。</Messagebox>
    <Messagebox title="无法删除最后的配置文件" id="errorAtLeastOneGameOrProfile">至少需要保留一个游戏配置文件。</Messagebox>
    <Messagebox title="自动检测失败" id="gamePathAutoDetectFailed">无法找到常见的游戏路径，请手动选择路径。</Messagebox>
    <Messagebox title="路径已找到" id="gamePathAutoDetectPathFound">你确定使用这个路径吗？
找到：{0}

单击“是”使用此路径，单击“否”继续搜索，“取消”中止搜索</Messagebox>
    <Messagebox title="删除 {0}？" id="galleryDeleteScreenshot">即将删除“{0}”，确认删除？</Messagebox>
    <Messagebox title="删除 {0} 个文件？" id="galleryDeleteScreenshots">即将删除 {0} 个文件，确认删除？</Messagebox>
    <Messagebox title="确认删除？" id="galleryDeleteThumbnails">确定要删除照片图库的缩略图吗？
下次单击“刷新图库”时将重新创建，耗时较长。 </Messagebox>
    <Messagebox title="核冬天模式已禁用" id="nwModeDisabled">你现在可以进入冒险模式。</Messagebox>
    <Messagebox title="启用核冬天模式" id="nwModeEnabled">你现在可以进入核冬天模式。</Messagebox>
    <Messagebox title="模组已禁用" id="modsDisabled">你可以随时在设置页面重新启用模组。</Messagebox>
    <Messagebox title="模组已启用" id="modsEnabled">你可以随时在设置页面禁用模组。</Messagebox>
    <Messagebox title="已完成" id="modsDisabledDone">模组已被禁用并从游戏中移除。</Messagebox>
    <Messagebox title="已完成" id="modsDeployedDone">模组已部署。</Messagebox>
    <Messagebox title="出现错误" id="modsDeploymentFailed">模组可能未正确部署，
请查看日志文件。</Messagebox>
    <Messagebox title="缺少 Archive2" id="modsArchive2Missing">.\Archive2\Archive2.exe 丢失
请尝试重新安装此工具，或手动安装 Archive2。</Messagebox>
    <Messagebox title="游戏路径未指定或无效" id="modsGamePathNotSet">请确保你设置了正确的游戏路径。
你可以在设置中执行此操作。</Messagebox>
    <Messagebox title="缺少 7-Zip" id="7ZipMissing">.\7z\7z.exe 丢失
尝试重新安装此工具，或手动安装 7-Zip。</Messagebox>
    <Messagebox title="成功！" id="modsNoConflictingFiles">未发现冲突文件。</Messagebox>
    <Messagebox title="导入外部模组？" id="modsImportQuestion">是否导入未通过模组管理器安装的模组？</Messagebox>
    <Messagebox title="是否重新打包已冻结归档？" id="modsRepackFrozenBundledArchives">存在已冻结的归档文件。是否重新打包？

    是 - 我已修改模组列表，需要重新打包归档（较慢）

    否 - 未修改模组，直接部署已冻结归档（较快）</Messagebox>
    <Messagebox title="Archive2 打包/解压失败" id="archive2Error">Archive2执行失败，原因不明。请查看日志文件了解详情。</Messagebox>
    <Messagebox title="Archive2 执行失败" id="archive2InstallRequirements">请确认已安装 Visual Studio 2012 Update 4 VC++ 运行库。你可以在 NexusMods 页面找到下载链接。</Messagebox>
    <Messagebox title="不支持的文件格式" id="modsArchiveTypeNotSupported">{0} 文件格式不受支持。请先解压归档并以文件夹形式添加模组。</Messagebox>
    <Messagebox title="发现旧版格式" id="modsLegacyFormatDetected">看起来你的管理器工具是 v1.9.0 之前的版本。模组的管理与存储方式已发生重大变更，因此需要转换为新格式。

注意：这将解冻归档。转换完成后可能占用更多空间，具体取决于冻结模组数量。仍可降级，但某些模组可能无法正确加载。

是否现在转换？该过程不会太久。</Messagebox>
    <Messagebox title="manifest.xml 条目无效" id="modsInvalidManifestEntry">某个模组条目无效，已被忽略。
错误：{0}</Messagebox>
    <Messagebox title="模组信息更新" id="nexusModsRemoteInfoRefreshedSuccess">模组信息已更新，缩略图已下载。</Messagebox>
    <Messagebox title="推荐模组" id="nexusModsEndorseAllQuestion">这将推荐你已安装的全部模组。确定继续吗？</Messagebox>
    <Messagebox title="未登录" id="nexusModsNotLoggedIn">请先登录 NexusMods 后再重试。</Messagebox>
    <Messagebox title="删除 {0}？" id="deleteQuestion">你将删除“{0}”，确认删除吗？</Messagebox>
    <Messagebox title="删除 {0} 文件？" id="deleteMultipleQuestion">你将删除 {0} 个文件，确认删除吗？</Messagebox>
    <Messagebox title="失败" id="failed">{0}</Messagebox>
    <Messagebox title="完成" id="done">{0}</Messagebox>
    <Messagebox title="确认操作？" id="areYouSure">{0}</Messagebox>
  </Messageboxes>
  <TweakDescriptions>
    <!--
        Descriptions
        ******************************************************************************************************************************************************
        These are the descriptions of almost all tweaks.
        They appear in tool tips, when the user hovers over a tweak with the mouse cursor.
    -->
    <Description id="Fo76ini.Tweaks.General.IntroVideoTweak">启用此选项后，游戏启动时将不再播放 Bethesda 标志视频。</Description>
    <Description id="Fo76ini.Tweaks.General.SkipStartupSplash">启用后，游戏启动时将不会弹出新闻窗口打扰你。</Description>
    <Description id="Fo76ini.Tweaks.General.FasterFadeInTweak">在进入世界或快速旅行后，游戏会播放黑屏淡入动画，并短暂限制移动。此选项可加快该动画速度。
致谢 reddit 用户 u/LinuxVersion。

⚠️ 若设置的值过低或为 0，游戏可能会卡在黑屏界面。
（该调整使用的值：fFadeToBlackFadeSeconds=0.2000, fMinSecondsForLoadFadeIn=0.3000）</Description>
    <Description id="Fo76ini.Tweaks.Interface.AdvancedModDescriptionsTweak">在选择武器或护甲模组时显示详细的数值变化说明。</Description>
    <Description id="Fo76ini.Tweaks.Interface.AutoTrackQuestWhenStartedTweak+Main">启用后，自动跟踪新添加的“主线”任务。</Description>
    <Description id="Fo76ini.Tweaks.Interface.AutoTrackQuestWhenStartedTweak+Side">启用后，自动跟踪新添加的“支线”任务。</Description>
    <Description id="Fo76ini.Tweaks.Interface.AutoTrackQuestWhenStartedTweak+Misc">启用后，自动跟踪新添加的“杂项”任务。</Description>
    <Description id="Fo76ini.Tweaks.Interface.AutoTrackQuestWhenStartedTweak+Event">启用后，自动跟踪新添加的“事件”任务。</Description>
    <Description id="Fo76ini.Tweaks.Interface.AutoTrackQuestWhenStartedTweak+Other">启用后，自动跟踪新添加的“每日”任务。</Description>
    <Description id="Fo76ini.Tweaks.Video.DisplaySizeTweak">显示分辨率</Description>
    <Description id="Fo76ini.Tweaks.Video.DisplayModeTweak">更改游戏的显示模式。
	
• 全屏：真正的全屏模式（性能最佳）。
• 窗口化：使用边框窗口运行游戏。
• 无边框窗口：可快速切换 Alt+Tab，需确保分辨率匹配显示器（默认）。
• 无边框窗口（全屏）：最大化窗口并填满屏幕。若分辨率低于显示器，将以最近邻算法放大，可能会显得模糊。 </Description>
    <Description id="Fo76ini.Tweaks.Video.PresentIntervalTweak">禁用此项将解除帧率限制。

• 开启此项可减少画面撕裂。
• 关闭此项可减少输入延迟。

⚠️ 启用该项不一定能消除画面撕裂。若禁用该项，建议通过如 NVIDIA 控制面板程序将帧率锁定为 60FPS 或 120FPS。

ℹ️ 解除帧率限制不会像旧作那样导致物理引擎混乱，因为 Bethesda 已在 2018 年修复此问题。不过仍推荐锁定至 60FPS或120FPS。</Description>
    <Description id="Fo76ini.Tweaks.Video.TopMostWindowTweak">启用后，游戏窗口将始终置于前端。
⚠️ 单显示器用户将无法使用 Alt+Tab快捷键。 </Description>
    <Description id="Fo76ini.Tweaks.Interface.FixHUD4to3RatioTweak">修复在 5:4 或 4:3 屏幕下以下界面被遮挡的问题：
• 快速哔哔小子界面
• 开锁界面
• 动力装甲用户界面

⚠️  此功能尚未充分测试。</Description>
    <Description id="Fo76ini.Tweaks.Graphics.AntiAliasingTweak">平滑物体的锯齿边缘。
关闭可提升性能，但会降低画面质量。

ℹ️ "FXAA" 未正常工作
将其设置为“FXAA”等同于关闭抗锯齿。 </Description>
    <Description id="Fo76ini.Tweaks.Graphics.AnisotropicFilteringTweak">改善从倾斜角度观察时的纹理模糊问题。</Description>
    <Description id="Fo76ini.Tweaks.Graphics.TextureQualityPresetTweak">主要影响纹理分辨率，即纹理清晰或模糊的程度。</Description>
    <Description id="Fo76ini.Tweaks.Graphics.ShadowQualityPresetTweak">游戏内的阴影质量设置。</Description>
    <Description id="Fo76ini.Tweaks.Graphics.DepthOfFieldEnabledTweak">关闭此项将禁用所有景深效果。</Description>
    <Description id="Fo76ini.Tweaks.Graphics.DepthOfFieldStrengthTweak">调整景深效果的强度。</Description>
    <Description id="Fo76ini.Tweaks.Graphics.MotionBlurTweakRev1">看起来没有任何作用。</Description>
    <Description id="Fo76ini.Tweaks.Graphics.RadialBlurTweakRev1">当角色受到伤害（如被子弹或爆炸击中）或处于水下时屏幕会模糊。</Description>
    <Description id="Fo76ini.Tweaks.Graphics.AmbientOcclusionTweak">启用/禁用物体接触地面或角落的阴影效果。</Description>
    <Description id="Fo76ini.Tweaks.Graphics.ScreenSpaceReflectionsTweakRev1">启用水面、水坑和金属等反光材质上的反射效果。
⚠️ 关闭后可能导致水体变黑、变白或完全不可见。如遇此问题，可尝试启用“水体修复”选项。 </Description>
    <Description id="Fo76ini.Tweaks.Graphics.WaterDisplacementsTweak">启用/禁用水体扰动效果（如涟漪与波纹）。</Description>
    <Description id="Fo76ini.Tweaks.Graphics.WaterRefractionsTweak">目前尚不清楚是否有效。</Description>
    <Description id="Fo76ini.Tweaks.Graphics.WaterReflectionsTweak">并非你预期的水体反射效果。建议改为关闭 SSR。
⚠️ 可能会导致远处水体消失。</Description>
    <Description id="Fo76ini.Tweaks.Graphics.WaterHiResTweak">启用可能修复黑色水面问题。</Description>
    <Description id="Fo76ini.Tweaks.Graphics.WaterFixSSRGlitchTweak">禁用屏幕空间反射（SSR）后，水面可能会变黑、变白甚至不可见。
此选项用于尝试修复该问题。</Description>
    <Description id="Fo76ini.Tweaks.Graphics.VolumetricLightingTweak">也被称为“上帝光”/光束效果。</Description>
    <Description id="Fo76ini.Tweaks.Graphics.VolumetricLightingQualityTweak">调节上帝光/光束的质量与清晰度。
	推荐设置：2（高）</Description>
    <Description id="Fo76ini.Tweaks.Graphics.DisableAllGoreTweakRev1">关闭后，敌人被击中将不会产生血液粒子特效。</Description>
    <Description id="Fo76ini.Tweaks.Graphics.Effects.BloodSplatterEnabledTweak">启用后 ，用户界面和屏幕上将显示血迹飞溅效果。</Description>
    <Description id="Fo76ini.Tweaks.Graphics.ShadowMapResolutionTweak">阴影分辨率。数值越高，阴影越精细。</Description>
    <Description id="Fo76ini.Tweaks.Graphics.ShadowBlurrinessTweak">模糊阴影边缘。可在低阴影分辨率下提升观感。

低纹理分辨率推荐：3x  
高纹理分辨率推荐：2x</Description>
    <Description id="Fo76ini.Tweaks.Graphics.ShadowDistanceTweak">设置阴影的渲染距离。
   · 超高：150000
   · 高：120000
   · 中：90000
   · 低：60000
   
ℹ️ 设置为 0 会导致阴影完全消失，不推荐使用。</Description>
    <Description id="Fo76ini.Tweaks.Graphics.TAAPostOverlayTweakRev1">TAA 后锐化叠加层的不透明度。提高此值将增强锐化层的可见度。
ℹ️ 设置过高会导致屏幕闪烁。
默认：0.21</Description>
    <Description id="Fo76ini.Tweaks.Graphics.TAAPostSharpenTweakRev1">TAA 后锐化程度
ℹ️ 设置过高会导致屏幕闪烁。
默认：0.21
推荐：0.4</Description>
    <Description id="Fo76ini.Tweaks.Graphics.GrassFadeDistanceTweak">设置草地开始消隐的距离。
   · 终极：7000
   · 高：5500
   · 中：4500</Description>
    <Description id="Fo76ini.Tweaks.Audio.EnableAudioTweak">如果禁用，游戏将完全静音。</Description>
    <Description id="Fo76ini.Tweaks.Audio.PlayMainMenuMusicTweak">如果取消勾选，主菜单将不会播放背景音乐。</Description>
    <Description id="Fo76ini.Tweaks.Volume.AudioMenuValTweak+fVal0">调整“菜单音乐”的音量
	</Description>
    <Description id="Fo76ini.Tweaks.Volume.AudioMenuValTweak+fVal1">调整“世界广播”的音量
	</Description>
    <Description id="Fo76ini.Tweaks.Volume.AudioMenuValTweak+fVal2">更改“语音”的音量
	</Description>
    <Description id="Fo76ini.Tweaks.Volume.AudioMenuValTweak+fVal3">更改“音乐”的音量
	</Description>
    <Description id="Fo76ini.Tweaks.Volume.AudioMenuValTweak+fVal4">更改“音效”的音量
	</Description>
    <Description id="Fo76ini.Tweaks.Volume.AudioMenuValTweak+fVal5">更改“脚步声”的音量
	</Description>
    <Description id="Fo76ini.Tweaks.Volume.AudioMenuValTweak+fVal6">更改“哔哔小子广播”的音量
	</Description>
    <Description id="Fo76ini.Tweaks.Controls.FixMouseSensitivityTweak">启用后，上下与左右的鼠标灵敏度将一致。  默认禁用时，左右移动的灵敏度通常高于上下。

• 使用鼠标键盘时建议启用
• 使用手柄时建议禁用

⚠️ 启用后可能会感觉鼠标变得更敏感。建议降低鼠标 DPI 或调整灵敏度。

ℹ️ 垂直灵敏度取决于显示器宽高比：  
       · 对于 4:3 ，Y 的值为 0.028
       · 对于 16:9，Y 的值为 0.03738
       · 对于 16:10，Y 的值为 0.0336
       · 对于 21:9，Y 的值为 0.042
       · 对于所有其他纵横比，Y 的值等于纵横比的 0.021 倍（Y = 0.021 * 宽度/高度）。</Description>
    <Description id="Fo76ini.Tweaks.Controls.FixAimSensitivityTweak">启用后，瞄准时灵敏度不再降低。  默认禁用状态下，瞄准时灵敏度会变低。

⚠️ 可能仅对 16:9 显示器有效。  
⚠️ 蹲伏状态下可能无效。</Description>
    <Description id="Fo76ini.Tweaks.Controls.GamepadEnableTweak">禁用此项后，即使连接了手柄，也只使用键鼠。</Description>
    <Description id="Fo76ini.Tweaks.Camera.ApplyCameraNodeAnimationsTweak">禁用后，第三人称视角的镜头会对准角色头部。  你需要手动缩放才能看到角色全身。  
启用后，镜头则位于右肩后方。

⚠️ 禁用后可能会引发其他问题。</Description>
    <Description id="Fo76ini.Tweaks.Camera.SelfieModeRangeTweak">拍照模式中角色与镜头的最远距离。  
默认值：500</Description>
    <Description id="Fo76ini.Tweaks.Camera.SelfieCameraTranslationSpeedTweak">拍照模式中镜头平移的速度。 
默认值：2.5</Description>
    <Description id="Fo76ini.Tweaks.Camera.SelfieCameraRotationSpeedTweak">拍照模式中镜头旋转的速度。
默认值：1.5</Description>
    <Description id="Fo76ini.Tweaks.Camera.DisableAutoVanityModeTweak">启用后，长时间无操作时镜头会自动绕角色旋转。
⚠️尚未验证是否有效：测试中静止 5 分钟镜头未旋转，仍需更多测试。</Description>
    <Description id="Fo76ini.Tweaks.Camera.FOV3rdADSTweak">调整第三人称瞄准时的视野范围。  
默认值：50</Description>
    <Description id="Fo76ini.Tweaks.Camera.FieldOfViewTweak">调整第一人称与第三人称的视野范围。  
等同于游戏内设置中的“视野”值。  
默认值：80</Description>
    <Description id="Fo76ini.Tweaks.Camera.VanityModeMinDistTweak">第三人称下可拉近的最小距离。
默认值：0</Description>
    <Description id="Fo76ini.Tweaks.Camera.VanityModeMaxDistTweak">第三人称下可拉远的最大距离。
默认值：150</Description>
    <Description id="Fo76ini.Tweaks.Camera.PitchZoomOutMaxDistTweak">在第三人称向下看时镜头最大拉远距离。 
默认值：100</Description>
    <Description id="Fo76ini.Tweaks.Camera.WorkshopFreeCameraRotationSpeedTweak">建造模式自由视角旋转速度。
	默认值：3</Description>
    <Description id="Fo76ini.Tweaks.Camera.WorkshopFreeCameraTranslationSpeedTweak">建造模式自由视角平移速度。
	默认值：3</Description>
    <Description id="Fo76ini.Tweaks.Accessibility.MessageWindowFadeTimeTweak">消息窗口淡出的时间（秒）。
默认值：3</Description>
    <Description id="Fo76ini.Tweaks.Accessibility.MessageWindowFadeAmountTweak">淡出后的透明度。
默认值：3</Description>
    <Description id="Fo76ini.Tweaks.Accessibility.ScreenNarrationEnabledTweak">朗读表情动作及交易被拒的原因。如启用语音转文字，也会将内容记录在消息窗口中。</Description>
    <Description id="Fo76ini.Tweaks.Accessibility.SingleButtonNotificationCancelTweak">可通过单个按钮取消弹出通知。</Description>
    <Description id="Fo76ini.Tweaks.Colors.PipboyColorTweak">更改哔哔小子的颜色。</Description>
    <Description id="Fo76ini.Tweaks.Colors.QuickboyColorTweak">更改快速小子（快捷面板）的颜色。</Description>
    <Description id="Fo76ini.Tweaks.Colors.PowerArmorPipboyColorTweak">更改动力装甲快速小子（快捷面板）的颜色。</Description>
    <Description id="Fo76ini.Tweaks.General.ScreenshotIndexTweak">使用 Print Screen 键截图时，截图将保存为“ScreenShot X.png”格式，  其中“X”为截图编号。</Description>
    <Description id="Fo76ini.Tweaks.Inis.INIReadOnlyTweak">启用后将立即把所有 *.ini 文件设置为只读。  若设置频繁被重置，建议启用此项。</Description>
    <Description id="Fo76ini.Tweaks.Config.AutoApplyTweak">启用后修改将自动应用，无需手动点击应用。</Description>
    <Description id="Fo76ini.Tweaks.Config.IgnoreUpdatesTweak">启动时不再检查更新，同时隐藏更新按钮。</Description>
    <Description id="Fo76ini.Tweaks.Config.PlayNotificationSoundsTweak">启用后，工具将播放自定义提示音。</Description>
    <Description id="Fo76ini.Tweaks.Config.ToolQuitOnLaunchTweak">启用后，当从工具中启动游戏时，工具将自动关闭。  仅适用于从本工具启动游戏的情况。</Description>
    <Description id="Fo76ini.Tweaks.NuclearWinterMode.RenameDLLsTweak">启用后，会将不属于游戏的 *.dll 文件重命名。</Description>
    <Description id="Fo76ini.Tweaks.NuclearWinterMode.DeployModsOnNWModeTweak">启用后，当退出核冬天模式时将重新部署模组。</Description>
    <Description id="Fo76ini.Tweaks.NuclearWinterMode.RemoveModsOnNWModeTweak">启用后，进入核冬天模式时将自动移除模组。</Description>
    <Description id="Fo76ini.Tweaks.Config.ArchiveTwoPathTweak">工具使用 Archive2.exe 打包、解包 *.ba2 文件。可手动指定 Archive2.exe 的路径。</Description>
    <Description id="Fo76ini.Tweaks.Config.SevenZipPathTweak">工具使用 7z.exe 解压 zip、rar、7z 等压缩包。可手动指定 7z.exe 的路径。</Description>
    <Description id="Fo76ini.Tweaks.Config.DownloadPathTweak">在 NexusMods 上点击“Vortex”或“Mod Manager Download”下载模组时，工具将把文件下载到此目录。</Description>
    <Description id="Fo76ini.Tweaks.General.EnableSteamTweak">启用/禁用 Steam 集成，禁用它以使用您的 Bethesda.net 帐户。</Description>
    <Description id="Fo76ini.Tweaks.General.AutoSigninTweak">如果您提供登录凭据，启用此功能将跳过登录提示。</Description>
    <Description id="Fo76ini.Tweaks.Graphics.DepthOfFieldTweak">禁用此选项将禁用所有景深效果。</Description>
  </TweakDescriptions>
  <FormMods title="模组管理器">
    <!--
        FormMods
        ******************************************************************************************************************************************************
        模组管理
    -->
    <StatusStrip id="statusStrip1">
      <ToolStripStatusLabel text="模组数量：" id="toolStripStatusLabelDescModCount" />
      <ToolStripStatusLabel text="0" id="toolStripStatusLabelModCount" />
      <ToolStripStatusLabel text="已启用：" id="toolStripStatusLabelDescEnabledCount" />
      <ToolStripStatusLabel text="0" id="toolStripStatusLabelEnabledCount" />
      <ToolStripStatusLabel text=" " id="toolStripStatusLabelSpacer" />
      <ToolStripStatusLabel text="需要部署：" id="toolStripStatusLabelDeploymentStatus" />
    </StatusStrip>
    <Panel id="panel1">
      <Button text="部署模组" id="buttonModsDeploy" />
      <CheckBox text="禁用模组" id="checkBoxDisableMods" />
    </Panel>
    <StyledTabControl id="tabControl1">
      <TabPage text="模组排序" id="tabPageModOrder">
        <!-- ********** Tab "模组排序" ********** -->
        <Panel id="panelModDetails">
          <Panel id="panelModDetailsHeader">
            <Button id="buttonModAbstain">
              <Tooltip>不为该模组点赞。</Tooltip>
            </Button>
            <Button id="buttonModEndorse">
              <Tooltip>点赞此模组。</Tooltip>
            </Button>
            <CheckBox text="启用此模组" id="checkBoxModDetailsEnabled" />
          </Panel>
          <Panel id="panelModDetailsInner">
            <StyledGroupBox text="备注" id="groupBoxNotes">
              <!-- Group "笔记" -->
            </StyledGroupBox>
            <StyledGroupBox text="添加 / 替换模组文件" id="groupBoxModReplace">
              <!-- Group "添加/替换模组文件" -->
              <Label text="将文件/文件夹拖入左侧框内以添加或替换文件。" id="labelModDetailsReplace" />
              <LinkLabel text="删除文件夹内容" id="linkLabelModDeleteFolderContents" />
              <LinkLabel text="导入文件夹" id="linkLabelModReplaceFilesWithFolder" />
              <LinkLabel text="导入压缩包" id="linkLabelModReplaceFilesWithArchive" />
            </StyledGroupBox>
            <StyledGroupBox text="安装选项" id="groupBoxModDetailsInstallationOptions">
              <!-- Group "安装选项" -->
              <LinkLabel text="使冻结归档失效" id="linkLabelModInvalidateFrozenArchive" />
              <LinkLabel text="尝试自动检测安装选项" id="linkLabelModAutoDetectInstallOptions" />
              <Button text="..." id="buttonModPickRootDir" />
              <Label text="安装为：" id="labelModInstallAs" />
              <Label text="预设：" id="labelModArchivePreset" />
              <CheckBox text="冻结" id="checkBoxFreezeArchive">
                <Tooltip>如果冻结归档，在部署时将不会重新打包。这将加快部署速度。特别适用于非常大的归档（如 1GiB 或以上）和内容不常变动的归档。</Tooltip>
              </CheckBox>
              <Label text="安装路径：" id="labelModInstallInto" />
              <Button text="推荐" id="buttonModDetailsSuggestArchiveName" />
              <Label text="文件名称：" id="labelModArchiveName" />
            </StyledGroupBox>
            <StyledGroupBox text="详细信息" id="groupBoxModDetailsDetails">
              <!-- Group "详细信息" -->
              <Button id="buttonModOpenFolder">
                <Tooltip>打开模组所在文件夹</Tooltip>
              </Button>
              <Label text="文件夹名称：" id="labelModFolderName" />
              <Button id="buttonModOpenPage">
                <Tooltip>在浏览器中打开链接</Tooltip>
              </Button>
              <Panel id="panelModDetailsNexusMods">
                <LinkLabel text="设置最新版本" id="linkLabelModSetLatestVersion" />
                <Label text="最新版本：" id="labelModLatestVersionDesc" />
                <Label text="作者：" id="labelModAuthorDesc" />
              </Panel>
              <Label text="已安装版本：" id="labelModVersion" />
              <Label text="模组名称：" id="labelModName" />
              <Label text="网页链接：" id="labelModURL" />
            </StyledGroupBox>
          </Panel>
        </Panel>
        <ToolStrip id="toolStrip1">
          <ToolStripButton text="从压缩包或归档文件添加模组" id="toolStripButtonAddMod" />
          <ToolStripButton text="从文件夹添加模组" id="toolStripButtonAddModFolder" />
          <ToolStripButton text="全选/取消全选" id="toolStripButtonCheckAll" />
          <ToolStripButton text="上移" id="toolStripButtonMoveUp" />
          <ToolStripButton text="下移" id="toolStripButtonMoveDown" />
          <ToolStripButton text="打开模组文件夹" id="toolStripButtonModOpenFolder" />
          <ToolStripButton text="冻结模组" id="toolStripButtonFreeze" />
          <ToolStripButton text="解冻模组" id="toolStripButtonModUnfreeze" />
          <ToolStripButton text="删除模组" id="toolStripButtonDeleteMod" />
        </ToolStrip>
        <ObjectListView id="objectListViewMods">
          <Column></Column>
          <Column>模组名称与信息</Column>
          <Column>状态</Column>
          <Column>安装方式</Column>
          <Column></Column>
        </ObjectListView>
      </TabPage>
      <TabPage text="安装列表" id="tabPageResourceList">
        <!-- ********** Tab "安装列表" ********** -->
        <StyledGroupBox text="安装列表（每行止可存在一个模组）" id="groupBoxLists">
          <!-- Group "列表" -->
          <Button text="重置" id="buttonModsResetTextbox" />
          <Button text="应用更改" id="buttonModsApplyTextBox" />
          <Button text="清空列表" id="buttonModsCleanList" />
        </StyledGroupBox>
      </TabPage>
      <TabPage text="安装设置" id="tabPageModsSettings">
        <!-- ********** Tab "安装设置" ********** -->
        <Panel id="panel2">
          <StyledGroupBox text="安装设置" id="groupBoxModsBehavior">
            <!-- Group "安装设置" -->
            <Panel id="panel3">
              <Label text="使用哪个资源列表？" id="labelResourceListUsed" />
              <RadioButton text="[Archive] sResourceIndexFileList" id="radioButtonUseIndexFileList1" />
              <RadioButton text="[Archive] sResourceArchive2List (default)" id="radioButtonUseArchive2List1" />
            </Panel>
            <Label text="注意：这些设置在部署后才会生效。" id="labelBehaviorNote" />
            <Panel id="panelBundledLoadOrder">
              <Label text="归档文件在加载顺序中应放置在哪里？" id="labelBundledLoadOrder" />
              <RadioButton text="将归档文件放在最前（默认）" id="radioButtonBundledFirstinLO">
                <Tooltip>归档文件将在加载顺序中排在最前。</Tooltip>
              </RadioButton>
              <RadioButton text="将归档文件放在最后" id="radioButtonBundledLastinLO">
                <Tooltip>归档文件将在加载顺序中排在最后。</Tooltip>
              </RadioButton>
            </Panel>
            <Panel id="panelDeployMethod">
              <Label text="如何复制文件？" id="labelDeployMethod" />
              <RadioButton text="创建硬链接（推荐）" id="radioButtonModsUseHardlinks">
                <Tooltip>通过创建硬链接代替复制文件。
减少部署时间并节省磁盘空间。

推荐使用此选项。
</Tooltip>
              </RadioButton>
              <RadioButton text="创建符号链接（实验性，需要管理员权限）" id="radioButtonModsUseSymlinks">
                <Tooltip>*实验功能：使用符号链接（软链接）代替复制文件。减少部署时间和磁盘占用。必须以管理员权限运行工具以创建符号链接！否则将回退为复制文件。
				</Tooltip>
              </RadioButton>
              <RadioButton text="复制文件（稳定）" id="radioButtonModsCopyFiles">
                <Tooltip>通过复制文件部署，占用更多磁盘空间。无副作用。如遇问题建议使用此选项。</Tooltip>
              </RadioButton>
            </Panel>
            <CheckBox text="冻结归档文件（实验性功能）" id="checkBoxFreezeBundledArchives">
              <Tooltip>不重新构建归档文件，而是保存一份冻结副本，并在部署时提示是否更新。 </Tooltip>
            </CheckBox>
            <CheckBox text="默认解冻 *.ba2 文件" id="checkBoxAddArchivesAsBundled" />
          </StyledGroupBox>
          <StyledGroupBox text="界面" id="groupBoxModsInterface">
            <!-- Group "界面" -->
            <Label text="模组列表布局：" id="labelModListStyle" />
            <RadioButton text="紧凑模式，显示更多列（旧列表）" id="radioButtonModsUseAlternativeList" />
            <RadioButton text="标准模式，默认合并列（新列表）" id="radioButtonModsUseStandardList" />
            <CheckBox text="优先显示来自 NexusMods 页面上的模组标题" id="checkBoxModsUseRemoteModNames">
              <Tooltip>勾选后：显示 NexusMods 上的模组原始名称。
取消勾选：显示侧栏中手动输入的模组名称。
纯属个人偏好设置。</Tooltip>
            </CheckBox>
          </StyledGroupBox>
        </Panel>
      </TabPage>
    </StyledTabControl>
    <MenuStrip id="menuStrip1">
      <!-- Menu -->
      <ToolStripMenuItem text="文件" id="fileToolStripMenuItem">
        <ToolStripMenuItem text="添加模组" id="addModarchiveToolStripMenuItem">
          <ToolStripMenuItem text="清空模组" id="emptyModToolStripMenuItem" />
          <ToolStripMenuItem text="从压缩包或归档文件添加" id="fromArchiveToolStripMenuItem" />
          <ToolStripMenuItem text="从*.ba2 归档文件添加（冻结）" id="fromba2ArchivefrozenToolStripMenuItem" />
          <ToolStripMenuItem text="从文件夹添加" id="fromFolderToolStripMenuItem" />
        </ToolStripMenuItem>
        <ToolStripMenuItem text="导入已安装的模组" id="toolStripMenuItemModsImport" />
        <ToolStripMenuItem text="保存更改" id="saveToolStripMenuItem" />
        <ToolStripMenuItem text="部署模组" id="deployToolStripMenuItem" />
      </ToolStripMenuItem>
      <ToolStripMenuItem text="查看" id="editToolStripMenuItem">
        <ToolStripMenuItem text="显示冲突文件" id="showConflictingFilesToolStripMenuItem" />
        <ToolStripMenuItem text="重新加载用户界面" id="reloadUIToolStripMenuItem" />
      </ToolStripMenuItem>
      <ToolStripMenuItem text="工具" id="toolsToolStripMenuItem">
        <ToolStripMenuItem text="Archive2 工具" id="archive2ToolStripMenuItem">
          <ToolStripMenuItem text="打开 Archive2" id="openArchive2ToolStripMenuItem" />
          <ToolStripMenuItem text="浏览 *.ba2 文件" id="exploreba2ArchiveToolStripMenuItem" />
          <ToolStripMenuItem text="显示 *.ba2 文件信息" id="detectFormatAndCompressionToolStripMenuItem" />
        </ToolStripMenuItem>
        <ToolStripMenuItem text="NexusMods API" id="nexusModsAPIToolStripMenuItem">
          <ToolStripMenuItem text="更新模组信息" id="updateModInformationToolStripMenuItem" />
          <ToolStripMenuItem text="点赞模组" id="endorseModsToolStripMenuItem" />
          <ToolStripMenuItem text="检查更新" id="checkForUpdatesToolStripMenuItem" />
        </ToolStripMenuItem>
      </ToolStripMenuItem>
      <ToolStripMenuItem text="帮助" id="helpToolStripMenuItem">
        <ToolStripMenuItem text="使用指南" id="showGuideToolStripMenuItem" />
        <ToolStripMenuItem text="日志文件" id="logFilesToolStripMenuItem">
          <ToolStripMenuItem text="显示 modmanager.log.txt" id="showModmanagerlogtxtToolStripMenuItem" />
          <ToolStripMenuItem text="显示 archive2.log.txt" id="showArchive2logtxtToolStripMenuItem" />
        </ToolStripMenuItem>
      </ToolStripMenuItem>
    </MenuStrip>
  </FormMods>
  <FormWelcome title="欢迎使用本工具">
    <!--
        FormWelcome
        ******************************************************************************************************************************************************
        欢迎使用本工具
    -->
    <Label text="» 我知道你很忙，就不多占用你的时间了。\n 我只是需要验证一些信息，仅此而已！  «\n      – 避难所科技代表, Oct. 2077" id="label4" />
    <Button text="确认" id="buttonOK" />
    <Panel id="panel1">
      <GroupBox text="游戏路径" id="groupBoxGameLocation">
        <!-- Group "游戏路径" -->
        <Label text="如果你不打算安装模组，可以跳过游戏路径的设置。" id="label3" />
        <Label text="如果你找不到游戏路径，可参考以下位置：\n\nSteam:\n    • C:\\Program Files (x86)\\Steam\\steamapps\\common\\Fallout76\\\n    • ?:\\SteamLibrary\\steamapps\\common\\Fallout76\\\nXbox / Microsoft Store:\n    • C:\\Program Files﻿\\ModifiableWindowsApps\\Fallout76\\\n    • ?:\\XboxGames\\Fallout 76\\Content\\" id="label2" />
        <Button text="尝试自动检测" id="buttonAutoDetect" />
        <Button text="..." id="buttonPickGamePath" />
      </GroupBox>
      <GroupBox text="游戏版本" id="groupBoxGameEdition">
        <!-- Group "游戏版本" -->
        <RadioButton text="Steam (测试服)" id="radioButtonEditionSteamPTS" />
        <RadioButton text="其他版本" id="radioButtonEditionUnknown" />
        <RadioButton text="Xbox" id="radioButtonEditionMSStore" />
        <RadioButton text="Steam" id="radioButtonEditionSteam" />
      </GroupBox>
    </Panel>
    <Label text="你好，欢迎首次使用本工具！\n" id="label1" />
    <Label text="欢迎！" id="labelTitle" />
  </FormWelcome>
  <Form1 title="Fallout76 快速配置工具">
    <!--
        Form1
        ******************************************************************************************************************************************************
        辐射76 快速配置工具
    -->
    <ViewControl id="viewControl">
      <UserControlHome id="UserControlHome">
        <TabControlWithoutHeader id="tabControlWithoutHeader1">
          <TabPage text="工具主页" id="tabPageHome">
            <!-- ********** Tab "工具主页" ********** -->
            <Panel id="panelWebLinks">
              <StyledButton text="地图工具" id="styledButtonMap76" />
              <StyledButton text="状态查询" id="styledButtonBethesdaNetStatus" />
              <StyledButton text="错误报告" id="styledButtonBugReports" />
              <StyledButton text="使用指南" id="styledButtonWikiAndGuides" />
              <StyledButton text="开发代码" id="styledButtonGitHub" />
              <StyledButton text="核弹密码" id="styledButtonNukacrypt" />
              <StyledButton text="模组下载" id="styledButtonNexusMods" />
              <Label text="网页链接" id="labelWebLinks" />
              <StyledButton text="配卡工具" id="styledButtonNukesAndDragonsBuildPlanner" />
              <StyledButton text="翻译工具" id="styledButtonxTranslator" />
            </Panel>
            <Panel id="panelContent">
              <Label text="服务器状态：" id="labelServerStatus" />
              <StyledButton text="查看新增功能" id="styledButtonWhatsNew" />
              <Label text="工具版本：" id="labelVersion" />
              <Label text="工具翻译：" id="labelTranslationBy" />
              <Label text="工具作者：" id="labelAuthor" />
            </Panel>
            <Panel id="panelTitle">
              <Label text="欢迎使用快速配置工具！" id="labelWelcome" />
              <Label text="该工具允许您更改各种游戏设置并快速部署模组。" id="labelDescription" />
            </Panel>
            <Panel id="panelUpdate">
              <PictureBoxButton text="现在更新" id="pictureBoxButtonUpdate" />
              <LinkLabel text="或者手动下载安装..." id="linkLabelManualDownloadPage" />
            </Panel>
          </TabPage>
          <TabPage text="新增功能" id="tabPageWhatsNew">
            <!-- ********** Tab "新增功能" ********** -->
            <StyledButton text="返回" id="styledButtonGoBack" />
          </TabPage>
        </TabControlWithoutHeader>
      </UserControlHome>
      <UserControlTweaks id="UserControlTweaks">
        <Label text="提示：如果不确定某项设置的作用，可将鼠标悬停在选项上查看参考说明。" id="labelTweaksDesc" />
        <Label text="游戏设置调整" id="labelTweaksTitle" />
        <StyledTabControl id="tabControlTweaks">
          <TabPage text="使用说明" id="tabPageTweaksInfo">
            <!-- ********** Tab "使用说明" ********** -->
            <Label text="浏览器控件在Windows 7或8.1下无法正常工作\n单击下面的按钮以阅读信息" id="labelTweaksInfoWin7" />
            <Button text="在浏览器中打开" id="buttonOpenTweaksInfoInBrowser" />
          </TabPage>
          <TabPage text="通用设置" id="tabPageGeneral">
            <!-- ********** Tab "通用设置" ********** -->
            <StyledGroupBox text="通用设置" id="groupBoxGameplay">
              <!-- Group "游玩设置" -->
              <Label text="手雷/地雷锁定模式" id="labelVATSGrenadeMineTargetingMode" />
              <CheckBox text="未开启的辅助能力卡包提示" id="checkBoxAskOpenPerkCardPacks" />
              <CheckBox text="拒绝接收共享辅助能力" id="checkBoxRejectSharedPerks" />
              <CheckBox text="背包可见性" id="checkBoxBackpackVisible" />
              <Label text="尸体高亮设置" id="labelHighlightCorpses" />
            </StyledGroupBox>
            <StyledGroupBox text="对话选项" id="groupBoxDialogue">
              <!-- Group "对话选项" -->
              <Label text="对话历史记录行数" id="labelConversationHistorySize" />
              <CheckBox text="显示对话历史" id="checkBoxDialogueHistory" />
              <CheckBox text="显示对话字幕" id="checkBoxDialogueSubtitles" />
              <CheckBox text="显示一般字幕" id="checkBoxGeneralSubtitles" />
            </StyledGroupBox>
            <StyledGroupBox text="用户界面" id="groupBoxHUD">
              <!-- Group "用户界面" -->
              <CheckBox text="显示 C.A.M.P. 天气" id="checkBoxShowCAMPWeather" />
              <CheckBox text="自动滚动哔哔小子物品属性" id="checkBoxAutoScrollPipboyItemStats" />
              <CheckBox text="高级改装件描述" id="checkBoxAdvancedModDescriptions" />
              <CheckBox text="显示其他玩家的标记" id="checkBoxShowOtherPlayersPings" />
              <StyledGroupBox text="浮动任务标记" id="groupBoxFloatingQuestMarkers">
                <!-- Group "浮动任务标记" -->
                <CheckBox text="显示浮动任务标记\n" id="checkBoxShowFloatingQuestMarkers" />
                <CheckBox text="显示浮动任务文本" id="checkBoxShowFloatingQuestText" />
                <Label text="绘制距离" id="labelFloatingQuestMarkersDistance" />
              </StyledGroupBox>
              <CheckBox text="显示其他玩家名称" id="checkBoxShowOtherPlayersNames" />
              <CheckBox text="启用公共队伍通知\n" id="checkBoxShowPublicTeamNotifications" />
              <CheckBox text="启用动力装甲用户界面" id="checkBoxEnablePowerArmorHUD" />
              <CheckBox text="显示浮动伤害数字" id="checkBoxShowDamageNumbers" />
              <CheckBox text="显示准星" id="checkBoxShowCrosshair" />
              <CheckBox text="显示指南针" id="checkBoxShowCompass" />
              <Label text="在用户界面上显示效果" id="labelShowActiveEffectsOnHUD" />
              <Label text="用户界面不透明度" id="labelHUDOpacity" />
            </StyledGroupBox>
            <StyledGroupBox text="加载选项" id="groupBoxLoading">
              <!-- Group "加载选项" -->
              <CheckBox text="加快加载后淡入速度" id="checkBoxFasterFadeIn" />
            </StyledGroupBox>
            <StyledGroupBox text="任务设置" id="groupBoxQuests">
              <!-- Group "任务设置" -->
              <CheckBox text="显示未激活任务通知" id="checkBoxEnableQuestTrackNotification" />
              <CheckBox text="每日任务开始时激活" id="checkBoxEnableQuestAutoTrackDaily" />
              <CheckBox text="事件任务开始时激活" id="checkBoxEnableQuestAutoTrackEvent" />
              <CheckBox text="其他任务开始时激活" id="checkBoxEnableQuestAutoTrackMisc" />
              <CheckBox text="支线任务启动时激活" id="checkBoxEnableQuestAutoTrackSide" />
              <CheckBox text="主线任务启动时激活" id="checkBoxEnableQuestAutoTrackMain" />
            </StyledGroupBox>
            <StyledGroupBox text="主菜单" id="groupBoxMainMenu">
              <!-- Group "主菜单" -->
              <CheckBox text="启动时跳过新闻弹窗" id="checkBoxSkipSplash" />
              <CheckBox text="跳过引导片" id="checkBoxSkipIntroVideos" />
            </StyledGroupBox>
          </TabPage>
          <TabPage text="图形设置" id="tabPageVideo">
            <!-- ********** Tab "图形设置" ********** -->
            <StyledGroupBox text="图形" id="groupBoxGraphics">
              <!-- Group "图形" -->
              <StyledGroupBox text="景深" id="groupBoxDOF">
                <!-- Group "景深" -->
                <Label text="景深强度" id="labelDOFStrength" />
                <CheckBox text="启用景深效果" id="checkBoxDepthOfField" />
              </StyledGroupBox>
              <Button text="选择画质预设" id="buttonSelectOverallQualityPreset" />
              <Label text="整体画质预设" id="labelOverallQualityPreset" />
              <StyledGroupBox text="纹理材质" id="groupBoxTextures">
                <!-- Group "纹理材质" -->
                <Label text="纹理材质预设" id="labelTextureQuality" />
              </StyledGroupBox>
              <StyledGroupBox text="特效" id="groupBoxGraphicEffects">
                <!-- Group "特效" -->
                <CheckBox text="显示恶劣天气效果" id="checkBoxEnableIntenseWeatherEffects" />
                <CheckBox text="显示非爆炸性武器命中特效" id="checkBoxEnableWeaponImpactEffects" />
                <CheckBox text="显示枪口闪光特效" id="checkBoxEnableMuzzleFlashes" />
                <CheckBox text="用户界面血液贴图" id="checkBoxBloodSplatter" />
                <CheckBox text="禁用敌人血腥效果" id="checkBoxDisableGore" />
              </StyledGroupBox>
              <StyledGroupBox text="TAA 锐化" id="groupBoxTAASharpening">
                <!-- Group "TAA 锐化" -->
                <Label text="后期锐化" id="labelTAAPostSharpen" />
                <Label text="后期叠加" id="labelTAAPostOverlay" />
              </StyledGroupBox>
              <Label text="抗锯齿" id="labelAntiAliasing" />
              <StyledGroupBox text="草地" id="groupBoxGrass">
                <!-- Group "草地" -->
                <Label text="淡出距离" id="labelGrassFadeDistance" />
                <CheckBox text="启用草地" id="checkBoxGrass" />
              </StyledGroupBox>
              <StyledGroupBox text="细节层次（LOD）" id="groupBoxLOD">
                <!-- Group "细节层次" -->
                <Label text="淡出距离" id="labelLODFadeDistance" />
                <Label text="角色" id="labelLODActors" />
                <Label text="物品" id="labelLODItems" />
                <Label text="目标" id="labelLODObjects" />
              </StyledGroupBox>
              <CheckBox text="垂直同步（帧率限制）" id="checkBoxVSync" />
              <StyledGroupBox text="光照" id="groupBoxLighting">
                <!-- Group "光照" -->
                <Label text="体积光质量" id="labelGodrayQuality" />
                <CheckBox text="启用体积光照" id="checkBoxGodrays" />
              </StyledGroupBox>
              <Label text="各向异性过滤" id="labelAnisotropicFiltering" />
              <StyledGroupBox text="阴影" id="groupBoxShadows">
                <!-- Group "阴影" -->
                <Label text="阴影质量预设" id="labelShadowQuality" />
                <Label text="阴影模糊程度" id="labelShadowBlurriness" />
                <Label text="阴影淡出距离" id="labelShadowDistance" />
                <Label text="阴影贴图分辨率" id="labelShadowTextureResolution" />
              </StyledGroupBox>
              <StyledGroupBox text="水体" id="groupBoxWater">
                <!-- Group "水体" -->
                <Label text="阴影滤镜" id="labelWaterShadowFilter" />
                <CheckBox text="修复黑色/隐形问题" id="checkBoxWaterFixSSRGlitch" />
                <CheckBox text="高分辨率" id="checkBoxWaterHiRes" />
                <CheckBox text="水面折射" id="checkBoxWaterRefractions" />
                <CheckBox text="水面反射" id="checkBoxWaterReflections" />
                <CheckBox text="水体效果" id="checkBoxWaterDisplacement" />
              </StyledGroupBox>
              <StyledGroupBox text="后期处理" id="groupBoxPostProcessing">
                <!-- Group "后期处理" -->
                <CheckBox text="反射 (SSR)" id="checkBoxSSReflections" />
                <CheckBox text="环境光遮蔽 (SSAO)" id="checkBoxAmbientOcclusion" />
                <CheckBox text="运动模糊" id="checkBoxMotionBlur" />
                <CheckBox text="径向模糊" id="checkBoxRadialBlur" />
                <CheckBox text="镜头光晕" id="checkBoxLensFlare" />
              </StyledGroupBox>
            </StyledGroupBox>
            <StyledGroupBox text="显示" id="groupBoxDisplay">
              <!-- Group "显示" -->
              <CheckBox text="修复 5:4 和 4:3 分辨率的部分用户界面" id="checkBoxFixHUDFor5_4and4_3" />
              <Button text="检测分辨率" id="buttonDetectResolution" />
              <Label text="自定义分辨率" id="labelCustomResolution" />
              <Label text="分辨率" id="labelResolution" />
              <CheckBox text="窗口置顶" id="checkBoxTopMostWindow" />
              <Label text="显示模式" id="labelDisplayMode" />
              <Label text="X" id="labelCustomResolutionSpacer" />
            </StyledGroupBox>
          </TabPage>
          <TabPage text="音频设置" id="tabPageAudio">
            <!-- ********** Tab "音频设置" ********** -->
            <StyledGroupBox text="音频设置" id="groupBoxAudio">
              <!-- Group "音乐" -->
              <CheckBox text="启用音频" id="checkBoxEnableAudio" />
              <CheckBox text="主菜单背景音乐" id="checkBoxMainMenuMusic" />
            </StyledGroupBox>
            <StyledGroupBox text="语音" id="groupBoxVoice">
              <!-- Group "语音" -->
              <Label text="语音聊天模式" id="labelVoiceChatMode" />
              <CheckBox text="启用按键说话" id="checkBoxPushToTalk" />
            </StyledGroupBox>
            <StyledGroupBox text="音量设置" id="groupBoxAudioVolume">
              <!-- Group "音量设置" -->
              <Label text="主音量" id="labelVolumeMaster" />
              <Label text="聊天音量" id="labelAudioChat" />
              <Label text="菜单音乐" id="labelAudiofVal0" />
              <Label text="哔哔小子电台" id="labelAudiofVal6" />
              <Label text="世界广播" id="labelAudiofVal1" />
              <Label text="脚步声" id="labelAudiofVal5" />
              <Label text="语音" id="labelAudiofVal2" />
              <Label text="效果" id="labelAudiofVal4" />
              <Label text="音乐" id="labelAudiofVal3" />
            </StyledGroupBox>
          </TabPage>
          <TabPage text="控制设置" id="tabPageControls">
            <!-- ********** Tab "控制设置" ********** -->
            <StyledGroupBox text="游戏手柄" id="groupBoxGamepad">
              <!-- Group "游戏手柄" -->
              <CheckBox text="瞄准辅助" id="checkBoxAimAssist" />
              <CheckBox text="启用手柄振动" id="checkBoxGamepadRumble" />
              <CheckBox text="启用手柄" id="checkBoxGamepadEnabled" />
              <Label text="垂直灵敏度" id="labelGamepadSensitivityY" />
              <Label text="水平灵敏度" id="labelGamepadSensitivityX" />
            </StyledGroupBox>
            <StyledGroupBox text="鼠标" id="groupBoxMouse">
              <!-- Group "鼠标" -->
              <CheckBox text="反转 X 轴" id="checkBoxMouseInvertX" />
              <CheckBox text="反转 Y 轴" id="checkBoxMouseInvertY" />
              <CheckBox text="修复瞄准灵敏度" id="checkBoxFixAimSensitivity" />
              <CheckBox text="匹配水平/垂直灵敏度" id="checkBoxFixMouseSensitivity" />
              <Label text="垂直灵敏度" id="labelMouseSensitivityY" />
              <Label text="水平灵敏度" id="labelMouseSensitivityX" />
            </StyledGroupBox>
          </TabPage>
          <TabPage text="相机设置" id="tabPageCamera">
            <!-- ********** Tab "相机设置" ********** -->
            <StyledGroupBox text="工坊自由视角设置" id="styledGroupBoxFreeCam">
              <!-- Group "工坊自由视角设置" -->
              <CheckBox text="手柄长按切换" id="checkBoxWorkshopFreeCameraControlsHoldToggle" />
              <CheckBox text="从上次位置开始" id="checkBoxWorkshopFreeCameraStartAtPreviousLocation" />
              <CheckBox text="从自由视角开始" id="checkBoxWorkshopStartInFreeCamera" />
              <Label text="旋转速度" id="labelFreeCamRotationSpeed" />
              <Label text="移动速度" id="labelFreeCamMovementSpeed" />
            </StyledGroupBox>
            <StyledGroupBox text="辅助功能" id="styledGroupBoxAccessibility">
              <!-- Group "辅助功能" -->
              <CheckBox text="启用屏幕震动" id="checkBoxEnableCameraShake" />
            </StyledGroupBox>
            <StyledGroupBox text="相机位置（实验功能）" id="groupBoxCameraPosition">
              <!-- Group "相机位置（实验功能）" -->
              <StyledGroupBox text="近战摄像机位置" id="groupBoxMeleeCombatCameraPosition">
                <!-- Group "近战战斗相机位置" -->
                <Label text="远近 (fOverShoulderMeleeCombatAddY)" id="labelfOverShoulderMeleeCombatAddY" />
                <Label text="左右 (fOverShoulderMeleeCombatPosX)" id="labelfOverShoulderMeleeCombatPosX" />
                <Label text="上下 (fOverShoulderMeleeCombatPosZ)" id="labelfOverShoulderMeleeCombatPosZ" />
              </StyledGroupBox>
              <StyledGroupBox text="战斗镜头位置" id="groupBoxCombatCameraPosition">
                <!-- Group "相机位置" -->
                <Label text="远近 (fOverShoulderCombatAddY)" id="labelfOverShoulderCombatAddY" />
                <Label text="左右 (fOverShoulderCombatPosX)" id="labelfOverShoulderCombatPosX" />
                <Label text="上下 (fOverShoulderCombatPosZ)" id="labelfOverShoulderCombatPosZ" />
              </StyledGroupBox>
              <Button text="重置" id="buttonCameraPositionReset" />
              <CheckBox text="应用相机节点动画" id="checkBoxbApplyCameraNodeAnimations" />
              <StyledGroupBox text="非武装摄像机位置" id="groupBoxUnarmedCameraPosition">
                <!-- Group "非武装状态相机位置" -->
                <Label text="左右 (fOverShoulderPosX)" id="labelfOverShoulderPosX" />
                <Label text="上下 (fOverShoulderPosZ)" id="labelfOverShoulderPosZ" />
              </StyledGroupBox>
            </StyledGroupBox>
            <StyledGroupBox text="更多视野调整" id="groupBoxFOVMore">
              <!-- Group "更多视野调整" -->
              <Label text="第三人称瞄准视野" id="labelADSFOV" />
            </StyledGroupBox>
            <StyledGroupBox text="照片模式选项" id="groupBoxSelfieCamera">
              <!-- Group "照片模式选项" -->
              <Label text="旋转速度" id="labelPhotomodeRotationSpeed" />
              <Label text="范围限制" id="labelPhotomodeRange" />
              <Label text="平移速度" id="labelPhotomodeTranslationSpeed" />
            </StyledGroupBox>
            <StyledGroupBox text="待机相机（实验功能）" id="groupBoxIdleCamera">
              <!-- Group "待机相机（实验功能）" -->
              <CheckBox text="强制自动展示模式" id="checkBoxForceVanityMode" />
              <CheckBox text="非活动时启用旋转相机" id="checkBoxVanityMode" />
            </StyledGroupBox>
            <StyledGroupBox text="第三人称相机距离" id="groupBoxCameraDistance">
              <!-- Group "第三人称相机距离" -->
              <Label text="缩放距离" id="labelPitchZoomOutMaxDist" />
              <Label text="最大值" id="labelCameraDistanceMaximum" />
              <Label text="最小值" id="labelCameraDistanceMinimum" />
            </StyledGroupBox>
            <StyledGroupBox text="视野" id="groupBoxFieldOfView">
              <!-- Group "视野" -->
            </StyledGroupBox>
          </TabPage>
          <TabPage text="辅助功能" id="tabPageAccessibility">
            <!-- ********** Tab "辅助功能" ********** -->
            <StyledGroupBox text="笔记替代视图" id="styledGroupBoxAlternativeNoteView">
              <!-- Group "笔记替代视图" -->
              <Label text="阅读笔记与便笺时，可按 V 键切换替代视图。" id="labelAlternativeNoteViewDescription" />
              <Button text="重置" id="buttonResetAlternativeNoteViewBackgroundColor" />
              <Button text="选择颜色" id="buttonPickAlternativeNoteViewBackgroundColor" />
              <Label text="背景颜色" id="labelAlternativeNoteViewBackgroundColor" />
              <Label text="文字颜色" id="labelAlternativeNoteViewTextColor" />
              <Button text="重置" id="buttonResetAlternativeNoteViewTextColor" />
              <Button text="选择颜色" id="buttonPickAlternativeNoteViewTextColor" />
              <CheckBox text="使用更大字体" id="checkBoxEnableLargerAlternativeNoteViewText" />
            </StyledGroupBox>
            <StyledGroupBox text="辅助功能" id="styledGroupBoxAccessibilityAccessibility">
              <!-- Group "Accessibility" -->
              <Label text="朗读语音类型" id="labelScreenNarrationVoiceType" />
              <CheckBox text="启用语音转文字" id="checkBoxSpeechToText" />
              <Label text="消息窗口可见度（透明度）" id="labelMessageWindowVisibility" />
              <Label text="消息窗口淡出时间（秒）" id="labelMessageWindowFadeTime" />
              <CheckBox text="在启动时再次显示辅助功能设置界面" id="checkBoxShowAccessibilityScreenOnStart" />
              <CheckBox text="一键取消通知" id="checkBoxSingleButtonNotificationCancel" />
              <CheckBox text="启用屏幕朗读" id="checkBoxScreenNarration" />
            </StyledGroupBox>
          </TabPage>
        </StyledTabControl>
      </UserControlTweaks>
      <UserControlPipboy id="UserControlPipboy">
        <Panel id="panel1">
          <StyledTabControl id="tabControlPipboy">
            <TabPage text="哔哔小子" id="tabPagePipboyColor">
              <!-- ********** Tab "哔哔小子" ********** -->
              <Label text="颜色输入" id="labelPipboyHEX" />
              <Label text="预设预览" id="labelPreviewPipboy" />
              <Label text="预设预览仅供参考，\n游戏中可能与实际略有不同。" id="labelPipboyColorPreviewNotice" />
              <Button text="重置颜色" id="buttonColorResetPipboy" />
              <Button text="选择颜色" id="buttonColorPickPipboy" />
              <Label text="哔哔小子颜色" id="labelPipboyColor" />
            </TabPage>
            <TabPage text="快速小子" id="tabPageQuickboyColor">
              <!-- ********** Tab "快速小子" ********** -->
              <Label text="颜色输入" id="labelQuickboyHEX" />
              <Label text="预设预览" id="labelPreviewQuickboy" />
              <Label text="预设预览仅供参考，\n游戏中可能与实际略有不同。" id="labelQuickboyColorPreviewNotice" />
              <Button text="选择颜色" id="buttonColorPickQuickboy" />
              <Button text="重置颜色" id="buttonColorResetQuickboy" />
              <Label text="快速小子颜色" id="labelQuickboyColor" />
            </TabPage>
            <TabPage text="动力装甲界面" id="tabPagePowerArmorColor">
              <!-- ********** Tab "动力装甲界面" ********** -->
              <Label text="颜色输入" id="labelPAColorHEX" />
              <Label text="预设预览" id="labelPreviewPA" />
              <Label text="预设预览仅供参考，\n游戏中可能与实际略有不同。" id="labelPAColorPreviewNotice" />
              <Label text="动力装甲界面颜色" id="labelPowerArmorColor" />
              <Button text="选择颜色" id="buttonColorPickPAPipboy" />
              <Button text="重置颜色" id="buttonColorResetPAPipboy" />
            </TabPage>
          </StyledTabControl>
          <Panel id="panelPipboyPresets">
            <Button text="马铃薯" id="buttonPresetTato" />
            <Button text="薰衣草" id="buttonButtonPresetLavendar" />
            <Button text="动力装甲默认颜色" id="buttonPresetFo76PPColor" />
            <Button text="快速小子默认颜色" id="buttonPresetFo76QB" />
            <Button text="明亮白" id="buttonPresetWhite" />
            <Label text="预设方案" id="labelPresets" />
            <Button text="经典蓝色" id="buttonPresetFo3Blue" />
            <Button text="首都废土" id="buttonPresetFo3Green" />
            <Button text="联邦废土" id="buttonPresetFo4Green" />
            <Button text="经典青色" id="buttonPresetFo3White" />
            <Button text="莫哈维废土" id="buttonPresetFoNVAmber" />
            <Button text="阿帕拉契亚" id="buttonPresetFo76Green" />
          </Panel>
        </Panel>
        <Panel id="panelPipboyOther">
          <LinkLabel text="重置为默认分辨率" id="linkLabelPipboyTargetReset" />
          <Label text="分辨率设置" id="labelPipboyResolution" />
          <LinkLabel text="设置推荐分辨率" id="linkLabelPipboyTargetSetRecommended" />
          <RadioButton text="默认快速小子" id="radioButtonQuickboy" />
          <Label text="分辨率设置同时影响哔哔小子和快速小子" id="labelPipboyResolutionSideNote" />
          <Label text="哔哔小子默认模式" id="labelPipboyMode" />
          <RadioButton text="默认哔哔小子" id="radioButtonPipboy" />
        </Panel>
        <Label text="哔哔小子自定义" id="labelPipboyTitle" />
      </UserControlPipboy>
      <UserControlGallery id="UserControlGallery">
        <Panel id="panelGalleryOptions">
          <StyledGroupBox text="选项" id="groupBoxScreenshotOptions">
            <!-- Group "选项" -->
            <Button text="删除缩略图" id="buttonGalleryDeleteThumbnails" />
            <CheckBox text="递归搜索子文件夹" id="checkBoxGallerySearchRecursively" />
            <Label text="附加路径（每行一个）" id="labelGalleryAdditionalPaths" />
            <Label text="截图索引" id="labelScreenshotIndex" />
          </StyledGroupBox>
        </Panel>
        <Label text="相册图库" id="labelGalleryTitle" />
        <Panel id="panelGallery">
          <Label text="点击右上角的“刷新图库”以显示截图与照片。" id="labelGalleryTip" />
        </Panel>
      </UserControlGallery>
      <UserControlCustom id="UserControlCustom">
        <Label text="在此处输入的内容将覆盖 *.ini 文件中的设置。" id="labelCustomDesc" />
        <Label text="自定义 *.ini 设置" id="labelCustomTitle" />
        <Button text="保存*" id="buttonCustomSave" />
        <Label text="覆盖以下文件中的相关行" id="labelCustomFile" />
      </UserControlCustom>
      <UserControlSettings id="UserControlSettings">
        <Panel id="panel2">
          <Label text="可能需要重启程序以正确应用元素主题。" id="labelThemeExpl" />
          <RadioButton text="跟随系统" id="radioButtonRespectSystemTheme" />
          <RadioButton text="暗黑模式" id="radioButtonDarkTheme" />
          <RadioButton text="明亮模式" id="radioButtonLightTheme" />
          <Label text="应用外观主题" id="labelTheme" />
          <Label text="外观设置" id="labelAppearance" />
        </Panel>
        <Panel id="panel1">
          <Label text="通知设置" id="labelSettingsNotifications" />
          <CheckBox text="显示通知" id="checkBoxShowNotifications">
            <Tooltip>禁用此选项将不再显示通知，但你可能会错过一些重要信息。</Tooltip>
          </CheckBox>
          <CheckBox text="播放通知音效" id="checkBoxPlayNotificationSound" />
        </Panel>
        <Panel id="panelSettingsProfile">
          <LinkLabel text="前往游戏版本设置" id="linkLabelOpenProfileEditor" />
          <Label text="编辑游戏版本设置（游戏路径、平台等）" id="labelSettingsProfileNotice" />
          <Label text="游戏版本设置" id="labelSettingsProfiles" />
        </Panel>
        <Panel id="panelSettingsPaths">
          <Label text="程序相关路径" id="labelSettingsPaths" />
          <Label text="7z 解压程序路径" id="labelSevenZipPath" />
          <Button text="..." id="buttonPickArchiveTwoPath" />
          <Label text="Archive2 程序路径" id="labelArchiveTwoPath" />
          <Button text="..." id="buttonPickSevenZipPath" />
          <Label text="相关程序" id="labelSettingsPrograms" />
          <Label text="模组管理" id="labelSettingsModManager" />
          <Label text="模组下载路径" id="labelDownloadsPath" />
          <Button text="..." id="buttonPickDownloadsPath" />
        </Panel>
        <Panel id="panelSettingsNWMode">
          <Label text="启用/禁用模组" id="labelSettingsToggleMods" />
          <CheckBox text="重命名所有添加的 *.dll 文件" id="checkBoxNWRenameDLL" />
          <CheckBox text="进入核冬天模式后自动删除模组" id="checkBoxNWAutoDisableMods" />
          <Label text="核冬天模式选项（已停用）" id="labelNWdlloptions" />
          <Label text="核冬天模式选项（已停用）" id="labelNWmodoptions" />
          <CheckBox text="退出核冬天模式后自动部署模组" id="checkBoxNWAutoDeployMods" />
          <StyledButton text="禁用模组" id="buttonToggleMods" />
        </Panel>
        <Panel id="panelSettingsOptions">
          <Label text="选项设置" id="labelSettingsOptions" />
          <CheckBox text="将 *.ini 文件设为只读" id="checkBoxReadOnly" />
          <CheckBox text="关联 Mod Manager Download 链接" id="checkBoxHandleNXMLinks" />
        </Panel>
        <Panel id="panelSettingsBehavior">
          <CheckBox text="本地化翻译更新时弹窗通知" id="checkBoxNotifyOnTranslationUpdate" />
          <CheckBox text="保存更改前备份*.ini文件" id="checkBoxMakeBackups" />
          <Label text="便捷设置" id="labelSettingsBehavior" />
          <CheckBox text="关闭配置工具或启动游戏自动应用更改" id="checkBoxAutoApply" />
          <CheckBox text="游戏启动时关闭配置工具" id="checkBoxQuitOnGameLaunch" />
          <CheckBox text="禁用配置工具自动更新检查" id="checkBoxIgnoreUpdates" />
        </Panel>
        <Panel id="panelSettingsLocalization">
          <Label text="翻译更新可用时 \n可单击下载按钮获取" id="labelTranslationsUpdateAvailable" />
          <Label text="本地化设置" id="labelSettingsLocalization" />
          <Label text="选择你所使用的语言" id="labelLanguage" />
          <Button id="buttonDownloadLanguages">
            <Tooltip>下载本地化文件</Tooltip>
          </Button>
          <Button id="buttonRefreshLanguage">
            <Tooltip>检查当前可用的本地化文件</Tooltip>
          </Button>
          <Label text="此翻译已过期 \n某些文本可能尚经翻译" id="labelOutdatedLanguage" />
        </Panel>
        <Label text="配置工具设置" id="labelSettingsTitle" />
      </UserControlSettings>
      <UserControlNexusMods id="UserControlNexusMods">
        <Panel id="panelManageNMProfile">
          <FlowLayoutPanel id="flowPanelNMActions">
            <Button text="登录" id="buttonNMLogin" />
            <Button text="手动登录" id="buttonNMLoginManually" />
            <Button text="注销" id="buttonNWLogout" />
            <Button text="更新配置文件" id="buttonNMUpdateProfile" />
            <Button text="删除缓存" id="buttonNWDeleteCache" />
          </FlowLayoutPanel>
          <LinkLabel text="无法登录？点击这里改用 API 密钥登录。" id="linkLabelEnableAPIKey" />
          <LinkLabel text="如何使用 API 密钥登录？" id="linkLabelAPIKeyHelp" />
          <Label text="API 密钥" id="labelAPIKey" />
          <CheckBox text="显示 API 密钥" id="checkBoxShowAPIKey" />
          <Label text="可执行操作" id="labelNexusModsActions" />
          <CheckBox text="下载缩略图" id="checkBoxNMDownloadThumbnails" />
          <Label text="选项" id="labelNMOptions" />
          <CheckBox text="自动更新配置文件" id="checkBoxNMUpdateProfile" />
        </Panel>
        <Panel id="panelNMProfile">
          <Label text="你尚未登录。" id="labelNMNotLoggedIn" />
          <Label text="用户 ID:" id="labelNMDescUserID" />
          <Label text="每小时请求限制" id="labelNMDescHourlyRateLimit" />
          <Label text="会员等级" id="labelNMDescMembership" />
          <Label text="从未" id="labelNMRateLimitReset" />
          <Label text="速率限制重置:" id="labelNMDescLimitReset" />
          <Label text="每日费率限制" id="labelNMDescDailyRateLimit" />
        </Panel>
        <Label text="Nexus Mods API" id="labelNexusTitle" />
      </UserControlNexusMods>
      <UserControlProfiles id="UserControlProfiles">
        <TabControlWithoutHeader id="tabControl">
          <TabPage text="选择" id="tabPageSelect">
            <!-- ********** Tab "选择" ********** -->
            <Label text="游戏平台配置" id="labelSelectTitle" />
            <Button text="编辑游戏平台配置" id="buttonEditProfile" />
            <Button text="删除游戏平台配置" id="buttonDeleteProfile" />
            <ListView id="listViewGameInstances">
              <Column>游戏</Column>
            </ListView>
            <Button text="添加游戏平台配置" id="buttonAddProfile" />
          </TabPage>
          <TabPage text="编辑" id="tabPageEdit">
            <!-- ********** Tab "编辑" ********** -->
            <LinkLabel text="显示介绍文章" id="linkLabelProfilesHelp" />
            <Label text="编辑游戏平台配置" id="labelEditTitle" />
            <LinkLabel text="← 保存并返回" id="linkLabelNavigationBack" />
            <Panel id="panelSettings">
              <LinkLabel text="重置模组路径" id="linkLabelResetModsPath" />
              <Label text="模组路径" id="labelModsPath" />
              <Button text="..." id="buttonPickModsPath" />
              <LinkLabel text="尝试自动检测" id="linkLabelAutoDetect" />
              <CheckBox text="显示更多选项" id="checkBoxMoreOptions" />
              <Label text="游戏路径" id="labelGamePath" />
              <Panel id="panelAdvancedOptions">
                <Label text="ini文件路径" id="labelIniPath" />
                <Button text="..." id="buttonPickIniPath" />
                <Label text="高级选项" id="labelProfileAdvancedOptions" />
                <Label text="启动网址" id="labelLaunchURL" />
                <Label text="如果通过 Xbox 应用安装，《辐射76》无法直接运行。" id="labelLaunchOptionMSStoreNotice" />
                <Label text="启动选项" id="labelProfileLaunchOptions" />
                <Label text="启动参数" id="labelParameters" />
                <RadioButton text="直接运行 Fallout76.exe " id="radioButtonLaunchViaExecutable" />
                <RadioButton text="通过 Steam 或 Xbox 启动（推荐）" id="radioButtonLaunchViaLink" />
                <Label text="启动程序" id="labelExecutable" />
                <Label text="ini文件前缀" id="labelIniPrefix" />
              </Panel>
              <Label text="平台与版本" id="labelGameEdition" />
              <Label text="平台配置名称" id="labelProfileName" />
              <Button text="..." id="buttonPickGamePath" />
            </Panel>
          </TabPage>
        </TabControlWithoutHeader>
      </UserControlProfiles>
    </ViewControl>
    <UserControlSideNav id="userControlSideNav">
      <StyledButton text="模组下载" id="buttonNexusMods" />
      <StyledButton text="自定义调整" id="buttonCustom" />
      <Label text="游戏平台与版本" id="labelGameEditionDesc" />
      <StyledButton text="工具主页" id="buttonHome" />
      <StyledButton text="相册图库" id="buttonGallery" />
      <StyledButton text="哔哔小子" id="buttonPipboy" />
      <StyledButton text="游戏设置" id="buttonTweaks" />
      <StyledButton text="浏览文件" id="buttonBrowse" />
      <StyledButton text="工具设置" id="buttonSettings" />
      <StyledButton text="模组安装" id="buttonMods" />
      <StyledButton text="工具更新" id="buttonUpdate" />
      <StyledButton text="应用设置" id="buttonApply" />
      <StyledButton text="开始游戏" id="buttonPlay" />
      <Label text="游戏平台配置" id="labelProfile" />
      <Label text="快速配置工具" id="labelLogo" />
    </UserControlSideNav>
    <ContextMenuStrip id="contextMenuStrip1">
      <ToolStripMenuItem text="打开" id="openToolStripMenuItem" />
      <ToolStripMenuItem text="打开文件夹" id="openFolderToolStripMenuItem" />
      <ToolStripMenuItem text="剪切" id="cutToolStripMenuItem" />
      <ToolStripMenuItem text="复制" id="copyToolStripMenuItem" />
      <ToolStripMenuItem text="删除" id="deleteToolStripMenuItem" />
    </ContextMenuStrip>
    <ContextMenuStrip id="contextMenuStripBrowse">
      <ToolStripMenuItem text="游戏安装目录" id="gameFolderToolStripMenuItem" />
      <ToolStripMenuItem text="游戏配置目录" id="gamesConfigurationFolderToolStripMenuItem" />
      <ToolStripMenuItem text="工具安装目录" id="toolInstallationFolderToolStripMenuItem" />
      <ToolStripMenuItem text="工具配置目录" id="toolConfigurationFolderToolStripMenuItem" />
      <ToolStripMenuItem text="工具语言目录" id="toolLanguagesFolderToolStripMenuItem" />
      <ToolStripMenuItem text="Steam截图目录" id="steamScreenshotFolderToolStripMenuItem" />
      <ToolStripMenuItem text="游戏照片目录" id="gamePhotosFolderToolStripMenuItem" />
      <ToolStripMenuItem text="编辑 Fallout76.ini" id="editFallout76iniToolStripMenuItem" />
      <ToolStripMenuItem text="编辑 Fallout76Prefs.ini" id="editFallout76PrefsiniToolStripMenuItem" />
      <ToolStripMenuItem text="编辑 Fallout76Custom.ini" id="editFallout76CustominiToolStripMenuItem" />
    </ContextMenuStrip>
    <ContextMenuStrip id="contextMenuStripOverallQualityPresets">
      <ToolStripMenuItem text="画质预设" id="toolStripMenuItem1" />
      <ToolStripMenuItem text="低" id="lowToolStripMenuItem" />
      <ToolStripMenuItem text="中" id="mediumToolStripMenuItem" />
      <ToolStripMenuItem text="高" id="highToolStripMenuItem" />
      <ToolStripMenuItem text="终极" id="ultraToolStripMenuItem" />
      <ToolStripMenuItem text="取消" id="cancelToolStripMenuItem" />
    </ContextMenuStrip>
  </Form1>
</Language>