﻿<?xml version="1.0" encoding="utf-8"?>
<!--
     This file is auto-generated on program start.
     Therefore any changes made to this file will be overwritten.
     You can use this as a template for your own translation, though.

     If you need help with translating, you can find a guide here:
     https://github.com/FelisDiligens/Fallout76-QuickConfiguration/wiki/Translations
-->
<Language name="中文（简体）" iso="zh-CN" author="SugarBombsRADS" version="1.12.1">
  <Strings>
    <!--
        Strings
        ******************************************************************************************************************************************************
        Basically little text snippets that can be used everywhere.
    -->
    <String text="当前有更新的版本可用: {0}" id="newVersionAvailable" />
    <String text="立即更新新版本" id="updateNowButton" />
    <String text="未知" id="unknown" />
    <String text="部署必要的组件" id="modsDeploymentNecessary" />
    <String text="部分程序出现错误，请查看日志文件！" id="modsFailed" />
    <String text="通用" id="modsTablePresetGeneral" />
    <String text="材质" id="modsTablePresetTextures" />
    <String text="音效" id="modsTablePresetSoundFX" />
    <String text="捆绑包" id="modsTableTypeBundled" />
    <String text="分离模组" id="modsTableTypeSeparate" />
    <String text="分离已冻结模组" id="modsTableTypeSeparateFrozen" />
    <String text="松散文件" id="modsTableTypeLoose" />
    <String text="待办的" id="modTableFrozenPending" />
    <String text="已冻结" id="modTableFrozen" />
    <String text="冻结" id="modTableFreeze" />
    <String text="打包到 {0}." id="modTableInstallInfoBundledBA2" />
    <String text="使用预设 {1} 打包到 {0}." id="modTableInstallInfoSeparateBA2" />
    <String text="将文件复制到 {0}." id="modTableInstallInfoLooseFiles" />
    <String text="待安装" id="modTablePendingInstallation" />
    <String text="待移除" id="modTablePendingRemoval" />
    <String text="待更改" id="modTablePendingChanges" />
    <String text="更新可用" id="updateAvailable" />
    <String text="已启用" id="enabled" />
    <String text="已禁用" id="disabled" />
    <String text="版本" id="gameEdition" />
	<String text="低" id="lowPreset" />
    <String text="中" id="mediumPreset" />
    <String text="高" id="highPreset" />
    <String text="超级" id="ultraPreset" />
    <String text="自定义" id="customPreset" />
    <String text="当前预设: {0}" id="currentPreset" />
    <String text="已选择 {0} 个模组" id="modDetailsTitleBulkSelected" />
    <String text="{0} 小时 {1} 分钟" id="nmResetTime" />
    <String text="剩余 {0} " id="nmRateLimitLeft" />
    <String text="基础账号" id="nmBasicAccount" />
    <String text="支持者" id="nmSupporterAccount" />
    <String text="Premium账号" id="nmPremiumAccount" />
    <String text="N/A" id="notApplicable" />
    <String text="Yes" id="yes" />
    <String text="No" id="no" />
    <String text="有效的" id="valid" />
    <String text="无效的" id="invalid" />
    <String text="自动" id="auto" />
    <String text="已选择" id="selected" />
    <String text="核冬天模式" id="nuclearwintermode" />
    <String text="冒险模式" id="adventuremode" />
    <String text="受影响的值" id="affectedValues" />
    <String text="受影响的文件" id="affectedFiles" />
    <String text="你已经赞赏了这个模组" id="endorsedText" />
    <String text="你还没有赞赏这个模组" id="notEndorsedText" />
    <String text="您已弃权支持此模组" id="abstainedText" />
    <String text="警告：找不到常用资源文件夹 (meshes, textures, sounds, materials, interface, and so on).该模组可能无法加载" id="modSidePanel_WarningNoCommonResourceFoldersFound" />
    <String text="警告：找不到要打包到 *.ba2 存档的任何（有效）文件。 Archive2 在部署期间可能会失败" id="modSidePanel_WarningNoFilesAvailableToPack" />
	<String text="提示：混合通用、纹理和声音文件*可能*会导致模组无法正确加载。&#xA;如果模组无法正常工作，您可以尝试将其设置为“Bundled *.ba2 archive” " id="modSidePanel_HintMixedResourcesFound" />
    <String text="提示：对于带有通用文件的模组，选择通用预设或将其保留在“自动检测”上。" id="modSidePanel_HintWrongPresetForGeneralFiles" />
    <String text="提示：对于纹理替换模组，选择“纹理（*.dds 文件）”； 预设或将其保留在“自动检测”上。" id="modSidePanel_HintWrongPresetForTextures" />
    <String text="提示：对于声音替换模组，选择“Sound FX / Music / Voice”； 预设或将其保留在“自动检测”上。" id="modSidePanel_HintWrongPresetForAudioFiles" />
    <String text="提示：*.dll 文件通常安装为“松散文件”； 进入顶级目录（“.”）。" id="modSidePanel_HintWrongInstallMethodForDLLs" />
    <String text="提示：字符串通常安装为“松散文件”。 进入“数据\字符串” 文件夹。" id="modSidePanel_HintWrongInstallMethodForStrings" />
  </Strings>
  <Dropdowns>
    <!--
        Dropdowns
        ******************************************************************************************************************************************************
        Make sure that the amount of options stays the same.
    -->
    <Dropdown id="ModInstallAs">
      <Option>与其他模组捆绑到 *.ba2 档案中</Option>
      <Option>创建单独的 *.ba2 存档</Option>
      <Option>复制松散文件</Option>
    </Dropdown>
    <Dropdown id="ModArchivePreset">
      <Option>-- 请选择 --</Option>
      <Option>自动检测（推荐）</Option>
      <Option> 通用 / 界面 / 材质 / 动画 </Option>
      <Option>纹理（*.dds 文件）</Option>
      <Option> 音效 / 音乐 / 语音 </Option>
    </Dropdown>
    <Dropdown id="Resolution">
      <Option>自定义</Option>
      <Option></Option>
      <Option>┌───────────────────────────────┐</Option>
      <Option>│  4:3                          │</Option>
      <Option>├───────────────────────────────┤</Option>
      <Option>│ [4:3]    640 x  480 (VGA)     │</Option>
      <Option>│ [4:3]    800 x  600 (SVGA)    │</Option>
      <Option>│ [4:3]    960 x  720           │</Option>
      <Option>│ [4:3]   1024 x  768 (XGA)     │</Option>
      <Option>│ [4:3]   1152 x  864           │</Option>
      <Option>│ [4:3]   1280 x  960           │</Option>
      <Option>│ [4:3]   1400 x 1050           │</Option>
      <Option>│ [4:3]   1440 x 1080           │</Option>
      <Option>│ [4:3]   1600 x 1200           │</Option>
      <Option>│ [4:3]   1920 x 1440           │</Option>
      <Option>│ [4:3]   2048 x 1536           │</Option>
      <Option>│ [4:3]   2880 x 2160           │</Option>
      <Option>│                               │</Option>
      <Option>│                               │</Option>
      <Option>├───────────────────────────────┤</Option>
      <Option>│  5:3                          │</Option>
      <Option>├───────────────────────────────┤</Option>
      <Option>│ [5:3]    800 x  480           │</Option>
      <Option>│ [5:3]   1280 x  768 (WXGA)    │</Option>
      <Option>│                               │</Option>
      <Option>│                               │</Option>
      <Option>├───────────────────────────────┤</Option>
      <Option>│  5:4                          │</Option>
      <Option>├───────────────────────────────┤</Option>
      <Option>│ [5:4]   1152 x  960           │</Option>
      <Option>│ [5:4]   1280 x 1024           │</Option>
      <Option>│ [5:4]   2560 x 2048           │</Option>
      <Option>│ [5:4]   5120 x 4096           │</Option>
      <Option>│                               │</Option>
      <Option>│                               │</Option>
      <Option>├───────────────────────────────┤</Option>
      <Option>│  16:9                         │</Option>
      <Option>├───────────────────────────────┤</Option>
      <Option>│ [16:9]  1024 x  576           │</Option>
      <Option>│ [16:9]  1152 x  648           │</Option>
      <Option>│ [16:9]  1280 x  720 (HD)      │</Option>
      <Option>│ [16:9]  1360 x  768           │</Option>
      <Option>│ [16:9]  1365 x  768           │</Option>
      <Option>│ [16:9]  1366 x  768           │</Option>
      <Option>│ [16:9]  1536 x  864           │</Option>
      <Option>│ [16:9]  1600 x  900           │</Option>
      <Option>│ [16:9]  1920 x 1080 (Full HD) │</Option>
      <Option>│ [16:9]  2560 x 1440 (WQHD)    │</Option>
      <Option>│ [16:9]  3200 x 1800           │</Option>
      <Option>│ [16:9]  3840 x 2160 (4K UHD1) │</Option>
      <Option>│ [16:9]  5120 x 2880 (5K)      │</Option>
      <Option>│ [16:9]  7680 x 4320 (8K UHD2) │</Option>
      <Option>│                               │</Option>
      <Option>│                               │</Option>
      <Option>├───────────────────────────────┤</Option>
      <Option>│  16:10                        │</Option>
      <Option>├───────────────────────────────┤</Option>
      <Option>│ [16:10]  640 x  400           │</Option>
      <Option>│ [16:10] 1280 x  800           │</Option>
      <Option>│ [16:10] 1440 x  900           │</Option>
      <Option>│ [16:10] 1680 x 1050           │</Option>
      <Option>│ [16:10] 1920 x 1200           │</Option>
      <Option>│ [16:10] 2560 x 1600           │</Option>
      <Option>│ [16:10] 3840 x 2400           │</Option>
      <Option>│                               │</Option>
      <Option>│                               │</Option>
      <Option>├───────────────────────────────┤</Option>
      <Option>│  17:9                         │</Option>
      <Option>├───────────────────────────────┤</Option>
      <Option>│ [17:9]  2048 x 1080           │</Option>
      <Option>│                               │</Option>
      <Option>│                               │</Option>
      <Option>├───────────────────────────────┤</Option>
      <Option>│  21:9                         │</Option>
      <Option>├───────────────────────────────┤</Option>
      <Option>│ [21:9]  1920 x  800           │</Option>
      <Option>│ [21:9]  2560 x 1080           │</Option>
      <Option>│ [21:9]  3440 x 1440           │</Option>
      <Option>│ [21:9]  3840 x 1600           │</Option>
      <Option>│ [21:9]  5120 x 2160           │</Option>
      <Option>│                               │</Option>
      <Option>│                               │</Option>
      <Option>└───────────────────────────────┘</Option>
      <Option></Option>
    </Dropdown>
    <Dropdown id="DisplayMode">
      <Option>全屏</Option>
      <Option>窗口化</Option>
      <Option>无边框窗口</Option>
      <Option>无边框窗口化（全屏）</Option>
    </Dropdown>
    <Dropdown id="AntiAliasing">
      <Option>启用TAA（默认）</Option>
      <Option>禁用</Option>
    </Dropdown>
    <Dropdown id="AnisotropicFiltering">
      <Option>无</Option>
      <Option>2x</Option>
      <Option>4x</Option>
      <Option>8x</Option>
      <Option>16x (默认)</Option>
    </Dropdown>
    <Dropdown id="ShadowTextureResolution">
      <Option>512 = 超低</Option>
      <Option>1024 = 低</Option>
      <Option>2048 = 高（默认）</Option>
      <Option>4096 = 超级</Option>
      <Option>8192 = 终极</Option>
    </Dropdown>
    <Dropdown id="ShadowBlurriness">
	  <Option>0x </Option>
      <Option>1x (清晰 像素化很明显)</Option>
      <Option>2x (不那么模糊)</Option>
      <Option>3x (模糊 默认)</Option>
    </Dropdown>
	<Dropdown id="ShadowQuality">
      <Option>低</Option>
      <Option>中</Option>
      <Option>高</Option>
      <Option>超级</Option>
      <Option>自定义</Option>
    </Dropdown>
    <Dropdown id="VoiceChatMode">
      <Option>自动</Option>
      <Option>区域</Option>
      <Option>团队</Option>
      <Option>无</Option>
    </Dropdown>
    <Dropdown id="ShowActiveEffectsOnHUD">
      <Option>禁用</Option>
      <Option>显示负面BUFF</Option>
      <Option>全部</Option>
    </Dropdown>
    <Dropdown id="CorpseHighlighting">
      <Option>禁用</Option>
      <Option>检视尸体后清除</Option>
      <Option>拾取尸体后清除</Option>
    </Dropdown>
	<Dropdown id="TextureQuality">
      <Option>低</Option>
      <Option>中</Option>
      <Option>高</Option>
      <Option>终极</Option>
      <Option>自定义</Option>
    </Dropdown>
    <Dropdown id="WaterShadowFilter">
      <Option>1 (低)</Option>
      <Option>2 (中等)</Option>
      <Option>3 (高)</Option>
    </Dropdown>
    <Dropdown id="VolumetricLightingQuality">
      <Option>0 (低)</Option>
      <Option>1 (中等)</Option>
      <Option>2 (高)</Option>
    </Dropdown>
</Dropdowns>
  <Messageboxes>
    <!--
        Message boxes
        ******************************************************************************************************************************************************
        The {0} is a placeholder, btw.
    -->
    <Messagebox title="更改已应用" id="changesApplied">已应用更改 你现在可以开始游戏了。</Messagebox>
    <Messagebox title="已完成" id="downloadLanguagesFinished">下载的语言文件：{0}</Messagebox>
    <Messagebox title="文件已修改" id="iniFilesModified">*.ini文件在工具运行时已在工具外部进行了修改
注意：如果单击“应用”或管理模组 任何更改都将被覆盖
请重新启动该工具以使用新值</Messagebox>
    <Messagebox title="云文件提供程序未运行" id="cloudFileProviderNotRunning">{0}
请确保 OneDrive 正在运行 然后重试
该工具将立即终止</Messagebox>
    <Messagebox title="无法加载 *.ini 文件" id="iniFailedToLoad">{0}
该工具将立即终止</Messagebox>
    <Messagebox title="画面图形设置已更改" id="iniGraphicsPresetChanged">画面图形设置为 {0}.</Messagebox>
    <Messagebox title="本地化翻译已更新！" id="translationsUpdateAvailable">前往下载页面进行下载！</Messagebox>
    <Messagebox title="拒绝访问" id="setInisReadOnlyFailed">无法将*.ini 文件设置为只读 尝试使用管理员权限启动工具
{0}</Messagebox>
    <Messagebox title="游戏路径无效" id="modsGamePathInvalid">您选择的路径似乎不是《辐射76》的正确安装路径
请确保选择 *.exe 所在的文件夹 而不是 Data 文件夹</Messagebox>
    <Messagebox title="无法删除最新的游戏配置文件" id="errorAtLeastOneGameOrProfile">至少需要一个游戏配置文件</Messagebox>
    <Messagebox title="自动检测失败" id="gamePathAutoDetectFailed">找不到任何通用的游戏路径 请手动选择路径</Messagebox>
    <Messagebox title="路径已找到" id="gamePathAutoDetectPathFound">你确定使用这个路径吗？
找到：{0}

单击“是”使用此路径 单击“否”继续搜索 单击“取消”中止搜索</Messagebox>
    <Messagebox title="删除 {0}?" id="galleryDeleteScreenshot">您即将删除“{0}” 你确定吗？</Messagebox>
    <Messagebox title="删除 {0} 文件?" id="galleryDeleteScreenshots">您即将删除 {0} 个文件 你确定吗？</Messagebox>
    <Messagebox title="你确定吗?" id="galleryDeleteThumbnails">您确定要删除画廊的缩略图吗？
下次您单击“刷新图库”时 它会花费更长的时间 因为它会重新创建所有缩略图 </Messagebox>
    <Messagebox title="核冬天模式已禁用" id="nwModeDisabled">您现在可以进入冒险模式</Messagebox>
    <Messagebox title="启用核冬天模式" id="nwModeEnabled">您现在可以进入核冬天模式</Messagebox>
    <Messagebox title="已完成" id="modsDisabledDone">模组已被禁用并从游戏中移除</Messagebox>
    <Messagebox title="已完成" id="modsDeployedDone">已部署模组</Messagebox>
    <Messagebox title="出现错误" id="modsDeploymentFailed">模组可能未部署
请检查日志文件</Messagebox>
    <Messagebox title="Archive2 丢失" id="modsArchive2Missing">.\Archive2\Archive2.exe 丢失
尝试重新安装此工具或手动安装 Archive2</Messagebox>
    <Messagebox title="游戏路径未指定或无效" id="modsGamePathNotSet">请确保您设置了正确的游戏路径
您可以在设置中执行此操作</Messagebox>
    <Messagebox title="7-Zip 丢失" id="7ZipMissing">.\7z\7z.exe 丢失
尝试重新安装此工具或手动复制 7-Zip</Messagebox>
    <Messagebox title="好耶！" id="modsNoConflictingFiles">未找到冲突文件</Messagebox>
    <Messagebox title="导入手动安装的模组？" id="modsImportQuestion">您确定要添加安装在模组管理器之外的模组吗？</Messagebox>
    <Messagebox title="您想重新打包捆绑的档案吗？" id="modsRepackFrozenBundledArchives">有可用的冻结捆绑档案 您想再次重新打包捆绑的档案吗？

    是的 - 我对我的模组列表进行了更改并想再次重新打包我的捆绑档案（缓）

    不 - 我没有进行更改 请部署我冻结的捆绑档案（快）</Messagebox>
    <Messagebox title="Archive2 未能打包/提取档案" id="archive2Error">Archive2 因未知原因失败
请检查日志文件以获取详细信息</Messagebox>
    <Messagebox title="Archive2 未能打包/提取档案" id="archive2InstallRequirements">请确保您已安装“Visual C++ Redistributable for Visual Studio 2012 Update 4”。
您可以在 NexusMods 页面上找到一个链接</Messagebox>
    <Messagebox title="不支持的文件格式" id="modsArchiveTypeNotSupported">不支持 {0} 个文件
请解压缩存档并将模组添加为文件夹</Messagebox>
    <Messagebox title="找到旧版本" id="modsLegacyFormatDetected">看起来您以前管理过模组但使用的是 v1.9.0 之前的版本
模组的管理和存储方式发生了显着变化 
因此 它们必须转换为新格式

注意：这将解冻档案。转换所有模组后它们可能会占用更多空间（具体取决于冻结了多少模组）降级仍然是可能的但某些模组可能会加载不正确

你想现在转换它们吗？这不会花很长时间</Messagebox>
    <Messagebox title="manifest.xml 条目无效" id="modsInvalidManifestEntry">模组条目无效并被忽略 
错误：{0}</Messagebox>
    <Messagebox title="模组信息更新" id="nexusModsRemoteInfoRefreshedSuccess">Mod信息已更新并已下载缩略图</Messagebox>
    <Messagebox title="认可所有模组?" id="nexusModsEndorseAllQuestion">这将赞赏您安装的所有模组 你确定吗？</Messagebox>
    <Messagebox title="未登录" id="nexusModsNotLoggedIn">请先登录 NexusMods 然后重试</Messagebox>
    <Messagebox title="删除 {0}?" id="deleteQuestion">您即将删除“{0}” 你确定吗？</Messagebox>
    <Messagebox title="删除 {0} 文件?" id="deleteMultipleQuestion">您即将删除 {0} 个文件 你确定吗？</Messagebox>
    <Messagebox title="失败" id="failed">{0}</Messagebox>
    <Messagebox title="完成" id="done">{0}</Messagebox>
    <Messagebox title="你确定吗?" id="areYouSure">{0}</Messagebox>
  </Messageboxes>
  <TweakDescriptions>
    <!--
        Descriptions
        ******************************************************************************************************************************************************
        These are the descriptions of almost all tweaks.
        They appear in tool tips, when the user hovers over a tweak with the mouse cursor.
    -->
    <Description id="Fo76ini.Tweaks.General.EnableSteamTweak">启用/禁用 Steam 集成 禁用它以使用您的 Bethesda.net 帐户</Description>
    <Description id="Fo76ini.Tweaks.General.AutoSigninTweak">如果您提供登录凭据 启用此功能将跳过登录提示</Description>
    <Description id="Fo76ini.Tweaks.General.IntroVideoTweak">启用此选项后 游戏将不再播放 Bethesda 徽标视频</Description>
    <Description id="Fo76ini.Tweaks.General.SkipStartupSplash">启用此选项后 游戏将不会在启动时为您提供游戏新闻</Description>
    <Description id="Fo76ini.Tweaks.General.FasterFadeInTweak">加载到世界或快速旅行后 游戏播放动画/从黑色淡入
这也会阻止您移动一段时间 这个调整加快了该动画的播放速度
Credit：reddit-u/LinuxVersion

⚠️ 如果设置的值太低或为0 游戏加载后会卡在黑屏
（调整使用的值：fFadeToBlackFadeSeconds=0.2000 和 fMinSecondsForLoadFadeIn=0.3000）</Description>
    <Description id="Fo76ini.Tweaks.Interface.AutoTrackQuestWhenStartedTweak+Main">如果启用，自动跟踪新添加的“主要”任务。</Description>
    <Description id="Fo76ini.Tweaks.Interface.AutoTrackQuestWhenStartedTweak+Side">如果启用，自动跟踪新添加的“支线”任务。</Description>
    <Description id="Fo76ini.Tweaks.Interface.AutoTrackQuestWhenStartedTweak+Misc">如果启用，自动跟踪新添加的“其他”任务。</Description>
    <Description id="Fo76ini.Tweaks.Interface.AutoTrackQuestWhenStartedTweak+Event">如果启用，自动跟踪新添加的“事件”任务。</Description>
    <Description id="Fo76ini.Tweaks.Interface.AutoTrackQuestWhenStartedTweak+Other">如果启用，自动跟踪新添加的“每日”任务。</Description>
    <Description id="Fo76ini.Tweaks.Video.DisplaySizeTweak">显示屏分辨率</Description>
    <Description id="Fo76ini.Tweaks.Video.DisplayModeTweak">更改显示模式
	
• 全屏：真正的全屏模式（最佳性能）
• 窗口化：在有边框的窗口中开始游戏
• 无边框窗口化：允许您轻松使用 Alt+Tab，但请确保分辨率与您的显示器分辨率相匹配（默认）
• 无边框窗口（全屏）：与“无边框窗口”相同 但窗口将最大化以适合您的屏幕
  如果分辨率低于您的显示器 这将看起来像素化 因为它使用最近邻法来放大对应的图像 </Description>
    <Description id="Fo76ini.Tweaks.Video.PresentIntervalTweak">禁用此功能将取消限制帧速率

• 如果您遇到屏幕撕裂 请启用此选项
• 如果您遇到输入延迟 请禁用此功能

⚠️ 启用此功能可能无法消除屏幕撕裂
⚠️ 如果禁用此功能 建议手动将游戏上限设置为 60 FPS（例如使用 NVIDIA 控制面板）

ℹ️ 无上限的帧速率不应该像旧游戏那样让物理表现变得混乱
因为这已经由 Bethesda 很久以前（2018 年）修复了
尽管如此 你仍然可以将其限制为 60</Description>
    <Description id="Fo76ini.Tweaks.Video.TopMostWindowTweak">启用此功能 将使游戏的窗口保持在前台
⚠️ 这将阻止您在单个显示器上使用 Alt+Tab 快捷键 </Description>
    <Description id="Fo76ini.Tweaks.Interface.FixHUD4to3RatioTweak">修复被隐藏/有问题的HUD界面
• 快速哔哔小子屏幕
• 锁定选择屏幕
• 动力装甲HUD
  适用于 5:4 和 4:3 屏幕

⚠️ 大部分未经测试</Description>
    <Description id="Fo76ini.Tweaks.Graphics.AntiAliasingTweak">平滑（像素化）对象的边缘
禁用以降低视觉质量为代价提高性能

ℹ️ "FXAA" 未正常工作
将值设置为“FXAA”只禁用抗锯齿 </Description>
    <Description id="Fo76ini.Tweaks.Graphics.AnisotropicFilteringTweak">从斜角观察时减少纹理的锯齿</Description>
    <Description id="Fo76ini.Tweaks.Graphics.TextureQualityPresetTweak">主要改变贴图纹理的分辨率</Description>
    <Description id="Fo76ini.Tweaks.Graphics.ShadowQualityPresetTweak">游戏中的阴影质量设置</Description>
    <Description id="Fo76ini.Tweaks.Graphics.DepthOfFieldTweak">禁用此选项将禁用所有景深效果</Description>
    <Description id="Fo76ini.Tweaks.Graphics.DepthOfFieldStrengthTweak">景深效果的强度</Description>
	<Description id="Fo76ini.Tweaks.Graphics.MotionBlurTweakRev1">没有太大的视觉区别感受</Description>
    <Description id="Fo76ini.Tweaks.Graphics.RadialBlurTweakRev1">当玩家受伤（例如被子弹或爆炸击中）或在水下时模糊屏幕</Description>
    <Description id="Fo76ini.Tweaks.Graphics.AmbientOcclusionTweak">启用/禁用角落或物体接触地面的阴影</Description>
    <Description id="Fo76ini.Tweaks.Graphics.ScreenSpaceReflectionsTweakRev1">在水、水坑和金属等闪亮表面上启用反射
⚠️如果禁用 可能会导致漆黑、乳白色或看不见的水；
  如果您遇到这种情况 请尝试启用“水”部分下的修复选项 </Description>
    <Description id="Fo76ini.Tweaks.Graphics.WaterDisplacementsTweak">启用/禁用水体动画选项（波纹、波浪）</Description>
    <Description id="Fo76ini.Tweaks.Graphics.WaterRefractionsTweak">似乎没什么特定的作用</Description>
    <Description id="Fo76ini.Tweaks.Graphics.WaterReflectionsTweak">不像你期望的那样工作 改为禁用 SSR
⚠️ 可能使（远处的）水隐形</Description>
    <Description id="Fo76ini.Tweaks.Graphics.WaterHiResTweak">如果启用 可修复黑水问题</Description>
    <Description id="Fo76ini.Tweaks.Graphics.WaterFixSSRGlitchTweak">有时 禁用屏幕空间反射会导致漆黑、乳白色 甚至是看不见的水
这个选项试图解决这个问题</Description>
    <Description id="Fo76ini.Tweaks.Graphics.VolumetricLightingTweak">也称为上帝射线/光轴</Description>
    <Description id="Fo76ini.Tweaks.Graphics.VolumetricLightingQualityTweak">改变上帝光/光轴的质量/清晰度
	推荐设置：2（高）</Description>
	<Description id="Fo76ini.Tweaks.Graphics.DisableAllGoreTweakRev1">射击敌人时不再有血液粒子效果</Description>
    <Description id="Fo76ini.Tweaks.Graphics.Effects.BloodSplatterEnabledTweak">在 HUD 上启用血液飞溅效果</Description>
    <Description id="Fo76ini.Tweaks.Graphics.ShadowMapResolutionTweak">阴影的分辨率 较高的设置将使阴影更详细</Description>
    <Description id="Fo76ini.Tweaks.Graphics.ShadowBlurrinessTweak">模糊阴影 如果您设置较低的阴影分辨率 则特别有用

低纹理贴图分辨率推荐x3倍
高纹理贴图分辨率推荐x2倍</Description>
    <Description id="Fo76ini.Tweaks.Graphics.ShadowDistanceTweak">设置渲染阴影的距离
   · 最高为 150000
   · 高为 120000
   · 中为 90000
   · 最低为 60000
   
ℹ️ 0 将破坏阴影（不建议）</Description>
    <Description id="Fo76ini.Tweaks.Graphics.TAAPostOverlayTweakRev1">TAA 后锐化覆盖的不透明度 增加此值会增加模糊图像顶部的锐化图像的可见性
ℹ️ 将此值增加太多会导致屏幕闪烁
默认值：0.21</Description>
    <Description id="Fo76ini.Tweaks.Graphics.TAAPostSharpenTweakRev1">TAA 后的锐化量
ℹ️ 将此值增加太多会导致屏幕闪烁
默认值：0.21
推荐：0.4</Description>
    <Description id="Fo76ini.Tweaks.Graphics.GrassFadeDistanceTweak">设置草地开始消散的距离
   · 终极为 7000
   · 最高为 5500
   · 中为 4500</Description>
    <Description id="Fo76ini.Tweaks.Audio.EnableAudioTweak">如果禁用 游戏将完全静音</Description>
    <Description id="Fo76ini.Tweaks.Audio.PlayMainMenuMusicTweak">如果未选中 游戏将不会在主菜单中播放背景音乐</Description>
    <Description id="Fo76ini.Tweaks.Volume.AudioMenuValTweak+fVal0">更改“菜单音乐”的音量
ℹ️它可能不会改变正确的音量</Description>
    <Description id="Fo76ini.Tweaks.Volume.AudioMenuValTweak+fVal1">更改“世界收音机”的音量
ℹ️它可能不会改变正确的音量</Description>
    <Description id="Fo76ini.Tweaks.Volume.AudioMenuValTweak+fVal2">更改“语音”的音量
ℹ️它可能不会改变正确的音量</Description>
    <Description id="Fo76ini.Tweaks.Volume.AudioMenuValTweak+fVal3">更改“音乐”的音量
ℹ️它可能不会改变正确的音量</Description>
    <Description id="Fo76ini.Tweaks.Volume.AudioMenuValTweak+fVal4">更改“效果”的音量
ℹ️它可能不会改变正确的音量</Description>
    <Description id="Fo76ini.Tweaks.Volume.AudioMenuValTweak+fVal5">更改“脚步声”的音量
ℹ️它可能不会改变正确的音量</Description>
    <Description id="Fo76ini.Tweaks.Volume.AudioMenuValTweak+fVal6">更改“哔哔小子广播”的音量
ℹ️它可能不会改变正确的音量</Description>
    <Description id="Fo76ini.Tweaks.Controls.FixMouseSensitivityTweak">如果启用 向上/向下和向左/向右看的灵敏度将相等
如果禁用（默认）左/右看的灵敏度可能会高于上/下

• 如果您使用的是鼠标 请启用此功能
• 如果您使用的是游戏手柄 请禁用此功能

⚠️ 启用后 您的鼠标灵敏度可能会增加 降低光标速度或鼠标DPI

ℹ️ 垂直灵敏度取决于显示器的纵横比：
       · 对于 4:3 ，Y 的值为 0.028
       · 对于 16:9，Y 的值为 0.03738
       · 对于 16:10，Y 的值为 0.0336
       · 对于 21:9，Y 的值为 0.042
       · 对于所有其他纵横比，Y 的值等于纵横比的 0.021 倍（YScale = 0.021 * 宽度/高度）</Description>
    <Description id="Fo76ini.Tweaks.Controls.FixAimSensitivityTweak">如果启用 瞄准时灵敏度不会改变
如果禁用（默认）则在向下瞄准时灵敏度会降低

⚠️ 这可能仅适用于 16:9 显示器
⚠️ 这可能在蹲下时在游戏中不起作用</Description>
    <Description id="Fo76ini.Tweaks.Controls.GamepadEnableTweak">如果您插入了游戏手柄 但想改用键盘和鼠标 请禁用此功能</Description>
    <Description id="Fo76ini.Tweaks.Camera.ApplyCameraNodeAnimationsTweak">禁用时 将相机的位置设置为角色头部
您需要缩小第三人称
如果启用 则将相机的位置设置在右肩后面

⚠️ 如果禁用可能会导致问题。</Description>
    <Description id="Fo76ini.Tweaks.Camera.SelfieModeRangeTweak">游戏将在多远的距离阻止您在照片模式下远离您的角色
默认值：500</Description>
    <Description id="Fo76ini.Tweaks.Camera.SelfieCameraTranslationSpeedTweak">相机在照片模式下移动的速度
默认值：2.5</Description>
    <Description id="Fo76ini.Tweaks.Camera.SelfieCameraRotationSpeedTweak">相机在照片模式下旋转的速度
默认值：1.5</Description>
    <Description id="Fo76ini.Tweaks.Camera.DisableAutoVanityModeTweak">启用后 在一段时间内未输入任何内容后 相机将围绕角色旋转
⚠️不确定它是否有任何作用（需要更多测试）</Description>
    <Description id="Fo76ini.Tweaks.Camera.FOV3rdADSTweak">瞄准时改变第三人称视角的视野
默认值：50</Description>
    <Description id="Fo76ini.Tweaks.Camera.FieldOfViewTweak">更改第一和第三人称视角的视野
这与游戏内 FOV 设置中的值相同
默认值：80</Description>
    <Description id="Fo76ini.Tweaks.Camera.VanityModeMinDistTweak">在第三人称视图中您可以放大多少
默认值：0</Description>
    <Description id="Fo76ini.Tweaks.Camera.VanityModeMaxDistTweak">在第三人称视图中您可以缩小多少
默认值：150</Description>
    <Description id="Fo76ini.Tweaks.Camera.PitchZoomOutMaxDistTweak">当您以第三人称看地面时 相机会缩小多少
默认值：100</Description>
    <Description id="Fo76ini.Tweaks.Colors.PipboyColorTweak">更改哔哔小子的颜色</Description>
    <Description id="Fo76ini.Tweaks.Colors.QuickboyColorTweak">更改快速小子的颜色</Description>
    <Description id="Fo76ini.Tweaks.Colors.PowerArmorPipboyColorTweak">更改动力装甲哔哔小子的颜色</Description>
    <Description id="Fo76ini.Tweaks.General.ScreenshotIndexTweak">当您使用打印屏幕按钮在游戏中截取屏幕截图时
它将它们作为“ScreenShotX.png”保存在游戏目录中
“X”是截图索引</Description>
    <Description id="Fo76ini.Tweaks.Inis.INIReadOnlyTweak">此选项将立即使所有 *.ini 文件成为只读文件
如果您的设置被还原 请启用此选项</Description>
    <Description id="Fo76ini.Tweaks.Config.AutoApplyTweak">无需再按“应用”</Description>
    <Description id="Fo76ini.Tweaks.Config.IgnoreUpdatesTweak">不会在启动时检查更新并隐藏大更新按钮</Description>
    <Description id="Fo76ini.Tweaks.Config.PlayNotificationSoundsTweak">启用后 该工具将播放自定义通知声音</Description>
    <Description id="Fo76ini.Tweaks.Config.ToolQuitOnLaunchTweak">启用后 在游戏启动时关闭该工具
仅在通过该工具启动时才有效</Description>
    <Description id="Fo76ini.Tweaks.NuclearWinterMode.RenameDLLsTweak">如果选中 任何不属于游戏的 *.dll 文件都将被重命名</Description>
    <Description id="Fo76ini.Tweaks.NuclearWinterMode.DeployModsOnNWModeTweak">如果选中 将在禁用核冬天模式时部署模组</Description>
    <Description id="Fo76ini.Tweaks.NuclearWinterMode.RemoveModsOnNWModeTweak">如果选中 当核冬天模式启用时模组将被移除</Description>
    <Description id="Fo76ini.Tweaks.Config.ArchiveTwoPathTweak">该工具使用 Archive2.exe 来提取和打包 *.ba2 文件
您可以设置该工具查找 Archive2.exe 的路径</Description>
    <Description id="Fo76ini.Tweaks.Config.SevenZipPathTweak">该工具使用 7z.exe 来提取各种档案（zip/rar/7z）
您可以设置该工具查找 7z.exe 的路径</Description>
    <Description id="Fo76ini.Tweaks.Config.DownloadPathTweak">当您使用 NexusMods 上的“Vortex”/“Mod Manager 下载”按钮下载模组时
该工具会将文件下载到此文件夹</Description>
  </TweakDescriptions>
  <FormMods title="模组管理器">
    <!--
        FormMods
        ******************************************************************************************************************************************************
        Mod Manager
    -->
    <StatusStrip id="statusStrip1">
      <ToolStripStatusLabel text="模组数量：" id="toolStripStatusLabelDescModCount" />
      <ToolStripStatusLabel text="0" id="toolStripStatusLabelModCount" />
      <ToolStripStatusLabel text="启用：" id="toolStripStatusLabelDescEnabledCount" />
      <ToolStripStatusLabel text="0" id="toolStripStatusLabelEnabledCount" />
      <ToolStripStatusLabel text=" " id="toolStripStatusLabelSpacer" />
      <ToolStripStatusLabel text="需要部署" id="toolStripStatusLabelDeploymentStatus" />
    </StatusStrip>
    <Panel id="panel1">
      <Button text="部署" id="buttonModsDeploy" />
      <CheckBox text="禁用模组" id="checkBoxDisableMods" />
    </Panel>
    <TabControl id="tabControl1">
      <TabPage text="模组顺序" id="tabPageModOrder">
        <!-- ********** Tab "Mod order" ********** -->
        <Panel id="panelModDetails">
          <Panel id="panelModDetailsHeader">
            <Button id="buttonModAbstain">
              <Tooltip>弃权赞赏该模组 </Tooltip>
            </Button>
            <Button id="buttonModEndorse">
              <Tooltip> 赞赏该模组 </Tooltip>
            </Button>
            <CheckBox text="启用此模组" id="checkBoxModDetailsEnabled" />
          </Panel>
          <Panel id="panelModDetailsInner">
            <GroupBox text="笔记" id="groupBoxNotes">
              <!-- Group "Notes" -->
            </GroupBox>
            <GroupBox text="添加/替换模组文件" id="groupBoxModReplace">
              <!-- Group "Add / replace mod files" -->
              <Label text="将文件/文件夹拖放到左侧框中以添加/替换文件" id="labelModDetailsReplace" />
              <LinkLabel text="删除文件夹内容" id="linkLabelModDeleteFolderContents" />
              <LinkLabel text="导入文件夹" id="linkLabelModReplaceFilesWithFolder" />
              <LinkLabel text="导入档案文件" id="linkLabelModReplaceFilesWithArchive" />
            </GroupBox>
            <GroupBox text="安装选项" id="groupBoxModDetailsInstallationOptions">
              <!-- Group "Installation options" -->
              <LinkLabel text="使冻结档案文件无效" id="linkLabelModInvalidateFrozenArchive" />
              <LinkLabel text="尝试自动检测安装选项" id="linkLabelModAutoDetectInstallOptions" />
              <Button text="..." id="buttonModPickRootDir" />
              <Label text="安装为:" id="labelModInstallAs" />
              <Label text="预设:" id="labelModArchivePreset" />
              <CheckBox text="冻结" id="checkBoxFreezeArchive">
                <Tooltip>如果您“冻结”存档 则在部署时不会重新创建它且将加快部署
				
如果存档很大（1GB 或更多）并且文件没有更改 这将特别有用</Tooltip>
              </CheckBox>
              <Label text="安装到：" id="labelModInstallInto" />
              <Button text="建议" id="buttonModDetailsSuggestArchiveName" />
              <Label text="档案文件名称：" id="labelModArchiveName" />
            </GroupBox>
            <GroupBox text="详细信息" id="groupBoxModDetailsDetails">
              <!-- Group "Details" -->
              <Button id="buttonModOpenFolder">
                <Tooltip>打开文件夹到模组</Tooltip>
              </Button>
              <Label text="文件夹名称：" id="labelModFolderName" />
              <Button id="buttonModOpenPage">
                <Tooltip>在浏览器中打开链接</Tooltip>
              </Button>
              <Panel id="panelModDetailsNexusMods">
                <LinkLabel text="设置最新版本" id="linkLabelModSetLatestVersion" />
                <Label text="最新版本:" id="labelModLatestVersionDesc" />
                <Label text="作者:" id="labelModAuthorDesc" />
              </Panel>
              <Label text="安装版本:" id="labelModVersion" />
              <Label text="模组名称" id="labelModName" />
              <Label text="URL:" id="labelModURL" />
            </GroupBox>
          </Panel>
        </Panel>
        <ToolStrip id="toolStrip1">
          <ToolStripButton text="添加模组（来自档案文件）" id="toolStripButtonAddMod" />
          <ToolStripButton text="添加模组（来自文件夹）" id="toolStripButtonAddModFolder" />
          <ToolStripButton text="选中/取消选中所有" id="toolStripButtonCheckAll" />
          <ToolStripButton text="上移" id="toolStripButtonMoveUp" />
          <ToolStripButton text="下移" id="toolStripButtonMoveDown" />
          <ToolStripButton text="打开模组文件夹" id="toolStripButtonModOpenFolder" />
          <ToolStripButton text="冻结模组" id="toolStripButtonFreeze" />
          <ToolStripButton text="解冻模组" id="toolStripButtonModUnfreeze" />
          <ToolStripButton text="删除模组" id="toolStripButtonDeleteMod" />
        </ToolStrip>
        <ObjectListView id="objectListViewMods">
          <Column></Column>
          <Column>模组名称 &amp; 信息</Column>
          <Column>状态</Column>
          <Column>安装</Column>
        </ObjectListView>
      </TabPage>
      <TabPage text="设置" id="tabPageModsSettings">
        <!-- ********** Tab "Settings" ********** -->
        <GroupBox text="界面" id="groupBoxModsInterface">
          <!-- Group "Interface" -->
          <Label text="模组列表布局：" id="labelModListStyle" />
          <RadioButton text="紧凑但更多列（旧列表）" id="radioButtonModsUseAlternativeList" />
          <RadioButton text="标准组合列（默认）" id="radioButtonModsUseStandardList" />
          <CheckBox text="如果可用请从 NexusMods 页面显示模组标题" id="checkBoxModsUseRemoteModNames">
            <Tooltip>如果选中：在 NexusMods 上显示模组的标题
如果未选中：显示模块的标题就 像您在侧面板中键入它一样
（这纯粹看个人喜好）</Tooltip>
          </CheckBox>
        </GroupBox>
        <GroupBox text="行为" id="groupBoxModsBehavior">
          <!-- Group "Behavior" -->
          <Label text="注意：这些设置仅在部署后生效" id="labelBehaviorNote" />
          <Panel id="panelBundledLoadOrder">
            <Label text="在加载顺序中将捆绑的档案放在哪里？" id="labelBundledLoadOrder" />
            <RadioButton text="首先放置捆绑的档案（默认）" id="radioButtonBundledFirstinLO">
              <Tooltip>捆绑的档案文件将首先出现在加载顺序中</Tooltip>
            </RadioButton>
            <RadioButton text="将捆绑的档案放在最后" id="radioButtonBundledLastinLO">
              <Tooltip>捆绑的档案文件将出现在加载顺序的最后</Tooltip>
            </RadioButton>
          </Panel>
          <Panel id="panelDeployMethod">
            <Label text="如何复制文件？" id="labelDeployMethod" />
            <RadioButton text="制作硬链接（推荐）" id="radioButtonModsUseHardlinks">
              <Tooltip>制作硬链接而不是复制文件
减少部署时间和磁盘空间

推荐设置
</Tooltip>
            </RadioButton>
            <RadioButton text="制作符号链接（实验性功能 需要管理员权限）" id="radioButtonModsUseSymlinks">
              <Tooltip>制作符号链接（也称为软链接）而不是复制文件以减少部署时间和磁盘空间

请注意：您必须以管理员权限运行该工具才能创建符号链接！
如果没有 该工具将回退到复制文件

实验功能</Tooltip>
            </RadioButton>
            <RadioButton text="复制文件（最稳定）" id="radioButtonModsCopyFiles">
              <Tooltip>复制文件 因此会占用更多磁盘空间
			  
没有副作用 如果您遇到问题 请使用此选项</Tooltip>
            </RadioButton>
          </Panel>
          <CheckBox text="冻结捆绑的档案文件（实验性功能）" id="checkBoxFreezeBundledArchives">
            <Tooltip>它不会重建捆绑的档案 而是保存捆绑的副本并询问您是否要在部署时更新它 </Tooltip>
          </CheckBox>
          <CheckBox text="默认情况下解冻 *.ba2 文件" id="checkBoxAddArchivesAsBundled" />
        </GroupBox>
        <GroupBox text="列表" id="groupBoxLists">
          <!-- Group "Lists" -->
          <Button text="重制" id="buttonModsResetTextbox" />
          <Button text="应用更改" id="buttonModsApplyTextBox" />
          <Button text="清洁清单" id="buttonModsCleanList" />
          <Label text="资源列表（换行符分隔）:" id="labelsResourceIndexFileList" />
        </GroupBox>
      </TabPage>
    </TabControl>
    <MenuStrip id="menuStrip1">
      <!-- Menu -->
      <ToolStripMenuItem text="文件" id="fileToolStripMenuItem">
        <ToolStripMenuItem text="添加模组" id="addModarchiveToolStripMenuItem">
          <ToolStripMenuItem text="清空模组" id="emptyModToolStripMenuItem" />
          <ToolStripMenuItem text="来自档案文件" id="fromArchiveToolStripMenuItem" />
          <ToolStripMenuItem text="来自 *.ba2 档案文件（冻结）" id="fromba2ArchivefrozenToolStripMenuItem" />
          <ToolStripMenuItem text="来自文件夹" id="fromFolderToolStripMenuItem" />
        </ToolStripMenuItem>
        <ToolStripMenuItem text="导入已安装的模组" id="toolStripMenuItemModsImport" />
        <ToolStripMenuItem text="保存更改" id="saveToolStripMenuItem" />
        <ToolStripMenuItem text="部署模组" id="deployToolStripMenuItem" />
      </ToolStripMenuItem>
      <ToolStripMenuItem text="查看" id="editToolStripMenuItem">
        <ToolStripMenuItem text="显示冲突文件" id="showConflictingFilesToolStripMenuItem" />
        <ToolStripMenuItem text="重新加载用户界面" id="reloadUIToolStripMenuItem" />
      </ToolStripMenuItem>
      <ToolStripMenuItem text="工具" id="toolsToolStripMenuItem">
        <ToolStripMenuItem text="Archive2" id="archive2ToolStripMenuItem">
          <ToolStripMenuItem text="打开 Archive2" id="openArchive2ToolStripMenuItem" />
          <ToolStripMenuItem text="浏览 *.ba2 文件" id="exploreba2ArchiveToolStripMenuItem" />
        </ToolStripMenuItem>
        <ToolStripMenuItem text="NexusMods API" id="nexusModsAPIToolStripMenuItem">
          <ToolStripMenuItem text="更新模组信息" id="updateModInformationToolStripMenuItem" />
          <ToolStripMenuItem text="赞赏模组" id="endorseModsToolStripMenuItem" />
          <ToolStripMenuItem text="检查更新" id="checkForUpdatesToolStripMenuItem" />
        </ToolStripMenuItem>
      </ToolStripMenuItem>
      <ToolStripMenuItem text="帮助" id="helpToolStripMenuItem">
        <ToolStripMenuItem text="显示指南" id="showGuideToolStripMenuItem" />
        <ToolStripMenuItem text="日志文件" id="logFilesToolStripMenuItem">
          <ToolStripMenuItem text="显示 modmanager.log.txt" id="showModmanagerlogtxtToolStripMenuItem" />
          <ToolStripMenuItem text="显示 archive2.log.txt" id="showArchive2logtxtToolStripMenuItem" />
        </ToolStripMenuItem>
      </ToolStripMenuItem>
    </MenuStrip>
  </FormMods>
  <FormWelcome title="欢迎使用本工具">
    <!--
        FormWelcome
        ******************************************************************************************************************************************************
        Welcome
    -->
    <Label text="» 现在，我知道你很忙，所以我不会占用你太多时间。\n 我只是需要验证一些信息，仅此而已！ «\n      – 避难所科技代表, Oct. 2077" id="label4" />
    <Button text="确认" id="buttonOK" />
    <Panel id="panel1">
      <GroupBox text="游戏路径" id="groupBoxGameLocation">
        <!-- Group "Game path" -->
        <Label text="如果您不想安装模组 您可以跳过游戏位置设置" id="label3" />
        <Label text="如果您无法找到游戏位置：\n\nSteam:\n    • C:\\Program Files (x86)\\Steam\\steamapps\\common\\Fallout76\\\n    • ?:\\SteamLibrary\\steamapps\\common\\Fallout76\\\nXbox / Microsoft Store:\n    • C:\\Program Files﻿\\ModifiableWindowsApps\\Fallout76\\\n    • ?:\\XboxGames\\Fallout 76\\Content\\" id="label2" />
        <Button text="尝试自动检测" id="buttonAutoDetect" />
        <Button text="..." id="buttonPickGamePath" />
      </GroupBox>
      <GroupBox text="游戏版本" id="groupBoxGameEdition">
        <!-- Group "Game edition" -->
        <RadioButton text="Steam (PTS)" id="radioButtonEditionSteamPTS" />
        <RadioButton text="其他" id="radioButtonEditionUnknown" />
        <RadioButton text="Xbox" id="radioButtonEditionMSStore" />
        <RadioButton text="Steam" id="radioButtonEditionSteam" />
      </GroupBox>
    </Panel>
    <Label text="您好，您好像是第一次使用该工具！\n" id="label1" />
    <Label text="欢迎！" id="labelTitle" />
  </FormWelcome>
  <Form1 title="辐射76 快速配置工具">
    <!--
        Form1
        ******************************************************************************************************************************************************
        Fallout 76 Quick Configuration
    -->
    <ViewControl id="viewControl">
      <UserControlHome id="UserControlHome">
        <TabControlWithoutHeader id="tabControlWithoutHeader1">
          <TabPage text="tabPageHome" id="tabPageHome">
        <!-- ********** Tab "Home" ********** -->
		<Panel id="panelWebLinks">
              <StyledButton text="Map76" id="styledButtonMap76" />
              <StyledButton text="Bethesda.net服务器状态" id="styledButtonBethesdaNetStatus" />
              <StyledButton text="错误报告" id="styledButtonBugReports" />
              <StyledButton text="Wiki &amp; guides" id="styledButtonWikiAndGuides" />
              <StyledButton text="GitHub" id="styledButtonGitHub" />
              <StyledButton text="NukaCrypt" id="styledButtonNukacrypt" />
              <StyledButton text="NexusMods" id="styledButtonNexusMods" />
              <Label text="网页链接" id="labelWebLinks" />
              <StyledButton text="N&amp;D配装器" id="styledButtonNukesAndDragonsBuildPlanner" />
              <StyledButton text="xTranslator" id="styledButtonxTranslator" />
        </Panel>
		<Panel id="panelContent">
          <Label text="服务器状态：" id="labelServerStatus" />
          <StyledButton text="What's new?" id="styledButtonWhatsNew" />
          <Label text="版本：" id="labelVersion" />
          <Label text="译者：" id="labelTranslationBy" />
          <Label text="作者：" id="labelAuthor" />
        </Panel>
        <Panel id="panelTitle">
          <Label text="欢迎使用快速配置工具！" id="labelWelcome" />
          <Label text="该工具允许您更改各种游戏设置并安装模组！" id="labelDescription" />
        </Panel>
        <Panel id="panelUpdate">
          <PictureBoxButton text="现在更新！" id="pictureBoxButtonUpdate" />
          <LinkLabel text="或者手动下载安装..." id="linkLabelManualDownloadPage" />
        </Panel>
		</TabPage>
	  <TabPage text="新功能" id="tabPageWhatsNew">
        <!-- ********** Tab "tabPageWhatsNew" ********** -->
      <StyledButton text="返回" id="styledButtonGoBack" />
      </TabPage>
	 </TabControlWithoutHeader>
   </UserControlHome>
   <UserControlTweaks id="userControlTweaks">
          <Label text="提示：如果您不确定它的作用 请将鼠标悬停在某个选项上 " id="labelTweaksDesc" />
          <Label text="调整" id="labelTweaksTitle" />
          <TabControl id="tabControlTweaks">
            <TabPage text="信息" id="tabPageTweaksInfo">
              <!-- ********** Tab "Info" ********** -->
			<Label text="浏览器控件在Windows 7或8.1下无法正常工作\n单击下面的按钮以阅读信息" id="labelTweaksInfoWin7" />
            <Button text="在浏览器中打开" id="buttonOpenTweaksInfoInBrowser" />
            </TabPage>
            <TabPage text="通用" id="tabPageGeneral">
              <!-- ********** Tab "General" ********** -->
              <GroupBox text="游玩设置" id="groupBoxGameplay">
                <!-- Group "Gameplay" -->
                <CheckBox text="背包可见性" id="checkBoxBackpackVisible" />
                <Label text="尸体高亮设置:" id="labelHighlightCorpses" />
              </GroupBox>
              <GroupBox text="对话选项" id="groupBoxDialogue">
                <!-- Group "Dialogue" -->
                <Label text="对话历史记录大小（行数）" id="labelConversationHistorySize" />
                <CheckBox text="显示对话历史" id="checkBoxDialogueHistory" />
                <CheckBox text="显示对话字幕" id="checkBoxDialogueSubtitles" />
                <CheckBox text="显示一般字幕" id="checkBoxGeneralSubtitles" />
              </GroupBox>
              <GroupBox text="HUD" id="groupBoxHUD">
                <!-- Group "HUD" -->
                <GroupBox text="HUD上的浮动任务标记" id="groupBoxFloatingQuestMarkers">
                  <!-- Group "Floating quest markers on HUD" -->
                  <CheckBox text="显示浮动任务标记\n" id="checkBoxShowFloatingQuestMarkers" />
                  <CheckBox text="显示浮动任务文本" id="checkBoxShowFloatingQuestText" />
                  <Label text="绘制距离" id="labelFloatingQuestMarkersDistance" />
                </GroupBox>
                <CheckBox text="显示其他玩家名称" id="checkBoxShowOtherPlayersNames" />
                <CheckBox text="启用公共队伍通知\n" id="checkBoxShowPublicTeamNotifications" />
                <CheckBox text="启用动力装甲 HUD" id="checkBoxEnablePowerArmorHUD" />
                <CheckBox text="显示浮动伤害数字" id="checkBoxShowDamageNumbers" />
                <CheckBox text="显示准星" id="checkBoxShowCrosshair" />
                <CheckBox text="显示指南针" id="checkBoxShowCompass" />
                <Label text="在HUD上显示活动效果：" id="labelShowActiveEffectsOnHUD" />
                <Label text="HUD不透明度" id="labelHUDOpacity" />
              </GroupBox>
              <GroupBox text="加载" id="groupBoxLoading">
                <!-- Group "Loading" -->
                <CheckBox text="加载后加速载入" id="checkBoxFasterFadeIn" />
              </GroupBox>
              <GroupBox text="任务" id="groupBoxQuests">
                <!-- Group "Quests" -->
                <CheckBox text="每日任务开始时激活" id="checkBoxEnableQuestAutoTrackDaily" />
                <CheckBox text="事件任务开始时激活" id="checkBoxEnableQuestAutoTrackEvent" />
                <CheckBox text="其他任务开始时激活" id="checkBoxEnableQuestAutoTrackMisc" />
                <CheckBox text="支线任务启动时激活" id="checkBoxEnableQuestAutoTrackSide" />
                <CheckBox text="主线任务启动时激活" id="checkBoxEnableQuestAutoTrackMain" />
              </GroupBox>
              <GroupBox text="主菜单" id="groupBoxMainMenu">
                <!-- Group "Main Menu" -->
                <CheckBox text="在启动时跳过带有新闻的初始屏幕" id="checkBoxSkipSplash" />
                <CheckBox text="跳过介绍视频" id="checkBoxSkipIntroVideos" />
              </GroupBox>
            </TabPage>
            <TabPage text="视频" id="tabPageVideo">
              <!-- ********** Tab "Video" ********** -->
              <GroupBox text="图形" id="groupBoxGraphics">
                <!-- Group "Graphics" -->
			  <GroupBox text="景深" id="groupBoxDOF">
                <!-- Group "Depth of Field" -->
                <Label text="景深强度" id="labelDOFStrength" />
                <CheckBox text="开启景深效果" id="checkBoxDepthOfField" />
              </GroupBox>
			<Button text="选择画面质量预设" id="buttonSelectOverallQualityPreset" />
            <Label text="整体画面质量预设:" id="labelOverallQualityPreset" />
              <GroupBox text="材质" id="groupBoxTextures">
                <!-- Group "Textures" -->
                <Label text="材质质量预设" id="labelTextureQuality" />
              </GroupBox>
                <GroupBox text="效果" id="groupBoxGraphicEffects">
                  <!-- Group "Effects" -->
                  <CheckBox text="血腥效果" id="checkBoxBloodSplatter" />
                  <CheckBox text="禁用血腥效果" id="checkBoxDisableGore" />
                </GroupBox>
                <GroupBox text="TAA 锐化" id="groupBoxTAASharpening">
                  <!-- Group "TAA Sharpening" -->
                  <Label text="后期锐化" id="labelTAAPostSharpen" />
                  <Label text="后期叠加" id="labelTAAPostOverlay" />
                </GroupBox>
                <Label text="抗锯齿" id="labelAntiAliasing" />
                <GroupBox text="草地" id="groupBoxGrass">
                  <!-- Group "Grass" -->
                  <Label text="淡出距离" id="labelGrassFadeDistance" />
                  <CheckBox text="启用草地" id="checkBoxGrass" />
                </GroupBox>
                <GroupBox text="细节层次" id="groupBoxLOD">
                  <!-- Group "LOD" -->
                  <Label text="淡出距离" id="labelLODFadeDistance" />
                  <Label text="人物" id="labelLODActors" />
                  <Label text="物品" id="labelLODItems" />
                  <Label text="目标" id="labelLODObjects" />
                </GroupBox>
                <CheckBox text="垂直同步（帧率上限）" id="checkBoxVSync" />
                <GroupBox text="光影" id="groupBoxLighting">
                  <!-- Group "Lighting" -->
				  <Label text="体积光质量：" id="labelGodrayQuality" />
                  <CheckBox text="体积光" id="checkBoxGodrays" />
                </GroupBox>
                <Label text="各向异性过滤" id="labelAnisotropicFiltering" />
                <GroupBox text="阴影" id="groupBoxShadows">
                  <!-- Group "Shadows" -->
				  <Label text="阴影质量预设：" id="labelShadowQuality" />
                  <Label text="模糊" id="labelShadowBlurriness" />
                  <Label text="淡出距离" id="labelShadowDistance" />
                  <Label text="纹理贴图分辨率" id="labelShadowTextureResolution" />
                </GroupBox>
                <GroupBox text="水体" id="groupBoxWater">
                  <!-- Group "Water" -->
				  <Label text="阴影滤镜：" id="labelWaterShadowFilter" />
                  <CheckBox text="修复黑色/隐形水" id="checkBoxWaterFixSSRGlitch" />
                  <CheckBox text="使用高分辨率" id="checkBoxWaterHiRes" />
                  <CheckBox text="水面折射" id="checkBoxWaterRefractions" />
                  <CheckBox text="水面反射" id="checkBoxWaterReflections" />
                  <CheckBox text="水体移位" id="checkBoxWaterDisplacement" />
                </GroupBox>
                <GroupBox text="后期处理" id="groupBoxPostProcessing">
                  <!-- Group "Post-processing" -->
                  <CheckBox text="反射 (SSR)" id="checkBoxSSReflections" />
                  <CheckBox text="环境光遮蔽 (SSAO)" id="checkBoxAmbientOcclusion" />
                  <CheckBox text="运动模糊" id="checkBoxMotionBlur" />
                  <CheckBox text="径向模糊" id="checkBoxRadialBlur" />
                  <CheckBox text="镜头光晕" id="checkBoxLensFlare" />
                </GroupBox>
              </GroupBox>
              <GroupBox text="显示" id="groupBoxDisplay">
                <!-- Group "Display" -->
                <CheckBox text="修复 5:4 和 4:3 分辨率的 HUD（部分）" id="checkBoxFixHUDFor5_4and4_3" />
                <Button text="检测分辨率" id="buttonDetectResolution" />
                <Label text="自定义分辨率" id="labelCustomResolution" />
                <Label text="分辨率" id="labelResolution" />
                <CheckBox text="置顶窗口" id="checkBoxTopMostWindow" />
                <Label text="显示模式" id="labelDisplayMode" />
                <Label text="X" id="labelCustomResolutionSpacer" />
              </GroupBox>
            </TabPage>
            <TabPage text="音频设置" id="tabPageAudio">
              <!-- ********** Tab "Audio" ********** -->
              <GroupBox text="音频" id="groupBoxAudio">
                <!-- Group "Audio" -->
                <CheckBox text="启用音频" id="checkBoxEnableAudio" />
                <CheckBox text="在主菜单中播放音乐" id="checkBoxMainMenuMusic" />
              </GroupBox>
              <GroupBox text="语音" id="groupBoxVoice">
                <!-- Group "Voice" -->
                <Label text="语音聊天模式" id="labelVoiceChatMode" />
                <CheckBox text="启用按键说话" id="checkBoxPushToTalk" />
              </GroupBox>
              <GroupBox text="音量设置" id="groupBoxAudioVolume">
                <!-- Group "Volume" -->
                <Label text="主音量" id="labelVolumeMaster" />
                <Label text="聊天音量" id="labelAudioChat" />
                <Label text="菜单音乐" id="labelAudiofVal0" />
                <Label text="哔哔小子电台" id="labelAudiofVal6" />
                <Label text="世界广播" id="labelAudiofVal1" />
                <Label text="脚步声" id="labelAudiofVal5" />
                <Label text="语音" id="labelAudiofVal2" />
                <Label text="效果" id="labelAudiofVal4" />
                <Label text="音乐" id="labelAudiofVal3" />
              </GroupBox>
            </TabPage>
            <TabPage text="控制" id="tabPageControls">
              <!-- ********** Tab "Controls" ********** -->
              <GroupBox text="游戏手柄" id="groupBoxGamepad">
                <!-- Group "Gamepad" -->
                <CheckBox text="瞄准辅助" id="checkBoxAimAssist" />
                <CheckBox text="启用游戏手柄" id="checkBoxGamepadEnabled" />
                <CheckBox text="启用游戏手柄振动" id="checkBoxGamepadRumble" />
				<Label text="垂直灵敏度" id="labelGamepadSensitivityY" />
                <Label text="水平灵敏度" id="labelGamepadSensitivityX" />
              </GroupBox>
              <GroupBox text="鼠标" id="groupBoxMouse">
                <!-- Group "Mouse" -->
                <CheckBox text="反转 X" id="checkBoxMouseInvertX" />
                <CheckBox text="反转 Y" id="checkBoxMouseInvertY" />
                <CheckBox text="修复瞄准灵敏度" id="checkBoxFixAimSensitivity" />
                <CheckBox text="匹配鼠标水平/垂直灵敏度" id="checkBoxFixMouseSensitivity" />
				<Label text="垂直灵敏度" id="labelMouseSensitivityY" />
                <Label text="水平灵敏度" id="labelMouseSensitivityX" />
              </GroupBox>
            </TabPage>
            <TabPage text="相机" id="tabPageCamera">
              <!-- ********** Tab "Camera" ********** -->
              <GroupBox text="相机位置（实验）" id="groupBoxCameraPosition">
                <!-- Group "Camera position (Experimental)" -->
                <GroupBox text="近战摄像机位置" id="groupBoxMeleeCombatCameraPosition">
                  <!-- Group "Melee combat camera position" -->
                  <Label text="远离/接近 (fOverShoulderMeleeCombatAddY)" id="labelfOverShoulderMeleeCombatAddY" />
                  <Label text="左/右 (fOverShoulderMeleeCombatPosX)" id="labelfOverShoulderMeleeCombatPosX" />
                  <Label text="向下/向上 (fOverShoulderMeleeCombatPosZ)" id="labelfOverShoulderMeleeCombatPosZ" />
                </GroupBox>
                <GroupBox text="战斗镜头位置" id="groupBoxCombatCameraPosition">
                  <!-- Group "Combat camera position" -->
                  <Label text="远离/接近 (fOverShoulderCombatAddY)" id="labelfOverShoulderCombatAddY" />
                  <Label text="左/右 (fOverShoulderCombatPosX)" id="labelfOverShoulderCombatPosX" />
                  <Label text="向下/向上 (fOverShoulderCombatPosZ)" id="labelfOverShoulderCombatPosZ" />
                </GroupBox>
                <Button text="重置" id="buttonCameraPositionReset" />
                <CheckBox text="bApplyCameraNodeAnimations" id="checkBoxbApplyCameraNodeAnimations" />
                <GroupBox text="非武装摄像机位置" id="groupBoxUnarmedCameraPosition">
                  <!-- Group "Unarmed camera position" -->
                  <Label text="左/右 (fOverShoulderPosX)" id="labelfOverShoulderPosX" />
                  <Label text="向下/向上 (fOverShoulderPosZ)" id="labelfOverShoulderPosZ" />
                </GroupBox>
              </GroupBox>
              <GroupBox text="更多视野调整" id="groupBoxFOVMore">
                <!-- Group "More Field of View tweaks" -->
                <Label text="第三人瞄准FOV" id="labelADSFOV" />
              </GroupBox>
              <GroupBox text="照片模式选项" id="groupBoxSelfieCamera">
                <!-- Group "Photomode options" -->
                <Label text="旋转速度" id="labelPhotomodeRotationSpeed" />
                <Label text="范围限制" id="labelPhotomodeRange" />
                <Label text="翻译速度" id="labelPhotomodeTranslationSpeed" />
              </GroupBox>
              <GroupBox text="空闲相机（实验）" id="groupBoxIdleCamera">
                <!-- Group "Idle camera (Experimental)" -->
                <CheckBox text="强制自动模式" id="checkBoxForceVanityMode" />
                <CheckBox text="不活动时启用旋转相机" id="checkBoxVanityMode" />
              </GroupBox>
              <GroupBox text="第三人称相机距离" id="groupBoxCameraDistance">
                <!-- Group "Camera distance in 3rd person" -->
                <Label text="缩小距离" id="labelPitchZoomOutMaxDist" />
                <Label text="最大" id="labelCameraDistanceMaximum" />
                <Label text="最小:" id="labelCameraDistanceMinimum" />
              </GroupBox>
              <GroupBox text="视野" id="groupBoxFieldOfView">
                <!-- Group "Field of View" -->
              </GroupBox>
            </TabPage>
            <StyledTabPage text="Bethesda.net" id="tabPageLogin">
              <!-- ********** Tab "Bethesda.net" ********** -->
              <StyledGroupBox text="主页" id="groupBoxLoginProfiles">
                <!-- Group "Profiles" -->
                <RadioButton text="无" id="radioButtonAccountNone" />
                <RadioButton text="账号 #1" id="radioButtonAccount1" />
                <RadioButton text="账号 #16" id="radioButtonAccount16" />
                <RadioButton text="账号 #2" id="radioButtonAccount2" />
                <RadioButton text="账号 #15" id="radioButtonAccount15" />
                <RadioButton text="账号 #3" id="radioButtonAccount3" />
                <RadioButton text="账号 #14" id="radioButtonAccount14" />
                <RadioButton text="账号 #4" id="radioButtonAccount4" />
                <RadioButton text="账号 #13" id="radioButtonAccount13" />
                <RadioButton text="账号 #5" id="radioButtonAccount5" />
                <RadioButton text="账号 #12" id="radioButtonAccount12" />
                <RadioButton text="账号 #6" id="radioButtonAccount6" />
                <RadioButton text="账号 #11" id="radioButtonAccount11" />
                <RadioButton text="账号 #7" id="radioButtonAccount7" />
                <RadioButton text="账号 #10" id="radioButtonAccount10" />
                <RadioButton text="账号 #8" id="radioButtonAccount8" />
                <RadioButton text="账号 #9" id="radioButtonAccount9" />
              </StyledGroupBox>
              <StyledGroupBox text="使用 Bethesda.net 登录（已停用）" id="groupBoxLogin">
                <!-- Group "Login with Bethesda.net" -->
                <CheckBox text="自动登录" id="checkBoxAutoSignin" />
                <CheckBox text="启用 Steam" id="checkBoxEnableSteam" />
                <CheckBox text="显示密码" id="checkBoxShowPassword" />
                <Label text="密码:" id="labelPassword" />
                <Label text="用户民:" id="labelUserName" />
			</StyledGroupBox>
            </StyledTabPage>
          </TabControl>
        </UserControlTweaks>
        <UserControlPipboy id="userControlPipboy">
          <Panel id="panelPipboyOther">
            <LinkLabel text="重置为默认" id="linkLabelPipboyTargetReset" />
            <Label text="分辨率" id="labelPipboyResolution" />
            <LinkLabel text="设置推荐分辨率" id="linkLabelPipboyTargetSetRecommended" />
            <RadioButton text="使用快速小子" id="radioButtonQuickboy" />
            <Label text="这些设置同时影响哔哔小子和快速小子" id="labelPipboyResolutionSideNote" />
            <Label text="模式" id="labelPipboyMode" />
            <RadioButton text="使用哔哔小子" id="radioButtonPipboy" />
          </Panel>
          <Panel id="panelPipboyPresets">
            <Button text="郁郁葱葱" id="buttonPresetTato" />
            <Button text="薰衣草" id="buttonButtonPresetLavendar" />
            <Button text="动力装甲默认颜色" id="buttonPresetFo76PPColor" />
            <Button text="快速小子默认颜色" id="buttonPresetFo76QB" />
            <Button text="亮白" id="buttonPresetWhite" />
            <Label text="预设" id="labelPresets" />
            <Button text="经典蓝" id="buttonPresetFo3Blue" />
            <Button text="首都废土绿" id="buttonPresetFo3Green" />
            <Button text="联邦废土绿" id="buttonPresetFo4Green" />
            <Button text="经典白" id="buttonPresetFo3White" />
            <Button text="莫哈维废土琥珀色" id="buttonPresetFoNVAmber" />
            <Button text="阿帕拉契亚绿" id="buttonPresetFo76Green" />
          </Panel>
          <Label text="哔哔小子个性化" id="labelPipboyTitle" />
          <TabControl id="tabControlPipboy">
            <TabPage text="哔哔小子" id="tabPagePipboyColor">
              <!-- ********** Tab "Pip-Boy" ********** -->
              <Label text="颜色输入" id="labelPipboyHEX" />
              <Label text="预览" id="labelPreviewPipboy" />
              <Label text="预览只是一个近似值，\n因此它在游戏中可能看起来不完全一样。" id="labelPipboyColorPreviewNotice" />
              <Button text="重置" id="buttonColorResetPipboy" />
              <Button text="选择颜色" id="buttonColorPickPipboy" />
              <Label text="哔哔小子颜色" id="labelPipboyColor" />
            </TabPage>
            <TabPage text="快速小子" id="tabPageQuickboyColor">
              <!-- ********** Tab "Quick-Boy" ********** -->
              <Label text="快速小子颜色输入" id="labelQuickboyHEX" />
              <Label text="预览" id="labelPreviewQuickboy" />
              <Label text="预览只是一个近似值，\n因此它在游戏中可能看起来不完全一样。" id="labelQuickboyColorPreviewNotice" />
              <Button text="选择颜色" id="buttonColorPickQuickboy" />
              <Button text="重置" id="buttonColorResetQuickboy" />
              <Label text="快速小子颜色" id="labelQuickboyColor" />
            </TabPage>
            <TabPage text="动力装甲" id="tabPagePowerArmorColor">
              <!-- ********** Tab "Power Armor" ********** -->
              <Label text="动力装甲颜色输入" id="labelPAColorHEX" />
              <Label text="预览" id="labelPreviewPA" />
              <Label text="预览只是一个近似值，\n因此它在游戏中可能看起来不完全一样。" id="labelPAColorPreviewNotice" />
              <Label text="动力装甲颜色" id="labelPowerArmorColor" />
              <Button text="选择颜色" id="buttonColorPickPAPipboy" />
              <Button text="重置" id="buttonColorResetPAPipboy" />
            </TabPage>
          </TabControl>
        </UserControlPipboy>
        <UserControlGallery id="userControlGallery">
          <Panel id="panelGalleryOptions">
            <GroupBox text="选项" id="groupBoxScreenshotOptions">
              <!-- Group "Options" -->
              <Button text="删除缩略图" id="buttonGalleryDeleteThumbnails" />
              <CheckBox text="递归搜索子文件夹" id="checkBoxGallerySearchRecursively" />
              <Label text="其他路径" id="labelGalleryAdditionalPaths" />
              <Label text="截图索引" id="labelScreenshotIndex" />
            </GroupBox>
          </Panel>
          <Label text="照片模式图库" id="labelGallery" />
          <Panel id="panelGallery">
            <Label text="点击 &quot;刷新图库&quot; 在右上角显示屏幕截图和照片" id="labelGalleryTip" />
          </Panel>
        </UserControlGallery>
        <UserControlCustom id="userControlCustom">
          <Label text="此处写入的所有内容都将覆盖 *.ini 文件中的设置。" id="labelCustomDesc" />
          <Label text="自定义 *.ini 设置" id="labelCustomTitle" />
          <Button text="保存*" id="buttonCustomSave" />
          <Label text="覆盖文件中的行:" id="labelCustomFile" />
        </UserControlCustom>
		
		<UserControlSettings id="UserControlSettings">
        <Panel id="panel1">
		
          <Label text="通知" id="labelSettingsNotifications" />
          <CheckBox text="显示通知" id="checkBoxShowNotifications" />
          <CheckBox text="播放通知声音提示" id="checkBoxPlayNotificationSound" />
        </Panel>
		<Panel id="panelSettingsProfile">
          <LinkLabel text="前往配置文件设置" id="linkLabelOpenProfileEditor" />
          <Label text="寻找配置文件设置（游戏路径、游戏版本等）？" id="labelSettingsProfileNotice" />
          <Label text="Profile" id="labelSettingsProfiles" />
        </Panel>
		<Panel id="panelSettingsPaths">
          <Label text="路径" id="labelSettingsPaths" />
          <Label text="7z解压程序路径" id="labelSevenZipPath" />
          <Button text="..." id="buttonPickArchiveTwoPath" />
          <Label text="Archive2程序路径" id="labelArchiveTwoPath" />
          <Button text="..." id="buttonPickSevenZipPath" />
          <Label text="相关程序" id="labelSettingsPrograms" />
          <Label text="模组管理器" id="labelSettingsModManager" />
          <Label text="下载路径" id="labelDownloadsPath" />
          <Button text="..." id="buttonPickDownloadsPath" />
        </Panel>
		<Panel id="panelSettingsNWMode">
          <Label text="核冬天选项（已弃用）" id="labelSettingsNuclearWinterOptions" />
          <CheckBox text="重命名添加的 *.dll 文件" id="checkBoxNWRenameDLL" />
          <CheckBox text="启用后自动删除模组" id="checkBoxNWAutoDisableMods" />
          <Label text="*.dll文件选项" id="labelNWdlloptions" />
          <Label text="模组选项" id="labelNWmodoptions" />
          <CheckBox text="禁用时自动部署模组" id="checkBoxNWAutoDeployMods" />
          <Label text="切换模式" id="labelToggleNW" />
          <StyledButton text="核冬天" id="buttonNWMode" />
        </Panel>
		<Panel id="panelSettingsOptions">
          <Label text="选项" id="labelSettingsOptions" />
          <CheckBox text="将 *.ini 文件设为只读" id="checkBoxReadOnly" />
          <CheckBox text="模组管理器下载关联链接" id="checkBoxHandleNXMLinks" />
        </Panel>
		<Panel id="panelSettingsBehavior">
          <CheckBox text="当有更新的翻译可供下载时通知" id="checkBoxNotifyOnTranslationUpdate" />
          <CheckBox text="在保存更改之前备份 *.ini 文件。" id="checkBoxMakeBackups" />
          <Label text="更多设置" id="labelSettingsBehavior" />
          <CheckBox text="工具关闭或游戏启动时自动应用更改" id="checkBoxAutoApply" />
          <CheckBox text="游戏启动时关闭工具" id="checkBoxQuitOnGameLaunch" />
          <CheckBox text="禁用检查更新" id="checkBoxIgnoreUpdates" />
        </Panel>
		<Panel id="panelSettingsLocalization">
          <Label text="翻译更新可用 \n单击下载按钮获取它们" id="labelTranslationsUpdateAvailable" />
          <Label text="本地化翻译" id="labelSettingsLocalization" />
          <Label text="语言：" id="labelLanguage" />
          <Label text="此翻译已过期 \n某些元素可能尚未翻译" id="labelOutdatedLanguage" />
        </Panel>
		<Label text="应用设置" id="labelSettingsTitle" />
		  <Panel id="panel2">
          <Label text="需要重新启动所有元素才能正确设置主题" id="labelThemeExpl" />
          <RadioButton text="跟随系统" id="radioButtonRespectSystemTheme" />
          <RadioButton text="暗黑" id="radioButtonDarkTheme" />
          <RadioButton text="明亮" id="radioButtonLightTheme" />
          <Label text="主题：" id="labelTheme" />
          <Label text="外观" id="labelAppearance" />
        </Panel>
      </UserControlSettings>
	  <UserControlNexusMods id="UserControlNexusMods">
      <Panel id="panelManageNMProfile">
          <FlowLayoutPanel id="flowPanelNMActions">
            <Button text="登录" id="buttonNMLogin" />
            <Button text="使用密码手动登录" id="buttonNMLoginManually" />
            <Button text="注销" id="buttonNWLogout" />
            <Button text="更新配置文件" id="buttonNMUpdateProfile" />
            <Button text="删除缓存" id="buttonNWDeleteCache" />
          </FlowLayoutPanel>
          <LinkLabel text="登录不起作用？单击此处改为使用您的API密钥" id="linkLabelEnableAPIKey" />
          <LinkLabel text="如何使用 API 密钥登录？" id="linkLabelAPIKeyHelp" />
          <Label text="API密钥" id="labelAPIKey" />
          <CheckBox text="显示API密钥" id="checkBoxShowAPIKey" />
          <Label text="可执行的操作" id="labelNexusModsActions" />
          <CheckBox text="下载缩略图" id="checkBoxNMDownloadThumbnails" />
          <Label text="选项" id="labelNMOptions" />
          <CheckBox text="自动更新配置文件" id="checkBoxNMUpdateProfile" />
        </Panel>
	      <Panel id="panelNMProfile">
          <Label text="尚未登录" id="labelNMNotLoggedIn" />
          <Label text="用户ID:" id="labelNMDescUserID" />
          <Label text="每小时下载速率限制：" id="labelNMDescHourlyRateLimit" />
          <Label text="会员资格" id="labelNMDescMembership" />
          <Label text="永不" id="labelNMRateLimitReset" />
          <Label text="速率限制重置:" id="labelNMDescLimitReset" />
          <Label text="每日费率限制" id="labelNMDescDailyRateLimit" />
        </Panel>
		<Label text="NexusMods集成" id="labelNexusTitle" />
      </UserControlNexusMods>
		<UserControlProfiles id="UserControlProfiles">
        <TabControlWithoutHeader id="tabControl">
          <TabPage text="Select" id="tabPageSelect">
              <!-- ********** Tab "Select" ********** -->
              <Label text="配置文件" id="labelSelectTitle" />
              <Button text="编辑配置文件" id="buttonEditProfile" />
              <Button text="删除配置文件" id="buttonDeleteProfile" />
              <ListView id="listViewGameInstances">
                <Column>Game</Column>
              </ListView>
              <Button text="添加配置文件" id="buttonAddProfile" />
            </TabPage>
            <TabPage text="编辑" id="tabPageEdit">
              <!-- ********** Tab "Edit" ********** -->
              <Label text="编辑配置文件" id="labelEditTitle" />
              <LinkLabel text="← Save profile and back to selection" id="linkLabelNavigationBack" />
              <Panel id="panelSettings">
                <LinkLabel text="尝试自动检测" id="linkLabelAutoDetect" />
                <CheckBox text="显示更多选项" id="checkBoxMoreOptions" />
                <Label text="游戏路径" id="labelGamePath" />
                <Panel id="panelAdvancedOptions">
                  <LinkLabel text="显示维基文章" id="linkLabelProfilesHelp" />
                  <Label text="*.ini 路径:" id="labelIniPath" />
                  <Button text="..." id="buttonPickIniPath" />
                  <Label text="高级选项" id="labelProfileAdvancedOptions" />
                  <Label text="启动网址" id="labelLaunchURL" />
                  <Label text="如果通过 Xbox 应用安装《辐射76》无法直接运行" id="labelLaunchOptionMSStoreNotice" />
                  <Label text="启动选项" id="labelProfileLaunchOptions" />
                  <Label text="参数" id="labelParameters" />
                  <RadioButton text="直接运行 Fallout76.exe " id="radioButtonLaunchViaExecutable" />
                  <RadioButton text="通过 Steam / Xbox 启动（推荐）" id="radioButtonLaunchViaLink" />
                  <Label text="可执行文件" id="labelExecutable" />
                  <Label text="*.ini 前缀" id="labelIniPrefix" />
                </Panel>
                <Label text="游戏版本:" id="labelGameEdition" />
                <Label text="个人资料名称:" id="labelProfileName" />
                <Button text="..." id="buttonPickGamePath" />
              </Panel>
            </TabPage>
          </TabControlWithoutHeader>
        </UserControlProfiles>
</ViewControl>
    <UserControlSideNav id="userControlSideNav">
      <StyledButton text="NexusMods" id="buttonNexusMods" />
      <StyledButton text="自定义调整" id="buttonCustom" />
      <Label text="所选配置文件" id="labelGameEditionDesc" />
      <StyledButton text="主页" id="buttonHome" />
      <StyledButton text="画廊" id="buttonGallery" />
      <StyledButton text="哔哔小子" id="buttonPipboy" />
      <StyledButton text="游戏设置调整" id="buttonTweaks" />
      <StyledButton text="浏览" id="buttonBrowse" />
      <StyledButton text="设置" id="buttonSettings" />
      <StyledButton text="模组" id="buttonMods" />
      <StyledButton text="更新" id="buttonUpdate" />
      <StyledButton text="应用" id="buttonApply" />
      <StyledButton text="游玩" id="buttonPlay" />
      <Label text="个人资料" id="labelProfile" />
      <Label text="Quick Configuration" id="labelLogo" />
    </UserControlSideNav>
    <ContextMenuStrip id="contextMenuStrip1">
      <ToolStripMenuItem text="打开" id="openToolStripMenuItem" />
      <ToolStripMenuItem text="打开文件夹" id="openFolderToolStripMenuItem" />
      <ToolStripMenuItem text="断开" id="cutToolStripMenuItem" />
      <ToolStripMenuItem text="复制" id="copyToolStripMenuItem" />
      <ToolStripMenuItem text="删除" id="deleteToolStripMenuItem" />
    </ContextMenuStrip>
    <ContextMenuStrip id="contextMenuStripBrowse">
      <ToolStripMenuItem text="游戏安装文件夹" id="gameFolderToolStripMenuItem" />
      <ToolStripMenuItem text="游戏配置文件夹" id="gamesConfigurationFolderToolStripMenuItem" />
      <ToolStripMenuItem text="工具安装文件夹" id="toolInstallationFolderToolStripMenuItem" />
      <ToolStripMenuItem text="工具配置文件夹" id="toolConfigurationFolderToolStripMenuItem" />
      <ToolStripMenuItem text="工具语言文件夹" id="toolLanguagesFolderToolStripMenuItem" />
      <ToolStripMenuItem text="Steam截图文件夹" id="steamScreenshotFolderToolStripMenuItem" />
      <ToolStripMenuItem text="游戏照片文件夹" id="gamePhotosFolderToolStripMenuItem" />
      <ToolStripMenuItem text="编辑 Fallout76.ini" id="editFallout76iniToolStripMenuItem" />
      <ToolStripMenuItem text="编辑 Fallout76Prefs.ini" id="editFallout76PrefsiniToolStripMenuItem" />
      <ToolStripMenuItem text="编辑 Fallout76Custom.ini" id="editFallout76CustominiToolStripMenuItem" />
    </ContextMenuStrip>
	  <ContextMenuStrip id="contextMenuStripOverallQualityPresets">
      <ToolStripMenuItem text="图形质量整体设置" id="toolStripMenuItem1" />
      <ToolStripMenuItem text="低" id="lowToolStripMenuItem" />
      <ToolStripMenuItem text="中" id="mediumToolStripMenuItem" />
      <ToolStripMenuItem text="高" id="highToolStripMenuItem" />
      <ToolStripMenuItem text="终极" id="ultraToolStripMenuItem" />
      <ToolStripMenuItem text="取消" id="cancelToolStripMenuItem" />
    </ContextMenuStrip>
  </Form1>
</Language>