﻿<?xml version="1.0" encoding="utf-8"?>
<!--
     This is a template that contains some of the already translated elements.
     You can rename it from "*.template.xml" to "*.xml" and translate the added elements.

     If you need help with translating, you can find a guide here:
     https://github.com/FelisDiligens/Fallout76-QuickConfiguration/wiki/Translations
-->
<Language name="Japanese(日本語)" iso="ja-JP" author="Akamiso0123" version="1.11.3">
  <Strings>
    <!--
        Strings
        ******************************************************************************************************************************************************
        Basically little text snippets that can be used everywhere.
    -->
    <String text="新しいバージョンがあります: {0}" id="newVersionAvailable" />
    <String text="今すぐアップデート！" id="updateNowButton" />
    <String text="Unknown" id="unknown" />
    <String text="反映させるには展開が必要です" id="modsDeploymentNecessary" />
    <String text="問題が発生しました。詳しくはログファイルをご覧ください。" id="modsFailed" />
    <String text="一般" id="modsTablePresetGeneral" />
    <String text="テクスチャ" id="modsTablePresetTextures" />
    <String text="サウンドFX" id="modsTablePresetSoundFX" />
    <String text="バンドル" id="modsTableTypeBundled" />
    <String text="分離" id="modsTableTypeSeparate" />
    <String text="Separate archive (Frozen)" id="modsTableTypeSeparateFrozen" />
    <String text="Loose files" id="modsTableTypeLoose" />
    <String text="保留中" id="modTableFrozenPending" />
    <String text="Frozen" id="modTableFrozen" />
    <String text="Freeze" id="modTableFreeze" />
    <String text="Bundle into {0}." id="modTableInstallInfoBundledBA2" />
    <String text="Pack into {0} with preset {1}." id="modTableInstallInfoSeparateBA2" />
    <String text="Copy files to {0}." id="modTableInstallInfoLooseFiles" />
    <String text="Pending for installation" id="modTablePendingInstallation" />
    <String text="Pending for removal" id="modTablePendingRemoval" />
    <String text="Pending changes" id="modTablePendingChanges" />
    <String text="アップデートが可能" id="updateAvailable" />
    <String text="有効" id="enabled" />
    <String text="無効" id="disabled" />
    <String text="エディション" id="gameEdition" />
    <String text="Low" id="lowPreset" />
    <String text="Medium" id="mediumPreset" />
    <String text="High" id="highPreset" />
    <String text="Ultra" id="ultraPreset" />
    <String text="Custom" id="customPreset" />
    <String text="Current preset: {0}" id="currentPreset" />
    <String text="{0} 個のmodsが選択されています" id="modDetailsTitleBulkSelected" />
    <String text="{0} 時(s) {1} 分(s)" id="nmResetTime" />
    <String text="{0} left" id="nmRateLimitLeft" />
    <String text="ベーシック" id="nmBasicAccount" />
    <String text="サポーター" id="nmSupporterAccount" />
    <String text="プレミアム" id="nmPremiumAccount" />
    <String text="N/A" id="notApplicable" />
    <String text="Yes" id="yes" />
    <String text="No" id="no" />
    <String text="有効" id="valid" />
    <String text="無効" id="invalid" />
    <String text="自動" id="auto" />
    <String text="選択" id="selected" />
    <String text="ニュークリアウィンター" id="nuclearwintermode" />
    <String text="アドベンチャー" id="adventuremode" />
    <String text="影響を受ける値" id="affectedValues" />
    <String text="影響を受けるファイル" id="affectedFiles" />
    <String text="あなたはこのmodを承認しました。" id="endorsedText" />
    <String text="あなたはまだこのmodを承認していません。" id="notEndorsedText" />
    <String text="あなたはこのmodを承認することを控えました。" id="abstainedText" />
    <String text="Warning: Couldn't find common resource folders (meshes, textures, sounds, materials, interface, and so on). The mod might fail to load." id="modSidePanel_WarningNoCommonResourceFoldersFound" />
    <String text="Warning: Couldn't find any (valid) files to pack to a *.ba2 archive. Archive2 might fail during deployment." id="modSidePanel_WarningNoFilesAvailableToPack" />
    <String text="Hint: Mixing general, texture, and sound files *might* cause the mod to not load correctly.&#xA;In case the mod doesn't work, you could try to set it to &quot;Bundled *.ba2 archive&quot;." id="modSidePanel_HintMixedResourcesFound" />
    <String text="Hint: For mods with general files, select the general preset or leave it on &quot;Auto-detect&quot;." id="modSidePanel_HintWrongPresetForGeneralFiles" />
    <String text="Hint: For texture replacement mods, select the &quot;Textures (*.dds files)&quot; preset or leave it on &quot;Auto-detect&quot;." id="modSidePanel_HintWrongPresetForTextures" />
    <String text="Hint: For sound replacement mods, select the &quot;Sound FX / Music / Voice&quot; preset or leave it on &quot;Auto-detect&quot;." id="modSidePanel_HintWrongPresetForAudioFiles" />
    <String text="Hint: *.dll files are usually installed as &quot;Loose files&quot; into the top directory (&quot;.&quot;)." id="modSidePanel_HintWrongInstallMethodForDLLs" />
    <String text="Hint: Strings are usually installed as &quot;Loose files&quot; into the &quot;Data\Strings&quot; folder." id="modSidePanel_HintWrongInstallMethodForStrings" />
  </Strings>
  <Dropdowns>
    <!--
        Dropdowns
        ******************************************************************************************************************************************************
        Make sure that the amount of options stays the same.
    -->
    <Dropdown id="ModInstallAs">
      <Option>Bundle into *.ba2 archives with other mods</Option>
      <Option>別の.ba2アーカイブを作成する</Option>
      <Option>ルーズファイルをコピーする</Option>
    </Dropdown>
    <Dropdown id="ModArchivePreset">
      <Option>-- 選択してください --</Option>
      <Option>自動検出（推奨）</Option>
      <Option>一般/インターフェース/マテリアル/アニメーション</Option>
      <Option>テクスチャ(.dds files)</Option>
      <Option>効果音/音楽/音声</Option>
    </Dropdown>
    <Dropdown id="Resolution">
      <Option>カスタム</Option>
      <Option></Option>
      <Option>┌───────────────────────────────┐</Option>
      <Option>│  4:3                          │</Option>
      <Option>├───────────────────────────────┤</Option>
      <Option>│ [4:3]    640 x  480 (VGA)     │</Option>
      <Option>│ [4:3]    800 x  600 (SVGA)    │</Option>
      <Option>│ [4:3]    960 x  720           │</Option>
      <Option>│ [4:3]   1024 x  768 (XGA)     │</Option>
      <Option>│ [4:3]   1152 x  864           │</Option>
      <Option>│ [4:3]   1280 x  960           │</Option>
      <Option>│ [4:3]   1400 x 1050           │</Option>
      <Option>│ [4:3]   1440 x 1080           │</Option>
      <Option>│ [4:3]   1600 x 1200           │</Option>
      <Option>│ [4:3]   1920 x 1440           │</Option>
      <Option>│ [4:3]   2048 x 1536           │</Option>
      <Option>│ [4:3]   2880 x 2160           │</Option>
      <Option>│                               │</Option>
      <Option>│                               │</Option>
      <Option>├───────────────────────────────┤</Option>
      <Option>│  5:3                          │</Option>
      <Option>├───────────────────────────────┤</Option>
      <Option>│ [5:3]    800 x  480           │</Option>
      <Option>│ [5:3]   1280 x  768 (WXGA)    │</Option>
      <Option>│                               │</Option>
      <Option>│                               │</Option>
      <Option>├───────────────────────────────┤</Option>
      <Option>│  5:4                          │</Option>
      <Option>├───────────────────────────────┤</Option>
      <Option>│ [5:4]   1152 x  960           │</Option>
      <Option>│ [5:4]   1280 x 1024           │</Option>
      <Option>│ [5:4]   2560 x 2048           │</Option>
      <Option>│ [5:4]   5120 x 4096           │</Option>
      <Option>│                               │</Option>
      <Option>│                               │</Option>
      <Option>├───────────────────────────────┤</Option>
      <Option>│  16:9                         │</Option>
      <Option>├───────────────────────────────┤</Option>
      <Option>│ [16:9]  1024 x  576           │</Option>
      <Option>│ [16:9]  1152 x  648           │</Option>
      <Option>│ [16:9]  1280 x  720 (HD)      │</Option>
      <Option>│ [16:9]  1360 x  768           │</Option>
      <Option>│ [16:9]  1365 x  768           │</Option>
      <Option>│ [16:9]  1366 x  768           │</Option>
      <Option>│ [16:9]  1536 x  864           │</Option>
      <Option>│ [16:9]  1600 x  900           │</Option>
      <Option>│ [16:9]  1920 x 1080 (Full HD) │</Option>
      <Option>│ [16:9]  2560 x 1440 (WQHD)    │</Option>
      <Option>│ [16:9]  3200 x 1800           │</Option>
      <Option>│ [16:9]  3840 x 2160 (4K UHD1) │</Option>
      <Option>│ [16:9]  5120 x 2880 (5K)      │</Option>
      <Option>│ [16:9]  7680 x 4320 (8K UHD2) │</Option>
      <Option>│                               │</Option>
      <Option>│                               │</Option>
      <Option>├───────────────────────────────┤</Option>
      <Option>│  16:10                        │</Option>
      <Option>├───────────────────────────────┤</Option>
      <Option>│ [16:10]  640 x  400           │</Option>
      <Option>│ [16:10] 1280 x  800           │</Option>
      <Option>│ [16:10] 1440 x  900           │</Option>
      <Option>│ [16:10] 1680 x 1050           │</Option>
      <Option>│ [16:10] 1920 x 1200           │</Option>
      <Option>│ [16:10] 2560 x 1600           │</Option>
      <Option>│ [16:10] 3840 x 2400           │</Option>
      <Option>│                               │</Option>
      <Option>│                               │</Option>
      <Option>├───────────────────────────────┤</Option>
      <Option>│  17:9                         │</Option>
      <Option>├───────────────────────────────┤</Option>
      <Option>│ [17:9]  2048 x 1080           │</Option>
      <Option>│                               │</Option>
      <Option>│                               │</Option>
      <Option>├───────────────────────────────┤</Option>
      <Option>│  21:9                         │</Option>
      <Option>├───────────────────────────────┤</Option>
      <Option>│ [21:9]  1920 x  800           │</Option>
      <Option>│ [21:9]  2560 x 1080           │</Option>
      <Option>│ [21:9]  3440 x 1440           │</Option>
      <Option>│ [21:9]  3840 x 1600           │</Option>
      <Option>│ [21:9]  5120 x 2160           │</Option>
      <Option>│                               │</Option>
      <Option>│                               │</Option>
      <Option>└───────────────────────────────┘</Option>
      <Option></Option>
    </Dropdown>
    <Dropdown id="DisplayMode">
      <Option>フルスクリーン</Option>
      <Option>ウィンドウ</Option>
      <Option>ボーダーレスウィンドウ</Option>
      <Option>ボーダーレスウィンドウ(フルスクリーン)</Option>
    </Dropdown>
    <Dropdown id="AntiAliasing">
      <Option>有効、TAA (デフォルト)</Option>
      <Option>無効</Option>
    </Dropdown>
    <Dropdown id="AnisotropicFiltering">
      <Option>無し</Option>
      <Option>2x</Option>
      <Option>4x</Option>
      <Option>8x</Option>
      <Option>16x (デフォルト)</Option>
    </Dropdown>
    <Dropdown id="ShadowTextureResolution">
      <Option>512 = ポテト品質</Option>
      <Option>1024 = Low</Option>
      <Option>2048 = High (デフォルト)</Option>
      <Option>4096 = Ultra</Option>
      <Option>8192 = 狂気の沙汰</Option>
    </Dropdown>
    <Dropdown id="ShadowBlurriness">
      <Option>0x</Option>
      <Option>1x (crisper, pixels noticeable)</Option>
      <Option>2x (less blurry)</Option>
      <Option>3x (blurry, default)</Option>
    </Dropdown>
    <Dropdown id="ShadowQuality">
      <Option>Low</Option>
      <Option>Medium</Option>
      <Option>High</Option>
      <Option>Ultra</Option>
      <Option>Custom</Option>
    </Dropdown>
    <Dropdown id="VoiceChatMode">
      <Option>オート</Option>
      <Option>エリア限定</Option>
      <Option>チーム内限定</Option>
      <Option>無効</Option>
    </Dropdown>
    <Dropdown id="ShowActiveEffectsOnHUD">
      <Option>無効</Option>
      <Option>Detrimental</Option>
      <Option>全て表示</Option>
    </Dropdown>
    <Dropdown id="CorpseHighlighting">
      <Option>無効</Option>
      <Option>調べるものを明確にする</Option>
      <Option>削除するものを明確にする</Option>
    </Dropdown>
    <Dropdown id="TextureQuality">
      <Option>Low</Option>
      <Option>Medium</Option>
      <Option>High</Option>
      <Option>Ultra</Option>
      <Option>Custom</Option>
    </Dropdown>
    <Dropdown id="WaterShadowFilter">
      <Option>1 (Low)</Option>
      <Option>2 (Medium)</Option>
      <Option>3 (High)</Option>
    </Dropdown>
    <Dropdown id="VolumetricLightingQuality">
      <Option>0 (Low)</Option>
      <Option>1 (Medium)</Option>
      <Option>2 (High)</Option>
    </Dropdown>
  </Dropdowns>
  <Messageboxes>
    <!--
        Message boxes
        ******************************************************************************************************************************************************
        The {0} is a placeholder, btw.
    -->
    <Messagebox title="Changes applied" id="changesApplied">変更が適用されました。ゲームを開始することができます。</Messagebox>
    <Messagebox title="Done" id="downloadLanguagesFinished">ダウンロードした言語ファイル: {0}</Messagebox>
    <Messagebox title="Files modified" id="iniFilesModified">*.iniファイルは、実行中にツールの外部で変更されています。
NOTE:「[適用]」をクリックするか、変更が管理されている場合、変更は上書きされます。
新しい値を使用するには、ツールを再起動してください。</Messagebox>
    <Messagebox title="Cloud file provider not running" id="cloudFileProviderNotRunning">{0}
OneDriveが起動していることを確認して、再度お試しください。
The tool will be terminated now.</Messagebox>
    <Messagebox title="Failed to load *.ini file" id="iniFailedToLoad">{0}
The tool will be terminated now.</Messagebox>
    <Messagebox title="Graphics preset changed" id="iniGraphicsPresetChanged">Graphics set to {0}.</Messagebox>
    <Messagebox title="Access denied" id="setInisReadOnlyFailed"> *.ini ファイルを読み取り専用に設定できませんでした。管理者権限でツールの起動を試してみてください。
{0}</Messagebox>
    <Messagebox title="Game path invalid" id="modsGamePathInvalid">選択した場所はFallout76がインストールされている場所ではないようです。
Dataフォルダではなく、必ず *.exeが存在するフォルダを選択してください。</Messagebox>
    <Messagebox title="Cannot delete last game profile" id="errorAtLeastOneGameOrProfile">ゲームプロファイルは最低1つ必要です。</Messagebox>
    <Messagebox title="Auto-detect failed" id="gamePathAutoDetectFailed">共通のゲームパスが見つかりませんでした。手動でパスを選択してください。</Messagebox>
    <Messagebox title="Found a path" id="gamePathAutoDetectPathFound">このパッチを使用しますか？
Found: {0}

このパスを使用する場合は「はい」、検索を続ける場合は「いいえ」、検索を中止する場合は「キャンセル」をクリックしてください。</Messagebox>
    <Messagebox title="Delete {0}?" id="galleryDeleteScreenshot">'{0}'を削除しようとしています。 よろしいですか？</Messagebox>
    <Messagebox title="Delete {0} files?" id="galleryDeleteScreenshots">{0}ファイルを削除しようとしています。よろしいですか？</Messagebox>
    <Messagebox title="Are you sure?" id="galleryDeleteThumbnails">ギャラリーのサムネイルを削除してもよろしいですか？
次に[ギャラリーの更新]をクリックすると、すべてのサムネイルが再作成されるため、かなり時間がかかります。</Messagebox>
    <Messagebox title="Nuclear Winter mode disabled" id="nwModeDisabled">これで、アドベンチャーモードで起動できます。</Messagebox>
    <Messagebox title="Nuclear Winter mode enabled" id="nwModeEnabled">これでNuclear Winterが起動できます。</Messagebox>
    <Messagebox title="Done" id="modsDisabledDone">Modは無効になり、ゲームから削除されました。</Messagebox>
    <Messagebox title="Done" id="modsDeployedDone">Modが展開されます。</Messagebox>
    <Messagebox title="Something went wrong" id="modsDeploymentFailed">Modが展開されていない可能性があります。
ログファイルを確認してください。</Messagebox>
    <Messagebox title="Archive2 is missing" id="modsArchive2Missing">.\Archive2\Archive2.exeがありません。
このツールを再度ダウンロードするか、Archive2を手動でインストールしてください。</Messagebox>
    <Messagebox title="Game path not specified or invalid" id="modsGamePathNotSet">ゲームへのパス（Fallout76.exeが存在する場所）を設定してください。
設定から行えます。</Messagebox>
    <Messagebox title="7-Zip is missing" id="7ZipMissing">.\7z\7z.exeが欠落しています。
このツールを再インストールするか、7-Zipを手動でコピーしてみてください。</Messagebox>
    <Messagebox title="Yay!" id="modsNoConflictingFiles">競合するファイルは見つかりませんでした。</Messagebox>
    <Messagebox title="Import manually installed mods?" id="modsImportQuestion">Mod Manager以外でインストールされたModを追加してもよろしいですか？</Messagebox>
    <Messagebox title="Would you like to repack bundled archives?" id="modsRepackFrozenBundledArchives">利用可能な凍結されたバンドルアーカイブがあります。 バンドルされたアーカイブを再度パックしますか？

   はい-modリストに変更を加えましたが、バンドルされたアーカイブを再度パックしたいと思います。 （スロー）

    いいえ-変更はしていません。凍結されたバンドルアーカイブをデプロイしてください。 （クイック）</Messagebox>
    <Messagebox title="Archive2 failed to pack/extract an archive" id="archive2Error">Archive2は原因不明のため失敗しました。
詳細はログファイルをご確認ください。</Messagebox>
    <Messagebox title="Archive2 failed to pack/extract an archive" id="archive2InstallRequirements">「VisualStudio2012 Update4用のVisualC ++再頒布可能パッケージ」がインストールされていることを確認してください。
NexusModsページにリンクがあります。</Messagebox>
    <Messagebox title="Unsupported file format" id="modsArchiveTypeNotSupported">{0}ファイルはサポートされていません。
アーカイブを解凍し、modをフォルダとして追加してください。</Messagebox>
    <Messagebox title="Legacy version found" id="modsLegacyFormatDetected">以前にmodを管理したことがあるようですが、v1.9.0より前のバージョンを使用しています。
MODの管理・保存方法が大幅に変更されました。
そのため、新しい形式に変換する必要があります。

注意：これはアーカイブの凍結を解除するものです。すべてのMODが変換された後、凍結されていたMODの数によっては、より多くの容量を消費する可能性があります。ダウングレードは可能ですが、一部のMODが正しくロードされない可能性があります。

今すぐ変換しますか？ 長くはかかりません。</Messagebox>
    <Messagebox title="Invalid manifest.xml entry" id="modsInvalidManifestEntry">modのエントリが無効であり、無視されました。
エラー: {0}</Messagebox>
    <Messagebox title="Mod information updated" id="nexusModsRemoteInfoRefreshedSuccess">MOD情報の更新とサムネイルのダウンロードを行いました。</Messagebox>
    <Messagebox title="Endorse all mods?" id="nexusModsEndorseAllQuestion">これにより、インストールされているすべてのModが承認されます。 よろしいですか？</Messagebox>
    <Messagebox title="Not logged in" id="nexusModsNotLoggedIn">NexusModsにログインしてから、もう一度お試しください。</Messagebox>
    <Messagebox title="Delete {0}?" id="deleteQuestion">'{0}'を削除しようとしています。 本当によろしいですか？</Messagebox>
    <Messagebox title="Delete {0} files?" id="deleteMultipleQuestion"> {0} ファイルを削除しようとしています。 本当によろしいですか？</Messagebox>
    <Messagebox title="Failed" id="failed">{0}</Messagebox>
    <Messagebox title="Done" id="done">{0}</Messagebox>
    <Messagebox title="Are you sure?" id="areYouSure">{0}</Messagebox>
  </Messageboxes>
  <TweakDescriptions>
    <!--
        Descriptions
        ******************************************************************************************************************************************************
        These are the descriptions of almost all tweaks.
        They appear in tool tips, when the user hovers over a tweak with the mouse cursor.
    -->
    <Description id="Fo76ini.Tweaks.General.EnableSteamTweak">Steam統合を有効/無効にします。 Bethesda.netアカウントを使用するには、無効にしてください。</Description>
    <Description id="Fo76ini.Tweaks.General.AutoSigninTweak">これを有効にすると、ログイン資格情報を入力した場合、ログインプロンプトがスキップされます。</Description>
    <Description id="Fo76ini.Tweaks.General.IntroVideoTweak">このオプションを無効にすると、ゲームはBethesdaロゴビデオを表示せずに開始されます。</Description>
    <Description id="Fo76ini.Tweaks.General.SkipStartupSplash">有効にすると、ゲームは起動時のニュースに煩わされることはありません。</Description>
    <Description id="Fo76ini.Tweaks.General.FasterFadeInTweak">ワールドにロードした後、または高速移動した後、ゲームはアニメーションを再生し、黒からフェードインして、
しばらくの間、移動することができなくなります。この調整により、このアニメーションの再生速度が速くなります。
Redditのu/LinuxVersionに謝意を表します。

⚠️ 数値が低すぎたり0になると、ロード後に黒い画面で止まってしまいます。
(このツールで使用する値: fFadeToBlackFadeSeconds=0.2000 and fMinSecondsForLoadFadeIn=0.3000)</Description>
    <Description id="Fo76ini.Tweaks.Interface.AutoTrackQuestWhenStartedTweak+Main">有効にすると、新しく追加された「メイン」クエストを自動的に追跡します。</Description>
    <Description id="Fo76ini.Tweaks.Interface.AutoTrackQuestWhenStartedTweak+Side">有効にすると、新しく追加された「サイド」クエストを自動的に追跡します。</Description>
    <Description id="Fo76ini.Tweaks.Interface.AutoTrackQuestWhenStartedTweak+Misc">この機能を有効にすると、新しく追加された「その他」のクエストを自動的に追跡します。</Description>
    <Description id="Fo76ini.Tweaks.Interface.AutoTrackQuestWhenStartedTweak+Event">有効にすると、新しく追加された「イベント」クエストを自動的に追跡します。</Description>
    <Description id="Fo76ini.Tweaks.Interface.AutoTrackQuestWhenStartedTweak+Other">有効にすると、新しく追加された「デイリー」クエストを自動的に追跡します。</Description>
    <Description id="Fo76ini.Tweaks.Video.DisplaySizeTweak">ディスプレイ解像度</Description>
    <Description id="Fo76ini.Tweaks.Video.DisplayModeTweak">表示モードを変更します。

•フルスクリーン：実際のフルスクリーンモード（最高のパフォーマンス）
•ウィンドウ：境界線のあるウィンドウ（別名ウィンドウ装飾）でゲームを開始します。
•ボーダーレスウィンドウ：Alt + Tabを簡単に実行できますが、解像度がディスプレイの解像度と一致していることを確認してください。 （デフォルト）
•ボーダーレスウィンドウ（フルスクリーン）：「ボーダーレスウィンドウ」と同じですが、ウィンドウは画面に合わせて最大化されます。
解像度がディスプレイよりも低い場合、これは最近傍を使用してアップスケールするため、ピクセル化されたように見えます。</Description>
    <Description id="Fo76ini.Tweaks.Video.PresentIntervalTweak">これを無効にすると、フレームレートの上限が解除されます。

•画面のティアリングが発生した場合は、これを有効にします。
•入力ラグが発生した場合は、これを無効にしてください。

⚠️これを有効にしても、画面のティアリングが解消されない場合があります。
⚠️これを無効にする場合は、ゲームを手動で60FPSに制限することをお勧めします。 （例：NVIDIAのコントロールパネルを使用）

ℹ️上限のないフレームレートでは、古いタイトルのように物理学が混乱することはありません。
これはかなり前に（2018年に）Bethesdaによって修正されたためです。
それでも、60に制限することをお勧めします。</Description>
    <Description id="Fo76ini.Tweaks.Video.TopMostWindowTweak">これを有効にすると、ゲームのウィンドウが常に前面に表示されるようになります。
⚠️ これにより、シングルモニターでAlt+Tabができなくなります。</Description>
    <Description id="Fo76ini.Tweaks.Interface.FixHUD4to3RatioTweak">非表示/中断を修正
  • Quick-Boy画面,
  • ロックピック画面
  • パワーアーマーHUD
5:4および4:3画面用。

⚠️ ほとんど未検証です。</Description>
    <Description id="Fo76ini.Tweaks.Graphics.AntiAliasingTweak">オブジェクトのエッジを滑らかにします。
画質を低下させる代償としてパフォーマンスを向上させたい場合は無効にします。

ℹ️ "FXAAが機能しない可能性があります。
FXAA "に設定すると、アンチエイリアシングが無効になります。</Description>
    <Description id="Fo76ini.Tweaks.Graphics.AnisotropicFilteringTweak">斜め方向から見たときのテクスチャーのエイリアシングを軽減します。</Description>
    <Description id="Fo76ini.Tweaks.Graphics.TextureQualityPresetTweak">主にテクスチャの解像度を変更する (= テクスチャーのぼやけ具合・シャープさ)</Description>
    <Description id="Fo76ini.Tweaks.Graphics.ShadowQualityPresetTweak">ゲーム内の影の品質設定.</Description>
    <Description id="Fo76ini.Tweaks.Graphics.DepthOfFieldTweak">これを無効にすると、すべての被写界深度エフェクトが無効になります。</Description>
    <Description id="Fo76ini.Tweaks.Graphics.MotionBlurTweakRev1">何もしないように見える</Description>
    <Description id="Fo76ini.Tweaks.Graphics.RadialBlurTweakRev1">プレイヤーが負傷したとき（弾丸や爆発に当たったときなど）、または水中にいるときに画面をぼかす</Description>
    <Description id="Fo76ini.Tweaks.Graphics.AmbientOcclusionTweak">　スクリーンスペース・アンビエント・オクルージョン (SSAO)。
    コーナーやオブジェクトが地面に接する部分の影の有効/無効</Description>
    <Description id="Fo76ini.Tweaks.Graphics.ScreenSpaceReflectionsTweakRev1">　スクリーンスペース・リフレクション (SSR)。
    水面、水たまり、金属などの光沢面への反射を可能にします。
⚠️ 無効にした場合、真っ黒な水、乳白色の水、または水が見えなくなることがあります。
     この現象が発生した場合は、「水」の項目にある修正プログラムを有効にしてみてください。</Description>
    <Description id="Fo76ini.Tweaks.Graphics.WaterDisplacementsTweak">水中変位（波紋、波）の有効／無効.</Description>
    <Description id="Fo76ini.Tweaks.Graphics.WaterRefractionsTweak">何か役に立つかどうかは不明.</Description>
    <Description id="Fo76ini.Tweaks.Graphics.WaterReflectionsTweak">思ったように動かないので代わりにSSRを無効化
⚠️ 遠方の水が見えないことがある。</Description>
    <Description id="Fo76ini.Tweaks.Graphics.WaterHiResTweak">有効化すると黒水問題が解決する可能性があります</Description>
    <Description id="Fo76ini.Tweaks.Graphics.WaterFixSSRGlitchTweak">画面領域反射を無効にすると、真っ黒、乳白色、あるいは見えない水が表示されることがあります。
このオプションは、それを解決しようとするものです。</Description>
    <Description id="Fo76ini.Tweaks.Graphics.VolumetricLightingTweak">ゴッドレイ／ライトシャフトとも呼ばれます。</Description>
    <Description id="Fo76ini.Tweaks.Graphics.VolumetricLightingQualityTweak">ゴッドレイ/光軸の品質/明度を変更します。.
Recommended setting: 2 (High)</Description>
    <Description id="Fo76ini.Tweaks.Graphics.DisableAllGoreTweakRev1">血しぶきが飛び散る様な残虐なシーンのこと</Description>
    <Description id="Fo76ini.Tweaks.Graphics.Effects.BloodSplatterEnabledTweak">HUDに血しぶきを表示できるようになりました。</Description>
    <Description id="Fo76ini.Tweaks.Graphics.ShadowMapResolutionTweak">影の解像度。高く設定すると、影がより詳細になる</Description>
    <Description id="Fo76ini.Tweaks.Graphics.ShadowBlurrinessTweak">影をぼかします。影の解像度を低く設定した場合に特に有効です。

3x recommended for low texture map resolution
2x recommended for high texture map resolution</Description>
    <Description id="Fo76ini.Tweaks.Graphics.ShadowDistanceTweak">影が描画される距離を設定します。
  ⇨ Ultra is 150000
  ⇨ High is 120000
  ⇨ Medium is 90000
  ⇨ Low is 60000

ℹ️ 0 breaks shadows. Not recommended.</Description>
    <Description id="Fo76ini.Tweaks.Graphics.TAAPostOverlayTweakRev1">TAA後にシャープにしたオーバーレイの不透明度。 この値を大きくすると、ぼやけた画像の上にシャープな画像を重ねたときの視認性が高くなります。
ℹ️ この値を大きくしすぎると、画面にちらつきが発生します。
Default: 0.21</Description>
    <Description id="Fo76ini.Tweaks.Graphics.TAAPostSharpenTweakRev1">TAA後のシャープ量。
ℹ️ この値を大きくしすぎると、画面にちらつきが発生します。
Default: 0.21
Recommended: 0.4</Description>
    <Description id="Fo76ini.Tweaks.Graphics.GrassFadeDistanceTweak"> 草が表示される距離を設定します。
  ⇨ Ultra is 7000
  ⇨ High is 5500
  ⇨ Medium is 4500</Description>
    <Description id="Fo76ini.Tweaks.Audio.EnableAudioTweak">無効化すると、ゲームは完全に無音になります。</Description>
    <Description id="Fo76ini.Tweaks.Audio.PlayMainMenuMusicTweak">チェックを外すと、メインメニューでBGMを流さないようになります。</Description>
    <Description id="Fo76ini.Tweaks.Volume.AudioMenuValTweak+fVal0">「メニュー音楽」の音量を変更します
ℹ️ 正しい音量に変化しない場合があります。</Description>
    <Description id="Fo76ini.Tweaks.Volume.AudioMenuValTweak+fVal1">「世界のラジオ」の音量を変更します
ℹ️ 正しい音量に変化しない場合があります。</Description>
    <Description id="Fo76ini.Tweaks.Volume.AudioMenuValTweak+fVal2">「ボイス」の音量を変更します
ℹ️ 正しい音量に変化しない場合があります。</Description>
    <Description id="Fo76ini.Tweaks.Volume.AudioMenuValTweak+fVal3">「音楽」の音量を変更します
ℹ️ 正しい音量に変化しない場合があります。</Description>
    <Description id="Fo76ini.Tweaks.Volume.AudioMenuValTweak+fVal4">「エフェクト」の音量を変更します
ℹ️ 正しい音量に変化しない場合があります。</Description>
    <Description id="Fo76ini.Tweaks.Volume.AudioMenuValTweak+fVal5">「足音」の音量を変更します
ℹ️ 正しい音量に変化しない場合があります。</Description>
    <Description id="Fo76ini.Tweaks.Volume.AudioMenuValTweak+fVal6">「Pip-Boy Radio」の音量を変更します'
ℹ️ 正しい音量に変化しない場合があります。</Description>
    <Description id="Fo76ini.Tweaks.Controls.FixMouseSensitivityTweak">有効にすると、上下左右を見るときの感度が等しくなります。
無効（デフォルト）の場合、左右を見る感度が上下より高くなる可能性があります。

•マウスとキーボードを使用している場合は、これを有効にします。
•ゲームパッドを使用している場合は、これを無効にします。

⚠️ 有効にすると、マウスの感度が上がる場合があります。カーソル速度やマウスのDPIを低下させることができます。

ℹ️ 垂直方向の感度は、お使いのディスプレイのアスペクト比に依存します。:
      ⇨ アスペクト比4:3の場合、Yの値は0.028
      ⇨ アスペクト比16:9の場合、Yの値は0.03738
      ⇨ アスペクト比16:10の場合、Yの値は0.0336
      ⇨ アスペクト比21:9の場合、Yの値は0.042
      ⇨ 上記以外のアスペクト比の場合、Yの値はアスペクト比の0.021倍に相当する。(YScale = 0.021 * 幅 / 高さ)</Description>
    <Description id="Fo76ini.Tweaks.Controls.FixAimSensitivityTweak">有効にすると、照準時に感度が変化しないようになります。
無効（初期値）の場合、照準が下向きのときは感度が下がります。

⚠️ アスペクト比16:9のモニターでしか動作しない可能性があります。
⚠️ ゲーム内でしゃがんだ状態では動作しない場合があります。</Description>
    <Description id="Fo76ini.Tweaks.Controls.GamepadEnableTweak">ゲームパッドが接続されているが、代わりにキーボードとマウスを使用したい場合は、これを無効にします。</Description>
    <Description id="Fo76ini.Tweaks.Camera.ApplyCameraNodeAnimationsTweak">無効にすると、カメラの位置がキャラクターの頭部に設定されます。
有効にすると、カメラの位置が右肩の後ろに設定されます。

⚠️ 無効にすると問題が発生する可能性があります。</Description>
    <Description id="Fo76ini.Tweaks.Camera.SelfieModeRangeTweak">フォトモードではどの距離までキャラクターから離れるとゲームが停止するか。
Default: 500</Description>
    <Description id="Fo76ini.Tweaks.Camera.SelfieCameraTranslationSpeedTweak">フォトモード時のカメラの動きの速さ。
Default: 2.5</Description>
    <Description id="Fo76ini.Tweaks.Camera.SelfieCameraRotationSpeedTweak">フォトモード時のカメラの回転速度。
Default: 1.5</Description>
    <Description id="Fo76ini.Tweaks.Camera.DisableAutoVanityModeTweak">有効にすると、一定時間操作がない場合、カメラがキャラクターの周りを回転するようになります。
⚠️ 何をしているかは不明。5分ほど立っていてもカメラが回転しない場合がある。もっとテストが必要です。</Description>
    <Description id="Fo76ini.Tweaks.Camera.FOV3rdADSTweak">3人称視点で武器照準時の視野を変更します。
Default: 50</Description>
    <Description id="Fo76ini.Tweaks.Camera.FieldOfViewTweak">1人称視点と3人称視点の視野(Field of View)を変更します。
ゲーム内のFOV設定と同じ値になります。
Default: 80</Description>
    <Description id="Fo76ini.Tweaks.Camera.VanityModeMinDistTweak">3人称視点でどれだけズームイン(拡大)できるか
Default: 0</Description>
    <Description id="Fo76ini.Tweaks.Camera.VanityModeMaxDistTweak">3人称視点でどれだけズームアウト(縮小)できるか
Default: 150</Description>
    <Description id="Fo76ini.Tweaks.Camera.PitchZoomOutMaxDistTweak">3人称で地面を見るときに、どれだけカメラがズームアウト(縮小)されるか。
Default: 100</Description>
    <Description id="Fo76ini.Tweaks.Colors.PipboyColorTweak">Pipboyの色を変更</Description>
    <Description id="Fo76ini.Tweaks.Colors.QuickboyColorTweak">Quickboyの色を変更</Description>
    <Description id="Fo76ini.Tweaks.Colors.PowerArmorPipboyColorTweak">パワーアーマーQuickboyの色を変更</Description>
    <Description id="Fo76ini.Tweaks.General.ScreenshotIndexTweak">プリントスクリーンボタンでゲームのスクリーンショットを撮った場合。
ゲームディレクトリに "ScreenShotX.png "という名前で保存されます。
"X" はスクリーンショットのインデックスを表します。</Description>
    <Description id="Fo76ini.Tweaks.Inis.INIReadOnlyTweak">このオプションは、すべての* .iniファイルをすぐに読み取り専用にします。
設定が元に戻ってしまう場合は、これを有効にしてください。
  </Description>
    <Description id="Fo76ini.Tweaks.Config.AutoApplyTweak">もう適応ボタンを押す必要はありません。</Description>
    <Description id="Fo76ini.Tweaks.Config.IgnoreUpdatesTweak">起動時にアップデートを確認せず、大きなアップデートボタンも非表示にする</Description>
    <Description id="Fo76ini.Tweaks.Config.PlayNotificationSoundsTweak">これを有効にすると、カスタム通知音を再生することができます。</Description>
    <Description id="Fo76ini.Tweaks.Config.ToolQuitOnLaunchTweak">有効にすると、ゲーム起動時にツールを閉じます。
ツールからゲームを起動した場合のみ動作します。</Description>
    <Description id="Fo76ini.Tweaks.NuclearWinterMode.RenameDLLsTweak">チェックした場合、ゲームに属さない *.dll ファイルはすべてリネームされます。</Description>
    <Description id="Fo76ini.Tweaks.NuclearWinterMode.DeployModsOnNWModeTweak">チェックした場合、Nuclear Winterモードが無効なときにMODが展開されます。</Description>
    <Description id="Fo76ini.Tweaks.NuclearWinterMode.RemoveModsOnNWModeTweak">チェックを入れると、Nuclear Winterモードが有効なときにMODが削除されます。</Description>
    <Description id="Fo76ini.Tweaks.Config.ArchiveTwoPathTweak">このツールは、Archive2.exeを使用して*.ba2ファイルを展開し、パックします。
ツールが Archive2.exe を探すパスを設定することができます。</Description>
    <Description id="Fo76ini.Tweaks.Config.SevenZipPathTweak">このツールは、7z.exeを使用して、各種アーカイブ（zip、rar、7z）を展開します。
ツールが7z.exeを探すパスを設定することができます。</Description>
    <Description id="Fo76ini.Tweaks.Config.DownloadPathTweak">NexusModsの「Vortex」/「Mod Manager Download」ボタンでMODをダウンロードする場合。
をクリックすると、このフォルダーにファイルがダウンロードされます。</Description>
    <Description id="Fo76ini.Tweaks.Config.ShowWhatsNewTweak">再起動が必要です。</Description>
  </TweakDescriptions>
  <FormMods title="Mod Manager">
    <!--
        FormMods
        ******************************************************************************************************************************************************
        Mod Manager
    -->
    <StatusStrip id="statusStrip1">
      <ToolStripStatusLabel text="Mod数:" id="toolStripStatusLabelDescModCount" />
      <ToolStripStatusLabel text="0" id="toolStripStatusLabelModCount" />
      <ToolStripStatusLabel text="有効Mod数:" id="toolStripStatusLabelDescEnabledCount" />
      <ToolStripStatusLabel text="0" id="toolStripStatusLabelEnabledCount" />
      <ToolStripStatusLabel text=" " id="toolStripStatusLabelSpacer" />
      <ToolStripStatusLabel text="展開が必要です" id="toolStripStatusLabelDeploymentStatus" />
    </StatusStrip>
    <Panel id="panel1">
      <Button text="展開" id="buttonModsDeploy" />
      <CheckBox text="MODを無効にする" id="checkBoxDisableMods" />
    </Panel>
    <TabControl id="tabControl1">
      <TabPage text="Modオーダー" id="tabPageModOrder">
        <!-- ********** Tab "Modオーダー" ********** -->
        <Panel id="panelModDetails">
          <Panel id="panelModDetailsHeader">
            <Button id="buttonModAbstain">
              <Tooltip>Abstain from endorsing this mod.</Tooltip>
            </Button>
            <Button id="buttonModEndorse">
              <Tooltip>Endorse this mod.</Tooltip>
            </Button>
            <CheckBox text="このMODを有効にする" id="checkBoxModDetailsEnabled" />
          </Panel>
          <Panel id="panelModDetailsInner">
            <GroupBox text="メモ" id="groupBoxNotes">
              <!-- Group "メモ" -->
            </GroupBox>
            <GroupBox text="MODファイルの追加/置換" id="groupBoxModReplace">
              <!-- Group "MODファイルの追加/置換" -->
              <Label text="左のボックスにファイルやフォルダーをドラッグ＆ドロップして、ファイルの追加や入れ替えができます。" id="labelModDetailsReplace" />
              <LinkLabel text="フォルダーの中身を削除する" id="linkLabelModDeleteFolderContents" />
              <LinkLabel text="インポートフォルダー" id="linkLabelModReplaceFilesWithFolder" />
              <LinkLabel text="インポートアーカイブ" id="linkLabelModReplaceFilesWithArchive" />
            </GroupBox>
            <GroupBox text="インストールオプション" id="groupBoxModDetailsInstallationOptions">
              <!-- Group "インストールオプション" -->
              <LinkLabel text="凍結したアーカイブを無効にする" id="linkLabelModInvalidateFrozenArchive" />
              <LinkLabel text="インストールオプションの自動検出を試みる" id="linkLabelModAutoDetectInstallOptions" />
              <Button text="..." id="buttonModPickRootDir" />
              <Label text="インストール方法:" id="labelModInstallAs" />
              <Label text="プリセット:" id="labelModArchivePreset" />
              <CheckBox text="圧縮" id="checkBoxFreezeArchive">
                <Tooltip>アーカイブを「圧縮」すると、展開時にアーカイブが再作成されなくなります。
これにより、圧縮時間が高速化されます。

これは、アーカイブが巨大で（1GiB以上）、ファイルが変更されていない場合に特に有効です。</Tooltip>
              </CheckBox>
              <Label text="にインストールします。:" id="labelModInstallInto" />
              <Button text="提案" id="buttonModDetailsSuggestArchiveName" />
              <Label text="アーカイブ名:" id="labelModArchiveName" />
            </GroupBox>
            <GroupBox text="詳細" id="groupBoxModDetailsDetails">
              <!-- Group "詳細" -->
              <Button id="buttonModOpenFolder">
                <Tooltip>Open folder to mod</Tooltip>
              </Button>
              <Label text="フォルダー名:" id="labelModFolderName" />
              <Button id="buttonModOpenPage">
                <Tooltip>Open link in browser</Tooltip>
              </Button>
              <Panel id="panelModDetailsNexusMods">
                <LinkLabel text="最新版を設定する" id="linkLabelModSetLatestVersion" />
                <Label text="最新版:" id="labelModLatestVersionDesc" />
                <Label text="著者名:" id="labelModAuthorDesc" />
              </Panel>
              <Label text="インストールVer:" id="labelModVersion" />
              <Label text="Mod名:" id="labelModName" />
              <Label text="ウェブページ(URL):" id="labelModURL" />
            </GroupBox>
          </Panel>
        </Panel>
        <ToolStrip id="toolStrip1">
          <ToolStripButton text="modの追加（アーカイブから）" id="toolStripButtonAddMod" />
          <ToolStripButton text="modの追加（フォルダーから）" id="toolStripButtonAddModFolder" />
          <ToolStripButton text="すべて選択/すべて解除" id="toolStripButtonCheckAll" />
          <ToolStripButton text="上に移動" id="toolStripButtonMoveUp" />
          <ToolStripButton text="下に移動" id="toolStripButtonMoveDown" />
          <ToolStripButton text="modフォルダーを開く" id="toolStripButtonModOpenFolder" />
          <ToolStripButton text="Unfreeze mod" id="toolStripButtonFreeze" />
          <ToolStripButton text="modを解凍する" id="toolStripButtonModUnfreeze" />
          <ToolStripButton text="mod削除" id="toolStripButtonDeleteMod" />
        </ToolStrip>
        <ObjectListView id="objectListViewMods">
          <Column></Column>
          <Column>Mod name &amp; info</Column>
          <Column>Version</Column>
          <Column>Install as</Column>
          <Column>Install into</Column>
          <Column>Archive name</Column>
          <Column>Archive preset</Column>
          <Column>Frozen?</Column>
        </ObjectListView>
      </TabPage>
      <TabPage text="設定" id="tabPageModsSettings">
        <!-- ********** Tab "設定" ********** -->
        <GroupBox text="インターフェイス" id="groupBoxModsInterface">
          <!-- Group "インターフェイス" -->
          <Label text="MODリストのレイアウト:" id="labelModListStyle" />
          <RadioButton text="コンパクト、列が増える（旧リスト）" id="radioButtonModsUseAlternativeList" />
          <RadioButton text="スタンダード、 複合カラム（新規リスト、デフォルト）" id="radioButtonModsUseStandardList" />
          <CheckBox text="NexusModsのページからMODのタイトルがあれば表示する。." id="checkBoxModsUseRemoteModNames">
            <Tooltip>If checked: Shows the mod's title as it is on NexusMods.
If unchecked: Shows the mod's title like you typed it into the side panel.
This is purely personal preference.</Tooltip>
          </CheckBox>
        </GroupBox>
        <GroupBox text="挙動設定" id="groupBoxModsBehavior">
          <!-- Group "挙動設定" -->
          <Label text="注：これらの設定は展開後のみ有効となります。" id="labelBehaviorNote" />
          <Panel id="panelBundledLoadOrder">
            <Label text="バンドルされたアーカイブを読み込み順のどこに置くか？" id="labelBundledLoadOrder" />
            <RadioButton text="バンドルされたアーカイブを最初に配置する(デフォルト)" id="radioButtonBundledFirstinLO">
              <Tooltip>Bundled archives will appear first in the load order.</Tooltip>
            </RadioButton>
            <RadioButton text="バンドルされたアーカイブを最後に配置す る" id="radioButtonBundledLastinLO">
              <Tooltip>Bundled archives will appear last in the load order.</Tooltip>
            </RadioButton>
          </Panel>
          <Panel id="panelDeployMethod">
            <Label text="ファイルのコピー方法はどうしますか？" id="labelDeployMethod" />
            <RadioButton text="ハードリンクを作成する（推奨）" id="radioButtonModsUseHardlinks">
              <Tooltip>Make hard links instead of copying files.
Reduces deployment time and disk space.

This is the recommended option.</Tooltip>
            </RadioButton>
            <RadioButton text="シンボリックリンクの作成 (実験的、管理者権限が必要です)" id="radioButtonModsUseSymlinks">
              <Tooltip>Make symbolic links (also called soft links) instead of copying files.
Reduces deployment time and disk space.

Please note: You must run the tool with administrator rights to create symlinks!
If not, the tool will fallback to copying files.

Experimental feature: Should work, but not guaranteed.</Tooltip>
            </RadioButton>
            <RadioButton text="ファイルをコピーする（最も安定）" id="radioButtonModsCopyFiles">
              <Tooltip>Copies files and therefore uses up more disk space.

Has no side effects. Use this option if you're experiencing issues.</Tooltip>
            </RadioButton>
          </Panel>
          <CheckBox text="バンドルされたアーカイブを展開する（実験的）" id="checkBoxFreezeBundledArchives">
            <Tooltip>Instead of rebuilding bundled archives, it will save a bundled copy and ask you if you want to update it on deploy.</Tooltip>
          </CheckBox>
          <CheckBox text="デフォルトで*.ba2ファイルの展開を行う" id="checkBoxAddArchivesAsBundled" />
        </GroupBox>
        <GroupBox text="リスト" id="groupBoxLists">
          <!-- Group "リスト" -->
          <Button text="リセット" id="buttonModsResetTextbox" />
          <Button text="変更を適用" id="buttonModsApplyTextBox" />
          <Button text="クリーンリスト" id="buttonModsCleanList" />
          <Label text="リソース一覧 (newline separated):" id="labelsResourceIndexFileList" />
        </GroupBox>
      </TabPage>
    </TabControl>
    <MenuStrip id="menuStrip1">
      <!-- Menu -->
      <ToolStripMenuItem text="ファイル" id="fileToolStripMenuItem">
        <ToolStripMenuItem text="MODを追加" id="addModarchiveToolStripMenuItem">
          <ToolStripMenuItem text="空のmod" id="emptyModToolStripMenuItem" />
          <ToolStripMenuItem text="アーカイブから" id="fromArchiveToolStripMenuItem" />
          <ToolStripMenuItem text=".ba2アーカイブから（凍結済み）" id="fromba2ArchivefrozenToolStripMenuItem" />
          <ToolStripMenuItem text="フォルダーから" id="fromFolderToolStripMenuItem" />
        </ToolStripMenuItem>
        <ToolStripMenuItem text="インストールしたMODのインポート" id="toolStripMenuItemModsImport" />
        <ToolStripMenuItem text="変更を保存する" id="saveToolStripMenuItem" />
        <ToolStripMenuItem text="MODを展開する" id="deployToolStripMenuItem" />
      </ToolStripMenuItem>
      <ToolStripMenuItem text="表示" id="editToolStripMenuItem">
        <ToolStripMenuItem text="競合するファイルを表示する" id="showConflictingFilesToolStripMenuItem" />
        <ToolStripMenuItem text="UIを再読み込み" id="reloadUIToolStripMenuItem" />
      </ToolStripMenuItem>
      <ToolStripMenuItem text="ツール" id="toolsToolStripMenuItem">
        <ToolStripMenuItem text="Archive2" id="archive2ToolStripMenuItem">
          <ToolStripMenuItem text="Archive2を開く" id="openArchive2ToolStripMenuItem" />
          <ToolStripMenuItem text="Explore *.ba2 archive" id="exploreba2ArchiveToolStripMenuItem" />
        </ToolStripMenuItem>
        <ToolStripMenuItem text="NexusMods API" id="nexusModsAPIToolStripMenuItem">
          <ToolStripMenuItem text="MOD情報を更新する" id="updateModInformationToolStripMenuItem" />
          <ToolStripMenuItem text="modsを支持する" id="endorseModsToolStripMenuItem" />
          <ToolStripMenuItem text="アップデートを確認する" id="checkForUpdatesToolStripMenuItem" />
        </ToolStripMenuItem>
      </ToolStripMenuItem>
      <ToolStripMenuItem text="ヘルプ" id="helpToolStripMenuItem">
        <ToolStripMenuItem text="ガイドを見る" id="showGuideToolStripMenuItem" />
        <ToolStripMenuItem text="ログファイル" id="logFilesToolStripMenuItem">
          <ToolStripMenuItem text="modmanager.log.txtを表示する" id="showModmanagerlogtxtToolStripMenuItem" />
          <ToolStripMenuItem text="archive2.log.txtを表示する" id="showArchive2logtxtToolStripMenuItem" />
        </ToolStripMenuItem>
      </ToolStripMenuItem>
    </MenuStrip>
  </FormMods>
  <FormWelcome title="Welcome">
    <!--
        FormWelcome
        ******************************************************************************************************************************************************
        Welcome
    -->
    <Label text="» さて、あなたはお忙しいでしょうから、あまりお時間は取らせません。\n   ただし、いくつかの情報を確認する必要があります。 «\n       – Vault-Tec rep, Oct. 2077" id="label4" />
    <Button text="了解" id="buttonOK" />
    <Panel id="panel1">
      <GroupBox text="Game path" id="groupBoxGameLocation">
        <!-- Group "Game path" -->
        <Label text="MODをインストールしない場合は、ゲームのインストール場所をスキップすることができます。" id="label3" />
        <Label text="ゲームのインストール場所が分からない場合:\n\nSteam:\n    • C:\\Program Files (x86)\\Steam\\steamapps\\common\\Fallout76\\\n    • ?:\\SteamLibrary\\steamapps\\common\\Fallout76\\\nXbox / Microsoft Store:\n    • C:\\Program Files﻿\\ModifiableWindowsApps\\Fallout76\\\n    • ?:\\XboxGames\\Fallout 76\\Content\\" id="label2" />
        <Button text="自動検出を試みる" id="buttonAutoDetect" />
        <Button text="..." id="buttonPickGamePath" />
      </GroupBox>
      <GroupBox text="どこから購入しましたか？" id="groupBoxGameEdition">
        <!-- Group "どこから購入しましたか？" -->
        <RadioButton text="Steam (PTS)" id="radioButtonEditionSteamPTS" />
        <RadioButton text="その他" id="radioButtonEditionUnknown" />
        <RadioButton text="Xbox" id="radioButtonEditionMSStore" />
        <RadioButton text="Steam" id="radioButtonEditionSteam" />
      </GroupBox>
    </Panel>
    <Label text="こんにちは！初めてツールを起動されたようですね。\n" id="label1" />
    <Label text="ようこそ！" id="labelTitle" />
  </FormWelcome>
  <Form1 title="Fallout 76 Quick Configuration">
    <!--
        Form1
        ******************************************************************************************************************************************************
        Fallout 76 Quick Configuration
    -->
    <ViewControl id="viewControl">
      <UserControlHome id="UserControlHome">
        <TabControlWithoutHeader id="tabControlWithoutHeader1">
          <TabPage text="ホーム" id="tabPageHome">
            <!-- ********** Tab "ホーム" ********** -->
            <Panel id="panelWebLinks">
              <StyledButton text="xTranslator" id="styledButtonxTranslator" />
              <StyledButton text="N&amp;D Build Planner" id="styledButtonNukesAndDragonsBuildPlanner" />
              <StyledButton text="Bethesda.net status page" id="styledButtonBethesdaNetStatus" />
              <StyledButton text="Bug reports" id="styledButtonBugReports" />
              <StyledButton text="Wiki &amp; guides" id="styledButtonWikiAndGuides" />
              <StyledButton text="GitHub" id="styledButtonGitHub" />
              <StyledButton text="NexusMods" id="styledButtonNexusMods" />
              <Label text="Webリンク" id="labelWebLinks" />
            </Panel>
            <Panel id="panelContent">
              <StyledButton text="更新情報を見る" id="styledButtonWhatsNew" />
              <Label text="バージョン:" id="labelVersion" />
              <Label text="翻訳担当:" id="labelTranslationBy" />
              <Label text="作者:" id="labelAuthor" />
            </Panel>
            <Panel id="panelTitle">
              <Label text="Quick Configurationへようこそ" id="labelWelcome" />
              <Label text="ゲームFallout76の各種設定を変更したり、MODをインストールすることができるツールです。" id="labelDescription" />
            </Panel>
            <Panel id="panelUpdate">
              <PictureBoxButton text="今すぐアップデート" id="pictureBoxButtonUpdate" />
              <LinkLabel text="または、手動でダウンロードしてインストールする" id="linkLabelManualDownloadPage" />
            </Panel>
          </TabPage>
          <TabPage text="tabPageWhatsNew" id="tabPageWhatsNew">
            <!-- ********** Tab "tabPageWhatsNew" ********** -->
            <StyledButton text="Go back" id="styledButtonGoBack" />
          </TabPage>
        </TabControlWithoutHeader>
      </UserControlHome>
      <UserControlTweaks id="UserControlTweaks">
        <Label text="ヒント: 何をするのか分からない場合は、オプションの上にカーソルを置いてください。ヒントが出る場合があります。" id="labelTweaksDesc" />
        <Label text="調整" id="labelTweaksTitle" />
        <TabControl id="tabControlTweaks">
          <TabPage text="情報" id="tabPageTweaksInfo">
            <!-- ********** Tab "情報" ********** -->
            <Label text="The web browser control doesn't work properly under Windows 7 (and probably 8.1)\nClick the button below to read the info." id="labelTweaksInfoWin7" />
            <Button text="Open in browser" id="buttonOpenTweaksInfoInBrowser" />
          </TabPage>
          <TabPage text="一般" id="tabPageGeneral">
            <!-- ********** Tab "一般" ********** -->
            <GroupBox text="ゲームプレイ" id="groupBoxGameplay">
              <!-- Group "ゲームプレイ" -->
              <CheckBox text="バックパックの可視化" id="checkBoxBackpackVisible" />
              <Label text="死体のハイライト:" id="labelHighlightCorpses" />
            </GroupBox>
            <GroupBox text="ダイアログ" id="groupBoxDialogue">
              <!-- Group "ダイアログ" -->
              <Label text="会話履歴のサイズ（行数）:" id="labelConversationHistorySize" />
              <CheckBox text="会話履歴を表示する" id="checkBoxDialogueHistory" />
              <CheckBox text="ダイアログの字幕を表示する" id="checkBoxDialogueSubtitles" />
              <CheckBox text="一般的な字幕を表示する" id="checkBoxGeneralSubtitles" />
            </GroupBox>
            <GroupBox text="HUD" id="groupBoxHUD">
              <!-- Group "HUD" -->
              <GroupBox text="フローティングクエストマーカーをHUDに表示する" id="groupBoxFloatingQuestMarkers">
                <!-- Group "フローティングクエストマーカーをHUDに表示する" -->
                <CheckBox text="フローティングクエストマーカーを表示する\n" id="checkBoxShowFloatingQuestMarkers" />
                <CheckBox text="フローティングクエストテキストを表示する" id="checkBoxShowFloatingQuestText" />
                <Label text="浮動クエストマーカーの描画距離" id="labelFloatingQuestMarkersDistance" />
              </GroupBox>
              <CheckBox text="他のプレイヤーの名前を表示する" id="checkBoxShowOtherPlayersNames" />
              <CheckBox text="公開チーム通知を有効にする \n" id="checkBoxShowPublicTeamNotifications" />
              <CheckBox text="パワーアーマーHUDを有効にする" id="checkBoxEnablePowerArmorHUD" />
              <CheckBox text="浮遊ダメージ数を表示する" id="checkBoxShowDamageNumbers" />
              <CheckBox text="クロスヘアを表示" id="checkBoxShowCrosshair" />
              <CheckBox text="コンパスを表示" id="checkBoxShowCompass" />
              <Label text="HUDにアクティブなエフェクトを表示:" id="labelShowActiveEffectsOnHUD" />
              <Label text="HUDの不透明度" id="labelHUDOpacity" />
            </GroupBox>
            <GroupBox text="ローディング" id="groupBoxLoading">
              <!-- Group "ローディング" -->
              <CheckBox text="ロード後のフェードインを高速化" id="checkBoxFasterFadeIn" />
            </GroupBox>
            <GroupBox text="クエスト" id="groupBoxQuests">
              <!-- Group "クエスト" -->
              <CheckBox text="開始時にアクティブなデイリークエスト" id="checkBoxEnableQuestAutoTrackDaily" />
              <CheckBox text="開始時にアクティブなイベントクエスト" id="checkBoxEnableQuestAutoTrackEvent" />
              <CheckBox text="開始時にアクティブなその他のクエスト" id="checkBoxEnableQuestAutoTrackMisc" />
              <CheckBox text="開始時にアクティブなサイドクエスト" id="checkBoxEnableQuestAutoTrackSide" />
              <CheckBox text="開始時にアクティブなメインクエスト" id="checkBoxEnableQuestAutoTrackMain" />
            </GroupBox>
            <GroupBox text="メインメニュー" id="groupBoxMainMenu">
              <!-- Group "メインメニュー" -->
              <CheckBox text="起動時のニュースとスプラッシュ画面をスキップする" id="checkBoxSkipSplash" />
              <CheckBox text="イントロビデオをスキップする" id="checkBoxSkipIntroVideos" />
            </GroupBox>
          </TabPage>
          <TabPage text="ビデオ" id="tabPageVideo">
            <!-- ********** Tab "ビデオ" ********** -->
            <GroupBox text="グラフィックス" id="groupBoxGraphics">
              <!-- Group "グラフィックス" -->
              <Button text="品質プリセットを選択" id="buttonSelectOverallQualityPreset" />
              <Label text="全体的な品質:" id="labelOverallQualityPreset" />
              <GroupBox text="画質" id="groupBoxTextures">
                <!-- Group "Textures" -->
                <Label text="画質 プリセットを選択:" id="labelTextureQuality" />
              </GroupBox>
              <GroupBox text="エフェクト" id="groupBoxGraphicEffects">
                <!-- Group "エフェクト" -->
                <CheckBox text="血しぶき" id="checkBoxBloodSplatter" />
                <CheckBox text="ゴア表現" id="checkBoxDisableGore" />
              </GroupBox>
              <GroupBox text="TAA Sharpening" id="groupBoxTAASharpening">
                <!-- Group "TAA Sharpening" -->
                <Label text="Post sharpen" id="labelTAAPostSharpen" />
                <Label text="Post overlay" id="labelTAAPostOverlay" />
              </GroupBox>
              <Label text="アンチエイリアシング:" id="labelAntiAliasing" />
              <GroupBox text="草" id="groupBoxGrass">
                <!-- Group "草" -->
                <Label text="フェード距離" id="labelGrassFadeDistance" />
                <CheckBox text="草を有効にする" id="checkBoxGrass" />
              </GroupBox>
              <GroupBox text="LOD(Level of Detail)" id="groupBoxLOD">
                <!-- Group "LOD(Level of Detail)" -->
                <Label text="フェード距離" id="labelLODFadeDistance" />
                <Label text="Actors" id="labelLODActors" />
                <Label text="アイテム" id="labelLODItems" />
                <Label text="オブジェクト" id="labelLODObjects" />
              </GroupBox>
              <CheckBox text="垂直同期 (VSync)" id="checkBoxVSync" />
              <GroupBox text="ライティング" id="groupBoxLighting">
                <!-- Group "ライティング" -->
                <Label text="Volumetric Lighting Quality:" id="labelGodrayQuality" />
                <CheckBox text="Volumetric Lighting" id="checkBoxGodrays" />
              </GroupBox>
              <Label text="異方性フィルタリング:" id="labelAnisotropicFiltering" />
              <GroupBox text="影" id="groupBoxShadows">
                <!-- Group "影" -->
                <Label text="シャドウ品質プリセット:" id="labelShadowQuality" />
                <Label text="ぼやけ:" id="labelShadowBlurriness" />
                <Label text="フェード距離" id="labelShadowDistance" />
                <Label text="テクスチャマップの解像度:" id="labelShadowTextureResolution" />
              </GroupBox>
              <GroupBox text="水" id="groupBoxWater">
                <!-- Group "水" -->
                <Label text="シャドウフィルター:" id="labelWaterShadowFilter" />
                <CheckBox text="黒い水・見えない水を修正する" id="checkBoxWaterFixSSRGlitch" />
                <CheckBox text="高解像度を使用する" id="checkBoxWaterHiRes" />
                <CheckBox text="屈折" id="checkBoxWaterRefractions" />
                <CheckBox text="反射" id="checkBoxWaterReflections" />
                <CheckBox text="変位量" id="checkBoxWaterDisplacement" />
              </GroupBox>
              <GroupBox text="ポストプロセス(後処理)" id="groupBoxPostProcessing">
                <!-- Group "ポストプロセス(後処理)" -->
                <CheckBox text="SSR" id="checkBoxSSReflections" />
                <CheckBox text="SSAO" id="checkBoxAmbientOcclusion" />
                <CheckBox text="被写界深度" id="checkBoxDepthOfField" />
                <CheckBox text="モーションブラー" id="checkBoxMotionBlur" />
                <CheckBox text="ラジアルブラー" id="checkBoxRadialBlur" />
                <CheckBox text="レンズフレア" id="checkBoxLensFlare" />
              </GroupBox>
            </GroupBox>
            <GroupBox text="ディスプレイ" id="groupBoxDisplay">
              <!-- Group "ディスプレイ" -->
              <CheckBox text="5:4と4:3解像度のHUDを修正（一部）" id="checkBoxFixHUDFor5_4and4_3" />
              <Button text="解像度を検出する" id="buttonDetectResolution" />
              <Label text="カスタム解像度:" id="labelCustomResolution" />
              <Label text="解像度:" id="labelResolution" />
              <CheckBox text="常に手前に表示" id="checkBoxTopMostWindow" />
              <Label text="ディスプレイモード:" id="labelDisplayMode" />
              <Label text="X" id="labelCustomResolutionSpacer" />
            </GroupBox>
          </TabPage>
          <TabPage text="オーディオ" id="tabPageAudio">
            <!-- ********** Tab "オーディオ" ********** -->
            <GroupBox text="オーディオ" id="groupBoxAudio">
              <!-- Group "オーディオ" -->
              <CheckBox text="オーディオを有効にする" id="checkBoxEnableAudio" />
              <CheckBox text="メインメニューで音楽を再生する" id="checkBoxMainMenuMusic" />
            </GroupBox>
            <GroupBox text="ボイス" id="groupBoxVoice">
              <!-- Group "ボイス" -->
              <Label text="ボイスチャットモード:" id="labelVoiceChatMode" />
              <CheckBox text="プッシュツートークを有効にする" id="checkBoxPushToTalk" />
            </GroupBox>
            <GroupBox text="ボリューム" id="groupBoxAudioVolume">
              <!-- Group "ボリューム" -->
              <Label text="マスターボリューム" id="labelVolumeMaster" />
              <Label text="チャットボリューム" id="labelAudioChat" />
              <Label text="メニュー音楽" id="labelAudiofVal0" />
              <Label text="Pip-Boy Radio" id="labelAudiofVal6" />
              <Label text="世界のラジオ" id="labelAudiofVal1" />
              <Label text="足音" id="labelAudiofVal5" />
              <Label text="ボイス" id="labelAudiofVal2" />
              <Label text="エフェクト音" id="labelAudiofVal4" />
              <Label text="音楽" id="labelAudiofVal3" />
            </GroupBox>
          </TabPage>
          <TabPage text="コントロール" id="tabPageControls">
            <!-- ********** Tab "コントロール" ********** -->
            <GroupBox text="ゲームパッド" id="groupBoxGamepad">
              <!-- Group "ゲームパッド" -->
              <CheckBox text="標準アシスト" id="checkBoxAimAssist" />
              <CheckBox text="ゲームパッドの振動を有効化" id="checkBoxGamepadRumble" />
              <CheckBox text="ゲームパッドを有効にする" id="checkBoxGamepadEnabled" />
              <Label text="垂直方向の感度" id="labelGamepadSensitivityY" />
              <Label text="水平方向の感度" id="labelGamepadSensitivityX" />
            </GroupBox>
            <GroupBox text="マウス" id="groupBoxMouse">
              <!-- Group "マウス" -->
              <CheckBox text="Xを反転" id="checkBoxMouseInvertX" />
              <CheckBox text="Yを反転" id="checkBoxMouseInvertY" />
              <CheckBox text="エイム感度を修正" id="checkBoxFixAimSensitivity" />
              <CheckBox text="マウスの水平/垂直感度を修正" id="checkBoxFixMouseSensitivity" />
              <Label text="垂直方向の感度" id="labelMouseSensitivityY" />
              <Label text="水平方向の感度" id="labelMouseSensitivityX" />
            </GroupBox>
          </TabPage>
          <TabPage text="カメラ" id="tabPageCamera">
            <!-- ********** Tab "カメラ" ********** -->
            <GroupBox text="カメラの位置（実験的）" id="groupBoxCameraPosition">
              <!-- Group "カメラの位置（実験的）" -->
              <GroupBox text="近接戦闘カメラの位置" id="groupBoxMeleeCombatCameraPosition">
                <!-- Group "近接戦闘カメラの位置" -->
                <Label text="Further/Closer (fOverShoulderMeleeCombatAddY)" id="labelfOverShoulderMeleeCombatAddY" />
                <Label text="Left/Right (fOverShoulderMeleeCombatPosX)" id="labelfOverShoulderMeleeCombatPosX" />
                <Label text="Down/Up (fOverShoulderMeleeCombatPosZ)" id="labelfOverShoulderMeleeCombatPosZ" />
              </GroupBox>
              <GroupBox text="戦闘カメラの位置" id="groupBoxCombatCameraPosition">
                <!-- Group "戦闘カメラの位置" -->
                <Label text="Further/Closer (fOverShoulderCombatAddY)" id="labelfOverShoulderCombatAddY" />
                <Label text="Left/Right (fOverShoulderCombatPosX)" id="labelfOverShoulderCombatPosX" />
                <Label text="Down/Up (fOverShoulderCombatPosZ)" id="labelfOverShoulderCombatPosZ" />
              </GroupBox>
              <Button text="位置リセット" id="buttonCameraPositionReset" />
              <CheckBox text="bApplyCameraNodeAnimations" id="checkBoxbApplyCameraNodeAnimations" />
              <GroupBox text="Unarmed camera position" id="groupBoxUnarmedCameraPosition">
                <!-- Group "Unarmed camera position" -->
                <Label text="Left/Right (fOverShoulderPosX)" id="labelfOverShoulderPosX" />
                <Label text="Down/Up (fOverShoulderPosZ)" id="labelfOverShoulderPosZ" />
              </GroupBox>
            </GroupBox>
            <GroupBox text="3人称視点の視野(FOV)" id="groupBoxFOVMore">
              <!-- Group "3人称視点の視野(FOV)" -->
              <Label text="3人称視点武器照準時の視野:" id="labelADSFOV" />
            </GroupBox>
            <GroupBox text="フォトモードオプション" id="groupBoxSelfieCamera">
              <!-- Group "フォトモードオプション" -->
              <Label text="回転速度:" id="labelPhotomodeRotationSpeed" />
              <Label text="範囲制限:" id="labelPhotomodeRange" />
              <Label text="移動速度:" id="labelPhotomodeTranslationSpeed" />
            </GroupBox>
            <GroupBox text="アイドルカメラ(実験)" id="groupBoxIdleCamera">
              <!-- Group "アイドルカメラ(実験)" -->
              <CheckBox text="オートバニティモードの強制" id="checkBoxForceVanityMode" />
              <CheckBox text="非操作時に回転するカメラを有効にする" id="checkBoxVanityMode" />
            </GroupBox>
            <GroupBox text="3人称視点でのカメラ距離" id="groupBoxCameraDistance">
              <!-- Group "3人称視点でのカメラ距離" -->
              <Label text="地面を見た時の縮小:" id="labelPitchZoomOutMaxDist" />
              <Label text="ズームアウト(縮小):" id="labelCameraDistanceMaximum" />
              <Label text="ズームイン(拡大):" id="labelCameraDistanceMinimum" />
            </GroupBox>
            <GroupBox text="視野角(FOV)" id="groupBoxFieldOfView">
              <!-- Group "視野角(FOV)" -->
            </GroupBox>
          </TabPage>
          <TabPage text="Bethesda.net" id="tabPageLogin">
            <!-- ********** Tab "Bethesda.net" ********** -->
            <GroupBox text="プロファイル" id="groupBoxLoginProfiles">
              <!-- Group "プロファイル" -->
              <RadioButton text="無し" id="radioButtonAccountNone" />
              <RadioButton text="アカウント #1" id="radioButtonAccount1" />
              <RadioButton text="アカウント #16" id="radioButtonAccount16" />
              <RadioButton text="アカウント #2" id="radioButtonAccount2" />
              <RadioButton text="アカウント #15" id="radioButtonAccount15" />
              <RadioButton text="アカウント #3" id="radioButtonAccount3" />
              <RadioButton text="アカウント #14" id="radioButtonAccount14" />
              <RadioButton text="アカウント #4" id="radioButtonAccount4" />
              <RadioButton text="アカウント #13" id="radioButtonAccount13" />
              <RadioButton text="アカウント #5" id="radioButtonAccount5" />
              <RadioButton text="アカウント #12" id="radioButtonAccount12" />
              <RadioButton text="アカウント #6" id="radioButtonAccount6" />
              <RadioButton text="アカウント #11" id="radioButtonAccount11" />
              <RadioButton text="アカウント #7" id="radioButtonAccount7" />
              <RadioButton text="アカウント #10" id="radioButtonAccount10" />
              <RadioButton text="アカウント #8" id="radioButtonAccount8" />
              <RadioButton text="アカウント #9" id="radioButtonAccount9" />
            </GroupBox>
            <GroupBox text="Bethesda.netでログイン" id="groupBoxLogin">
              <!-- Group "Bethesda.netでログイン" -->
              <CheckBox text="自動的にサインイン" id="checkBoxAutoSignin" />
              <CheckBox text="Steamを有効にする" id="checkBoxEnableSteam" />
              <CheckBox text="パスワードを表示" id="checkBoxShowPassword" />
              <Label text="パスワード:" id="labelPassword" />
              <Label text="ユーザー名:" id="labelUserName" />
            </GroupBox>
          </TabPage>
        </TabControl>
      </UserControlTweaks>
      <UserControlPipboy id="UserControlPipboy">
        <Panel id="panelPipboyOther">
          <LinkLabel text="デフォルト解像度に戻す" id="linkLabelPipboyTargetReset" />
          <Label text="解像度" id="labelPipboyResolution" />
          <LinkLabel text="推奨解像度を使用する" id="linkLabelPipboyTargetSetRecommended" />
          <RadioButton text="Quick-Boyを使用する" id="radioButtonQuickboy" />
          <Label text="この設定は、Pip-BoyとQuick-Boyの両方に影響します。" id="labelPipboyResolutionSideNote" />
          <Label text="使用するモード" id="labelPipboyMode" />
          <RadioButton text="Pip-Boyを使用する" id="radioButtonPipboy" />
        </Panel>
        <Panel id="panelPipboyPresets">
          <Button text="Lush Tato" id="buttonPresetTato" />
          <Button text="Calming Lavendar" id="buttonButtonPresetLavendar" />
          <Button text="パワーアーマーデフォルトカラー" id="buttonPresetFo76PPColor" />
          <Button text="Quick-Boyデフォルトカラー" id="buttonPresetFo76QB" />
          <Button text="Radiant White" id="buttonPresetWhite" />
          <Label text="プリセット" id="labelPresets" />
          <Button text="クラッシックブルー" id="buttonPresetFo3Blue" />
          <Button text="キャピタルウェイストランドグリーン" id="buttonPresetFo3Green" />
          <Button text="コモンウェルスグリーン" id="buttonPresetFo4Green" />
          <Button text="クラッシックホワイト" id="buttonPresetFo3White" />
          <Button text="モハビウェイストランドアンバー" id="buttonPresetFoNVAmber" />
          <Button text="アパラチアグリーン" id="buttonPresetFo76Green" />
        </Panel>
        <Label text="Pip-Boyのカスタマイズ" id="labelPipboyTitle" />
        <TabControl id="tabControlPipboy">
          <TabPage text="Pip-Boy" id="tabPagePipboyColor">
            <!-- ********** Tab "Pip-Boy" ********** -->
            <Label text="HTMLカラーコード(HEX)" id="labelPipboyHEX" />
            <Label text="プレビュー" id="labelPreviewPipboy" />
            <Label text="プレビューはあくまで目安なので、ゲーム内ではこの通りにはならない可能性があります。" id="labelPipboyColorPreviewNotice" />
            <Button text="リセット" id="buttonColorResetPipboy" />
            <Button text="色を選ぶ" id="buttonColorPickPipboy" />
            <Label text="Pip-Boy カラー" id="labelPipboyColor" />
          </TabPage>
          <TabPage text="Quick-Boy" id="tabPageQuickboyColor">
            <!-- ********** Tab "Quick-Boy" ********** -->
            <Label text="HTMLカラーコード(HEX)" id="labelQuickboyHEX" />
            <Label text="プレビュー" id="labelPreviewQuickboy" />
            <Label text="プレビューはあくまで目安なので、ゲーム内ではこの通りにはならない可能性があります。" id="labelQuickboyColorPreviewNotice" />
            <Button text="色を選ぶ" id="buttonColorPickQuickboy" />
            <Button text="リセット" id="buttonColorResetQuickboy" />
            <Label text="Quick-Boy カラー" id="labelQuickboyColor" />
          </TabPage>
          <TabPage text="パワーアーマー" id="tabPagePowerArmorColor">
            <!-- ********** Tab "パワーアーマー" ********** -->
            <Label text="HTMLカラーコード(HEX)" id="labelPAColorHEX" />
            <Label text="プレビュー" id="labelPreviewPA" />
            <Label text="プレビューはあくまで目安なので、ゲーム内ではこの通りにはならない可能性があります。" id="labelPAColorPreviewNotice" />
            <Label text="パワーアーマーカラー" id="labelPowerArmorColor" />
            <Button text="色を選ぶ" id="buttonColorPickPAPipboy" />
            <Button text="リセット" id="buttonColorResetPAPipboy" />
          </TabPage>
        </TabControl>
      </UserControlPipboy>
      <UserControlGallery id="UserControlGallery">
        <Panel id="panelGalleryOptions">
          <GroupBox text="オプション" id="groupBoxScreenshotOptions">
            <!-- Group "オプション" -->
            <Button text="サムネイルを削除する" id="buttonGalleryDeleteThumbnails" />
            <CheckBox text="サブフォルダーを再検索" id="checkBoxGallerySearchRecursively" />
            <Label text="追加のパス(改行は分離):" id="labelGalleryAdditionalPaths" />
            <Label text="スクリーンショットのインデックス:" id="labelScreenshotIndex" />
          </GroupBox>
        </Panel>
        <Label text="ギャラリー" id="labelGallery" />
        <Panel id="panelGallery">
          <Label text="右上の「ギャラリーを更新する」をクリックすると、スクリーンショットや写真が表示されます。" id="labelGalleryTip" />
        </Panel>
      </UserControlGallery>
      <UserControlCustom id="UserControlCustom">
        <Label text="ここに書かれた内容は、*.iniファイル内の設定をすべて上書きします。" id="labelCustomDesc" />
        <Label text="カスタム.ini設定" id="labelCustomTitle" />
        <Button text="保存*" id="buttonCustomSave" />
        <Label text="ファイル内の行を上書きする:" id="labelCustomFile" />
      </UserControlCustom>
      <UserControlSettings id="UserControlSettings">
        <Panel id="panel1">
          <Label text="通知" id="labelSettingsNotifications" />
          <CheckBox text="通知(ポップアップ)を表示する" id="checkBoxShowNotifications" />
          <CheckBox text="通知音を鳴らす" id="checkBoxPlayNotificationSound" />
        </Panel>
        <Panel id="panelSettingsProfile">
          <LinkLabel text="プロファイル設定へ行く→" id="linkLabelOpenProfileEditor" />
          <Label text="プロファイルの設定（ゲームパス、ゲームエディションなど）をお探しですか？" id="labelSettingsProfileNotice" />
          <Label text="プロファイル" id="labelSettingsProfiles" />
        </Panel>
        <Panel id="panelSettingsPaths">
          <Label text="パッチ" id="labelSettingsPaths" />
          <Label text="7z.exe path:" id="labelSevenZipPath" />
          <Button text="..." id="buttonPickArchiveTwoPath" />
          <Label text="Archive2.exe path:" id="labelArchiveTwoPath" />
          <Button text="..." id="buttonPickSevenZipPath" />
          <Label text="プログラム" id="labelSettingsPrograms" />
          <Label text="Mod manager" id="labelSettingsModManager" />
          <Label text="ダウンロードフォルダー:" id="labelDownloadsPath" />
          <Button text="..." id="buttonPickDownloadsPath" />
        </Panel>
        <Panel id="panelSettingsNWMode">
          <Label text="Nuclear Winterオプション (旧式)" id="labelSettingsNuclearWinterOptions" />
          <CheckBox text="追加した.dllファイルの名前を変更する" id="checkBoxNWRenameDLL" />
          <CheckBox text="有効化時にMODを自動的に削除" id="checkBoxNWAutoDisableMods" />
          <Label text=".dllオプション:" id="labelNWdlloptions" />
          <Label text="Modオプション:" id="labelNWmodoptions" />
          <CheckBox text="無効化時にMODを自動で導入" id="checkBoxNWAutoDeployMods" />
          <Label text="トグルモード:" id="labelToggleNW" />
          <StyledButton text="Nuclear Winter" id="buttonNWMode" />
        </Panel>
        <Panel id="panelSettingsOptions">
          <Label text="オプション" id="labelSettingsOptions" />
          <CheckBox text=" *.iniファイルを読み取り専用にする。" id="checkBoxReadOnly" />
          <CheckBox text=" &quot;Mod Managerとダウンロードリンクを&quot; 連携する" id="checkBoxHandleNXMLinks" />
        </Panel>
        <Panel id="panelSettingsBehavior">
          <CheckBox text="変更を保存する前に、*.iniファイルのバックアップを取る。" id="checkBoxMakeBackups" />
          <Label text="Behavior" id="labelSettingsBehavior" />
          <CheckBox text="ツールを閉じたとき、またはゲームを起動したときに、変更内容を自動的に適用します" id="checkBoxAutoApply" />
          <CheckBox text="ゲーム起動時にこのツールを閉じる。" id="checkBoxQuitOnGameLaunch" />
          <CheckBox text="アップデートを確認しない" id="checkBoxIgnoreUpdates" />
        </Panel>
        <Panel id="panelSettingsLocalization">
          <Label text="ローカライズ" id="labelSettingsLocalization" />
          <Label text="使用言語:" id="labelLanguage" />
          <Label text="この翻訳は古くなっています。\n一部の要素はまだ翻訳されていない可能性があります" id="labelOutdatedLanguage" />
        </Panel>
        <Label text="アプリの設定" id="labelSettingsTitle" />
      </UserControlSettings>
      <UserControlNexusMods id="UserControlNexusMods">
        <Panel id="panelManageNMProfile">
          <FlowLayoutPanel id="flowPanelNMActions">
            <Button text="ログイン" id="buttonNMLogin" />
            <Button text="キーを使ってログインする" id="buttonNMLoginManually" />
            <Button text="ログアウト" id="buttonNWLogout" />
            <Button text="プロファイルの更新" id="buttonNMUpdateProfile" />
            <Button text="キャッシュの削除" id="buttonNWDeleteCache" />
          </FlowLayoutPanel>
          <LinkLabel text="Login doesn't work? Click here to use your API key instead." id="linkLabelEnableAPIKey" />
          <LinkLabel text="How do I login with an API key?" id="linkLabelAPIKeyHelp" />
          <Label text="API Key" id="labelAPIKey" />
          <CheckBox text="Show API key" id="checkBoxShowAPIKey" />
          <Label text="アクション" id="labelNexusModsActions" />
          <CheckBox text="サムネイルをダウンロードする" id="checkBoxNMDownloadThumbnails" />
          <Label text="オプション" id="labelNMOptions" />
          <CheckBox text="プロファイルを自動で更新する" id="checkBoxNMUpdateProfile" />
        </Panel>
        <Panel id="panelNMProfile">
          <Label text="ログインしていない." id="labelNMNotLoggedIn" />
          <Label text="ユーザーID:" id="labelNMDescUserID" />
          <Label text="時間当たりの制限:" id="labelNMDescHourlyRateLimit" />
          <Label text="会員情報:" id="labelNMDescMembership" />
          <Label text="Never" id="labelNMRateLimitReset" />
          <Label text="レート制限のリセット:" id="labelNMDescLimitReset" />
          <Label text="1日当たりの制限:" id="labelNMDescDailyRateLimit" />
        </Panel>
        <Label text="NexusMods Integration" id="labelNexusTitle" />
      </UserControlNexusMods>
      <UserControlProfiles id="UserControlProfiles">
        <TabControlWithoutHeader id="tabControl">
          <TabPage text="選択" id="tabPageSelect">
            <!-- ********** Tab "選択" ********** -->
            <Label text="プロファイル" id="labelSelectTitle" />
            <Button text="プロファイルの編集" id="buttonEditProfile" />
            <Button text="プロファイルの削除" id="buttonDeleteProfile" />
            <ListView id="listViewGameInstances">
              <Column>Game</Column>
            </ListView>
            <Button text="プロファイルの追加" id="buttonAddProfile" />
          </TabPage>
          <TabPage text="編集" id="tabPageEdit">
            <!-- ********** Tab "編集" ********** -->
            <Label text="プロファイルを編集" id="labelEditTitle" />
            <LinkLabel text="← プロファイルを保存して選択に戻る" id="linkLabelNavigationBack" />
            <Panel id="panelSettings">
              <LinkLabel text="自動検出を試みる" id="linkLabelAutoDetect" />
              <CheckBox text="その他のオプションを表示する" id="checkBoxMoreOptions" />
              <Label text="ゲームパッチ:" id="labelGamePath" />
              <Panel id="panelAdvancedOptions">
                <LinkLabel text="Show wiki article" id="linkLabelProfilesHelp" />
                <Label text="*.ini path:" id="labelIniPath" />
                <Button text="..." id="buttonPickIniPath" />
                <Label text="Advanced options" id="labelProfileAdvancedOptions" />
                <Label text="Launch URL:" id="labelLaunchURL" />
                <Label text="Fallout 76 cannot be run directly, if installed through the Xbox app." id="labelLaunchOptionMSStoreNotice" />
                <Label text="Launch options" id="labelProfileLaunchOptions" />
                <Label text="Parameters:" id="labelParameters" />
                <RadioButton text="Run &quot;Fallout76.exe&quot; directly" id="radioButtonLaunchViaExecutable" />
                <RadioButton text="Launch via Steam / Xbox (recommended)" id="radioButtonLaunchViaLink" />
                <Label text="Executable:" id="labelExecutable" />
                <Label text="*.ini prefix:" id="labelIniPrefix" />
              </Panel>
              <Label text="Game edition:" id="labelGameEdition" />
              <Label text="Profile name:" id="labelProfileName" />
              <Button text="..." id="buttonPickGamePath" />
            </Panel>
          </TabPage>
        </TabControlWithoutHeader>
      </UserControlProfiles>
    </ViewControl>
    <UserControlSideNav id="userControlSideNav">
      <StyledButton text="NexusMods" id="buttonNexusMods" />
      <StyledButton text="カスタム調整" id="buttonCustom" />
      <Label text="プロファイルを選択:" id="labelGameEditionDesc" />
      <StyledButton text="ホーム" id="buttonHome" />
      <StyledButton text="ギャラリー" id="buttonGallery" />
      <StyledButton text="Pip-Boy" id="buttonPipboy" />
      <StyledButton text="調整" id="buttonTweaks" />
      <StyledButton text="閲覧" id="buttonBrowse" />
      <StyledButton text="設定" id="buttonSettings" />
      <StyledButton text="Mods" id="buttonMods" />
      <StyledButton text="アップデートを確認" id="buttonUpdate" />
      <StyledButton text="適用" id="buttonApply" />
      <StyledButton text="プレイ" id="buttonPlay" />
      <Label text="プロファイル" id="labelProfile" />
      <Label text="Quick Configuration" id="labelLogo" />
    </UserControlSideNav>
    <ContextMenuStrip id="contextMenuStrip1">
      <ToolStripMenuItem text="開く" id="openToolStripMenuItem" />
      <ToolStripMenuItem text="フォルダを開く" id="openFolderToolStripMenuItem" />
      <ToolStripMenuItem text="切り取り" id="cutToolStripMenuItem" />
      <ToolStripMenuItem text="コピー" id="copyToolStripMenuItem" />
      <ToolStripMenuItem text="削除" id="deleteToolStripMenuItem" />
    </ContextMenuStrip>
    <ContextMenuStrip id="contextMenuStripBrowse">
      <ToolStripMenuItem text="ゲームのインストールフォルダ" id="gameFolderToolStripMenuItem" />
      <ToolStripMenuItem text="ゲームの設定用フォルダ" id="gamesConfigurationFolderToolStripMenuItem" />
      <ToolStripMenuItem text="ツールのインストールフォルダ" id="toolInstallationFolderToolStripMenuItem" />
      <ToolStripMenuItem text="ツール設定用フォルダ" id="toolConfigurationFolderToolStripMenuItem" />
      <ToolStripMenuItem text="ツール言語用フォルダ" id="toolLanguagesFolderToolStripMenuItem" />
      <ToolStripMenuItem text="Steamのスクリーンショットフォルダ" id="steamScreenshotFolderToolStripMenuItem" />
      <ToolStripMenuItem text="ゲーム写真フォルダ" id="gamePhotosFolderToolStripMenuItem" />
      <ToolStripMenuItem text="Fallout76.iniを編集する" id="editFallout76iniToolStripMenuItem" />
      <ToolStripMenuItem text="Fallout76Prefs.iniを編集する" id="editFallout76PrefsiniToolStripMenuItem" />
      <ToolStripMenuItem text="Fallout76Custom.iniを編集する" id="editFallout76CustominiToolStripMenuItem" />
    </ContextMenuStrip>
    <ContextMenuStrip id="contextMenuStripOverallQualityPresets">
      <ToolStripMenuItem text="グラフィックプリセット" id="toolStripMenuItem1" />
      <ToolStripMenuItem text="Low" id="lowToolStripMenuItem" />
      <ToolStripMenuItem text="Medium" id="mediumToolStripMenuItem" />
      <ToolStripMenuItem text="High" id="highToolStripMenuItem" />
      <ToolStripMenuItem text="Ultra" id="ultraToolStripMenuItem" />
      <ToolStripMenuItem text="キャンセル" id="cancelToolStripMenuItem" />
    </ContextMenuStrip>
  </Form1>
</Language>