﻿<?xml version="1.0" encoding="utf-8"?>
<!--
     This is a template that contains some of the already translated elements.
     You can rename it from "*.template.xml" to "*.xml" and translate the added elements.

     If you need help with translating, you can find a guide here:
     https://github.com/FelisDiligens/Fallout76-QuickConfiguration/wiki/Translations
-->
<Language name="Deutsch (Deutschland)" iso="de-DE" author="FelisDiligens (aka. datasnake)" version="1.11.0">
  <Strings>
    <!--
        Strings
        ******************************************************************************************************************************************************
        Basically little text snippets that can be used everywhere.
    -->
    <String text="Eine neue Version ist verfügbar: {0}" id="newVersionAvailable" />
    <String text="Jetzt aktualisieren!" id="updateNowButton" />
    <String text="Unbekannt" id="unknown" />
    <String text="Übernehmen von Änderungen notwendig" id="modsDeploymentNecessary" />
    <String text="Etwas ist schiefgelaufen, siehe Logdateien für Details." id="modsFailed" />
    <String text="Allgemeines" id="modsTablePresetGeneral" />
    <String text="Texturen" id="modsTablePresetTextures" />
    <String text="Soundeffekte" id="modsTablePresetSoundFX" />
    <String text="Gebündelt" id="modsTableTypeBundled" />
    <String text="Separat" id="modsTableTypeSeparate" />
    <String text="Separat (Eingefroren)" id="modsTableTypeSeparateFrozen" />
    <String text="Lose" id="modsTableTypeLoose" />
    <String text="Ausstehend" id="modTableFrozenPending" />
    <String text="Gefroren" id="modTableFrozen" />
    <String text="Einfrieren" id="modTableFreeze" />
    <String text="Bündeln in {0}." id="modTableInstallInfoBundledBA2" />
    <String text="Verpacken in {0} mit Vorgabe {1}." id="modTableInstallInfoSeparateBA2" />
    <String text="Dateien kopieren zu {0}." id="modTableInstallInfoLooseFiles" />
    <String text="Zur Installation ausstehend" id="modTablePendingInstallation" />
    <String text="Zur Entfernung ausstehend" id="modTablePendingRemoval" />
    <String text="Ausstehende Änderungen" id="modTablePendingChanges" />
    <String text="Update verfügbar" id="updateAvailable" />
    <String text="Aktiviert" id="enabled" />
    <String text="Deaktiviert" id="disabled" />
    <String text="Ausgabe" id="gameEdition" />
    <String text="{0} Mods ausgewählt" id="modDetailsTitleBulkSelected" />
    <String text="in {0} Stunde(n) und {1} Minute(n)" id="nmResetTime" />
    <String text="{0} übrig" id="nmRateLimitLeft" />
    <String text="Basic" id="nmBasicAccount" />
    <String text="Supporter" id="nmSupporterAccount" />
    <String text="Premium" id="nmPremiumAccount" />
    <String text="n.a." id="notApplicable" />
    <String text="Ja" id="yes" />
    <String text="Nein" id="no" />
    <String text="Gültig" id="valid" />
    <String text="Ungültig" id="invalid" />
    <String text="Autom." id="auto" />
    <String text="ausgewählt" id="selected" />
    <String text="Nuclear Winter" id="nuclearwintermode" />
    <String text="Abenteuer" id="adventuremode" />
    <String text="Betroffene Werte" id="affectedValues" />
    <String text="Betroffene Dateien" id="affectedFiles" />
    <String text="Du hast diese Mod empfohlen." id="endorsedText" />
    <String text="Du hast diese Mod noch nicht bewertet." id="notEndorsedText" />
    <String text="Du hast dich von einer Empfehlung enthalten." id="abstainedText" />
    <String text="Warnung: Übliche Ressourcenordner konnten nicht gefunden werden. (meshes, textures, sounds, materials, interface und so weiter)&#xA;Die Mod lädt möglicherweise nicht ordnungsgemäß." id="modSidePanel_WarningNoCommonResourceFoldersFound" />
    <String text="Hinweis: Das Mischen von allgemeinen, Textur- und Audiodateien *könnte* dazu führen, dass die Mod nicht ordnungsgemäß geladen wird.&#xA;Falls die Mod nicht funktioniert, könntest du versuchen, es auf &quot;Gebündeltes *.ba2-Archiv&quot; zu setzen." id="modSidePanel_HintMixedResourcesFound" />
    <String text="Hinweis: Für Mods mit allgemeinen Dateien, wähle am besten die Vorgabe &quot;Allgemeines / ...&quot; oder lasse es auf &quot;Automatisch erkennen&quot;." id="modSidePanel_HintWrongPresetForGeneralFiles" />
    <String text="Hinweis: Für Mods, die Texturen ersetzen, wähle am besten die Vorgabe &quot;Texturen (*.dds Dateien)&quot; oder lasse es auf &quot;Automatisch erkennen&quot;." id="modSidePanel_HintWrongPresetForTextures" />
    <String text="Hinweis: Für Mods, die Audiodateien ersetzen, wähle am besten die Vorgabe &quot;Soundeffekte / Musik / Stimmen&quot; oder lasse es auf &quot;Automatisch erkennen&quot;." id="modSidePanel_HintWrongPresetForAudioFiles" />
    <String text="Hinweis: *.dll-Dateien werden normalerweise als &quot;lose Dateien&quot; in das Spiel-Verzeichnis (&quot;.&quot;) installiert." id="modSidePanel_HintWrongInstallMethodForDLLs" />
    <String text="Hinweis: Strings werden normalerweise als &quot;lose Dateien&quot; in den &quot;Data&quot;-Ordner installiert." id="modSidePanel_HintWrongInstallMethodForStrings" />
    <String text="Allgemein" id="modsTableFormatGeneral" />
    <String text="Texturen" id="modsTableFormatTextures" />
    <String text="Autom." id="modsTableFormatAutoDetect" />
    <String text="Alles erledigt" id="modsAllDone" />
    <String text="Nie" id="nmResetTimeNever" />
    <String text="Bearbeite {0}" id="modDetailsTitle" />
    <String text="Bearbeite {0} Mods" id="modDetailsTitleBulk" />
    <String text="Nach dem Anwenden" id="modTableFrozenUponDeployment" />
  </Strings>
  <Dropdowns>
    <!--
        Dropdowns
        ******************************************************************************************************************************************************
        Make sure that the amount of options stays the same.
    -->
    <Dropdown id="ModInstallAs">
      <Option>In *.ba2-Archive bündeln (mit anderen Mods)</Option>
      <Option>Separates *.ba2-Archiv erstellen</Option>
      <Option>Dateien lose kopieren</Option>
    </Dropdown>
    <Dropdown id="ModArchivePreset">
      <Option>-- Bitte auswählen --</Option>
      <Option>Automatisch erkennen</Option>
      <Option>Allgemeines / Oberfläche / Materialien / Animationen</Option>
      <Option>Texturen (*.dds Dateien)</Option>
      <Option>Soundeffekte / Musik / Stimmen</Option>
    </Dropdown>
    <Dropdown id="Resolution">
      <Option>Benutzerdefiniert</Option>
      <Option></Option>
      <Option>┌───────────────────────────────┐</Option>
      <Option>│  4:3                          │</Option>
      <Option>├───────────────────────────────┤</Option>
      <Option>│ [4:3]    640 x  480 (VGA)     │</Option>
      <Option>│ [4:3]    800 x  600 (SVGA)    │</Option>
      <Option>│ [4:3]    960 x  720           │</Option>
      <Option>│ [4:3]   1024 x  768 (XGA)     │</Option>
      <Option>│ [4:3]   1152 x  864           │</Option>
      <Option>│ [4:3]   1280 x  960           │</Option>
      <Option>│ [4:3]   1400 x 1050           │</Option>
      <Option>│ [4:3]   1440 x 1080           │</Option>
      <Option>│ [4:3]   1600 x 1200           │</Option>
      <Option>│ [4:3]   1920 x 1440           │</Option>
      <Option>│ [4:3]   2048 x 1536           │</Option>
      <Option>│ [4:3]   2880 x 2160           │</Option>
      <Option>│                               │</Option>
      <Option>│                               │</Option>
      <Option>├───────────────────────────────┤</Option>
      <Option>│  5:3                          │</Option>
      <Option>├───────────────────────────────┤</Option>
      <Option>│ [5:3]    800 x  480           │</Option>
      <Option>│ [5:3]   1280 x  768 (WXGA)    │</Option>
      <Option>│                               │</Option>
      <Option>│                               │</Option>
      <Option>├───────────────────────────────┤</Option>
      <Option>│  5:4                          │</Option>
      <Option>├───────────────────────────────┤</Option>
      <Option>│ [5:4]   1152 x  960           │</Option>
      <Option>│ [5:4]   1280 x 1024           │</Option>
      <Option>│ [5:4]   2560 x 2048           │</Option>
      <Option>│ [5:4]   5120 x 4096           │</Option>
      <Option>│                               │</Option>
      <Option>│                               │</Option>
      <Option>├───────────────────────────────┤</Option>
      <Option>│  16:9                         │</Option>
      <Option>├───────────────────────────────┤</Option>
      <Option>│ [16:9]  1024 x  576           │</Option>
      <Option>│ [16:9]  1152 x  648           │</Option>
      <Option>│ [16:9]  1280 x  720 (HD)      │</Option>
      <Option>│ [16:9]  1360 x  768           │</Option>
      <Option>│ [16:9]  1365 x  768           │</Option>
      <Option>│ [16:9]  1366 x  768           │</Option>
      <Option>│ [16:9]  1536 x  864           │</Option>
      <Option>│ [16:9]  1600 x  900           │</Option>
      <Option>│ [16:9]  1920 x 1080 (Full HD) │</Option>
      <Option>│ [16:9]  2560 x 1440 (WQHD)    │</Option>
      <Option>│ [16:9]  3200 x 1800           │</Option>
      <Option>│ [16:9]  3840 x 2160 (4K UHD1) │</Option>
      <Option>│ [16:9]  5120 x 2880 (5K)      │</Option>
      <Option>│ [16:9]  7680 x 4320 (8K UHD2) │</Option>
      <Option>│                               │</Option>
      <Option>│                               │</Option>
      <Option>├───────────────────────────────┤</Option>
      <Option>│  16:10                        │</Option>
      <Option>├───────────────────────────────┤</Option>
      <Option>│ [16:10]  640 x  400           │</Option>
      <Option>│ [16:10] 1280 x  800           │</Option>
      <Option>│ [16:10] 1440 x  900           │</Option>
      <Option>│ [16:10] 1680 x 1050           │</Option>
      <Option>│ [16:10] 1920 x 1200           │</Option>
      <Option>│ [16:10] 2560 x 1600           │</Option>
      <Option>│ [16:10] 3840 x 2400           │</Option>
      <Option>│                               │</Option>
      <Option>│                               │</Option>
      <Option>├───────────────────────────────┤</Option>
      <Option>│  17:9                         │</Option>
      <Option>├───────────────────────────────┤</Option>
      <Option>│ [17:9]  2048 x 1080           │</Option>
      <Option>│                               │</Option>
      <Option>│                               │</Option>
      <Option>├───────────────────────────────┤</Option>
      <Option>│  21:9                         │</Option>
      <Option>├───────────────────────────────┤</Option>
      <Option>│ [21:9]  1920 x  800           │</Option>
      <Option>│ [21:9]  2560 x 1080           │</Option>
      <Option>│ [21:9]  3440 x 1440           │</Option>
      <Option>│ [21:9]  3840 x 1600           │</Option>
      <Option>│ [21:9]  5120 x 2160           │</Option>
      <Option>│                               │</Option>
      <Option>│                               │</Option>
      <Option>└───────────────────────────────┘</Option>
      <Option></Option>
    </Dropdown>
    <Dropdown id="DisplayMode">
      <Option>Vollbild</Option>
      <Option>Fenster</Option>
      <Option>Randloses Fenster</Option>
      <Option>Randloses Fenster (Vollbild)</Option>
    </Dropdown>
    <Dropdown id="AntiAliasing">
      <Option>An, TAA (Standard)</Option>
      <Option>Aus</Option>
    </Dropdown>
    <Dropdown id="AnisotropicFiltering">
      <Option>Aus</Option>
      <Option>2x</Option>
      <Option>4x</Option>
      <Option>8x</Option>
      <Option>16x (Standard)</Option>
    </Dropdown>
    <Dropdown id="ShadowTextureResolution">
      <Option>512 = Kartoffel</Option>
      <Option>1024 = Niedrig</Option>
      <Option>2048 = Hoch (Standard)</Option>
      <Option>4096 = Ultra</Option>
      <Option>8192 = Verrückt</Option>
    </Dropdown>
    <Dropdown id="ShadowBlurriness">
      <Option>1x</Option>
      <Option>2x</Option>
      <Option>3x = Standard, empfohlen</Option>
    </Dropdown>
    <Dropdown id="VoiceChatMode">
      <Option>Automatisch</Option>
      <Option>Gebiet</Option>
      <Option>Team</Option>
      <Option>Keine</Option>
    </Dropdown>
    <Dropdown id="ShowActiveEffectsOnHUD">
      <Option>Deaktiviert</Option>
      <Option>Schädlich</Option>
      <Option>Alle</Option>
    </Dropdown>
    <Dropdown id="CorpseHighlighting">
      <Option>Deaktiviert</Option>
      <Option>Bei Inspektion löschen</Option>
      <Option>Beim Entfernen löschen</Option>
    </Dropdown>
  </Dropdowns>
  <Messageboxes>
    <!--
        Message boxes
        ******************************************************************************************************************************************************
        The {0} is a placeholder, btw.
    -->
    <Messagebox title="Änderungen gespeichert" id="changesApplied">Deine Änderungen wurden gespeichert. Du kannst das Spiel jetzt starten.</Messagebox>
    <Messagebox title="Fertig" id="downloadLanguagesFinished">Heruntergeladene Sprachdateien: {0}</Messagebox>
    <Messagebox title="Dateien modifiziert" id="iniFilesModified">*.ini Deteien wurden modifiziert, während das Tool läuft.
Beachte: Alle Änderungen werden überschrieben, wenn auf "Anwenden" gedrückt oder Mods verwaltet werden.
Bitte starten Sie das Tool neu, um mit den neuen Werten zu arbeiten.</Messagebox>
    <Messagebox title="Cloud file provider not running" id="cloudFileProviderNotRunning">{0}
Please make sure OneDrive is running and try again.
The tool will be terminated now.</Messagebox>
    <Messagebox title="Failed to load *.ini file" id="iniFailedToLoad">{0}
The tool will be terminated now.</Messagebox>
    <Messagebox title="Zugriff verweigert" id="setInisReadOnlyFailed">*.ini-Dateien konnten nicht schreibgeschützt gesetzt werden. Versuchen Sie, das Tool mit Administratorrechten zu starten.
{0}</Messagebox>
    <Messagebox title="Ungültiger Pfad" id="modsGamePathInvalid">Ungültiger Spielpfad</Messagebox>
    <Messagebox title="Letztes Spielprofil kann nicht gelöscht werden" id="errorAtLeastOneGameOrProfile">Mindestens ein Spielprofil wird benötigt.</Messagebox>
    <Messagebox title="Automatische Erkennung fehlgeschlagen" id="gamePathAutoDetectFailed">Es konnte keines der üblichen Spielpfade gefunden werden. Bitte wähle den Pfad zum Spiel manuell aus.</Messagebox>
    <Messagebox title="Pfad gefunden" id="gamePathAutoDetectPathFound">Möchtest du diesen Pfad anwenden?
Gefunden: {0}

Drücke "Ja", um den Pfad zu übernehmen; "Nein", um mit der Suche fortzufahren; und "Abbrechen", um die Suche zu unterbrechen.</Messagebox>
    <Messagebox title="{0} löschen?" id="galleryDeleteScreenshot">Du bist dabei, '{0}' zu löschen. Bist du sicher?</Messagebox>
    <Messagebox title="{0} Dateien löschen?" id="galleryDeleteScreenshots">Du bist dabei, {0} Dateien zu löschen. Bist du sicher?</Messagebox>
    <Messagebox title="Bist du sicher?" id="galleryDeleteThumbnails">Möchtest du die Thumbnails wirklich löschen?
Wenn du das nächste Mal auf "Galerie aktualisieren" klickst, wird es erheblich länger dauern, da alle Thumbnails neu generiert werden.</Messagebox>
    <Messagebox title="NW-Modus deaktiviert" id="nwModeDisabled">Du kannst jetzt den Abenteuermodus spielen.</Messagebox>
    <Messagebox title="NW-Modus aktiviert" id="nwModeEnabled">Du kannst jetzt den Nuclear Winter Modus spielen.</Messagebox>
    <Messagebox title="Fertig" id="modsDisabledDone">Mods wurden deaktiviert und vom Spiel entfernt.</Messagebox>
    <Messagebox title="Fertig" id="modsDeployedDone">Mods wurden installiert.</Messagebox>
    <Messagebox title="Etwas ist schiefgelaufen" id="modsDeploymentFailed">Mods könnten nicht installiert worden sein.
Siehe Logdateien für mehr Details.</Messagebox>
    <Messagebox title="Archive2 fehlt" id="modsArchive2Missing">.\Archive2\Archive2.exe fehlt.
Bitte lade das Tool erneut herunter oder installiere Archive2 manuell.</Messagebox>
    <Messagebox title="Spielpfad unbekannt" id="modsGamePathNotSet">Bitte setze den Spielpfad (im Ordner sollte Fallout76.exe sein).</Messagebox>
    <Messagebox title="7-Zip fehlt" id="7ZipMissing">.\7z\7z.exe fehlt.
Versuche das Tool neuzuinstallieren oder 7-Zip manuell zu kopieren.</Messagebox>
    <Messagebox title="Juhu!" id="modsNoConflictingFiles">Keine Konflikte gefunden!</Messagebox>
    <Messagebox title="Manuell installiere Mods importieren?" id="modsImportQuestion">Bist du sicher, dass du Mods importieren möchtest, die außerhalb des Mod-Managers installiert wurden?</Messagebox>
    <Messagebox title="Möchtest du die gebündelten Archive erneut verpacken?" id="modsRepackFrozenBundledArchives">Es sind gefrorene, gebündelte Archive verfügbar. Möchtest du sie auf's Neue verpacken?

   Ja - Ich habe meine Modliste geändert und würde sie gerne erneut verpacken. (langsam)

   Nein - Ich habe keine Veränderungen gemacht, bitte benutze die gefrorenen Archive. (schnell)</Messagebox>
    <Messagebox title="Archive2 konnte ein Archiv nicht packen / extrahieren" id="archive2Error">Archive2 schlug aus einem unbekannten Grund fehl.
Bitte überprüfe die Logdateien für mehr Details.</Messagebox>
    <Messagebox title="Archive2 konnte ein Archiv nicht packen / extrahieren" id="archive2InstallRequirements">Stelle bitte sicher, dass du 'Visual C++ Redistributable für Visual Studio 2012 Update 4' auf dem PC installiert hast.
Du kannst einen Link auf der NexusMods-Seite finden.</Messagebox>
    <Messagebox title="Dateiformat wird nicht unterstützt" id="modsArchiveTypeNotSupported">{0}-Dateien werden nicht unterstützt.
Bitte extrahiere das Archiv manuell und füge es als Ordner hinzu.</Messagebox>
    <Messagebox title="Alte Version erkannt" id="modsLegacyFormatDetected">Es scheint, als hättest du Mods schon einmal verwaltet, aber mit einer Version älter als v1.9.0.
Wie Mods verwaltet und gespeichert werden, hat sich erheblich geändert.
Daher müssen sie in das neue Format konvertiert werden.

HINWEIS: Dadurch werden Archive "aufgetaut". Nachdem alle Mods konvertiert wurden, könnten sie je nach Anzahl der eingefrorenen Mods mehr Speicherplatz beanspruchen. Ein Downgrade ist weiterhin möglich, aber einige Mods werden möglicherweise falsch geladen.

Möchtest du sie jetzt konvertieren? Das dauert nicht lange. </Messagebox>
    <Messagebox title="Ungültiger Eintrag in manifest.xml" id="modsInvalidManifestEntry">Ein Mod-Eintrag ist ungültig und wurde ignoriert.
Fehler: {0}</Messagebox>
    <Messagebox title="Mod-Informationen aktualisiert" id="nexusModsRemoteInfoRefreshedSuccess">Mod-Informationen aktualisiert and Thumbnails heruntergeladen.</Messagebox>
    <Messagebox title="Alle Mods empfehlen?" id="nexusModsEndorseAllQuestion">Hiermit empfehlen Sie alle Mods. Bist du sicher?</Messagebox>
    <Messagebox title="Nicht angemeldet..." id="nexusModsNotLoggedIn">Bitte melde dich mit deinem NexusMods Konto an und versuche es erneut.</Messagebox>
    <Messagebox title="{0} löschen?" id="deleteQuestion">Das wird '{0}' löschen. Bist du sicher?</Messagebox>
    <Messagebox title="{0} Dateien löschen?" id="deleteMultipleQuestion">Das wird {0} Dateien löschen. Bist du sicher?</Messagebox>
    <Messagebox title="Fehlgeschlagen" id="failed">{0}</Messagebox>
    <Messagebox title="Fertiggestellt" id="done">{0}</Messagebox>
    <Messagebox title="Bist du sicher?" id="areYouSure">{0}</Messagebox>
    <Messagebox title="*.ini Dateien konnten nicht gelesen werden." id="iniParsingError">Mindestens eines der *.ini Dateien ist beschädigt oder enthält einen Syntaxfehler.

Du könntest:
    -&gt; die Fehlermeldung lesen und den Fehler beheben, oder
    -&gt; die ungültige *.ini Datei löschen, Fallout 76 erneut starten, um eine neue, gültige Datei zu generieren
    -&gt; und es dann noch einmal versuchen.

FEHLERMELDUNG:
{0}</Messagebox>
    <Messagebox title="Backup erstellen und speichern" id="backupAndSave">Möchtest du ein Backup machen bevor deine Änderungen gespeichert werden?

    Drücke "Ja", um ein Backup zu erstellen und zu speichern.
    Drücke "Nein", um ohne Backup zu speichern.
    Drücke "Abbrechen", um abzubrechen.</Messagebox>
    <Messagebox title="Spieledition nicht gewählt." id="chooseGameEdition">Bitte wähle deine Spieledition im "Einstellungen"-Tab aus.</Messagebox>
    <Messagebox title="Fallout76.ini und Fallout76Prefs.ini konnten nicht gefunden werden." id="runGameToGenerateINI">Bitte starte das Spiel bevor du dieses Tool benutzt.
Das Spiel wird daraufhin alle benötigten *.ini Dateien erstellen.</Messagebox>
    <Messagebox title="Fertig" id="oldValuesResetToDefault">Einige Werte wurden zurückgesetzt.
Nur instabile Werte aus früheren Versionen sind betroffen.
Vergiss nicht auf "Anwenden" zu drücken.</Messagebox>
    <Messagebox title="Fehler" id="onLoadFuncException">{0} Ausnahme(n) sind aufgetreten, während die UI geladen wurde.
Das kann durch beschädigte *.ini Dateien verursacht worden sein.
Einige UI-Elemente könnten unter Umständen nicht korrekt funktionieren.

{1}</Messagebox>
    <Messagebox title="Ungültige *.ini Werte gefunden" id="iniValuesInvalid">{0} *.ini Wert(e) sind ungültig:

{1}</Messagebox>
    <Messagebox title="Fehlgeschlagen" id="downloadLanguagesFailed">Das Herunterladen von Sprachen ist fehlgeschlagen.
{0}</Messagebox>
    <Messagebox title="Möchten Sie wechseln?" id="msstoreRestartRequired">Das Wechseln von und zur Microsoft Store Edition erfordert einen Neustart des Tools.</Messagebox>
    <Messagebox title="Spiel konnte nicht gestartet werden: {0}" id="msstoreRunExecutableFailed">Leider kann die Spiel aufgrund von "Sicherheitseinschränkungen" nicht direkt gestartet werden. Danke Microsoft, wir freuen uns. :(</Messagebox>
    <Messagebox title="Deine *.ini Tweaks konnten nicht hinzugefügt werden" id="customIniFilesParsingError">Mindestens eines der benutzerdefinierten *.ini Dateien enthält einen Fehler.
{0}</Messagebox>
    <Messagebox title="Bildschirmauflösung ist möglicherweise zu gering" id="displayResolutionTooLow">Deine Bildschirmauflösung wird nicht unterstützt.
Die Fenster könnten zu groß sein, um auf den Bildschirm zu passen.
Deine Auflösung: {0}
Mindestauflösung: {1}
Empfohlene Auflösung: 1920 x 1080</Messagebox>
    <Messagebox title="Neustart erforderlich" id="restartRequired">Ein Neustart des Tools ist erforderlich um die Änderungen, damit die Änderungen wirksam werden.
Bist du sicher, dass du diese Option jetzt ändern möchtest?</Messagebox>
    <Messagebox title="Mod {0} konnte nicht installiert werden." id="modsDeployErrorModDirNotFound">Der Ordner {0} existiert nicht.
Bitte starte den Mod-Manager neu und füge die Mod erneut hinzu.</Messagebox>
    <Messagebox title="Mod {0} konnte nicht installiert werden." id="modsDeployErrorBA2RootIsNotData">Der Installationsordner muss auf ".\Data" gesetzt werden, wenn die Mod als *.ba2 Archiv installiert werden soll.
Bitte ändere die "Installiere nach" Option und versuche es erneut.</Messagebox>
    <Messagebox title="Bist du sicher?" id="modsDeleteBtn">Bist du sicher, dass du {0} löschen möchtest?</Messagebox>
    <Messagebox title="Bist du sicher?" id="modsDeleteBulkBtn">Bist du sicher, dass du {0} Mods löschen möchtest?</Messagebox>
    <Messagebox title="Archiv konnte nicht extrahiert werden" id="modsExtractUnknownError">{0}</Messagebox>
    <Messagebox title="Archiv konnte nicht extrahiert werden" id="modsExtractUnknownErrorText">Bitte extrahiere das Archiv manuell und füge es als Ordner hinzu.</Messagebox>
    <Messagebox title="7-Zip Archiv konnte nicht extrahiert werden." id="modsExtractUnknownError7zip">{0}</Messagebox>
    <Messagebox title="Übernehmen von Änderungen notwendig" id="modsDeploymentNecessary">Um diese Aktion durchzuführen müssen die Änderungen übernommen werden.</Messagebox>
    <Messagebox title="Bist du sicher?" id="modsOnCloseDeploymentNecessary">Es wurden noch nicht alle Änderungen übernommen.
Möchtest du wirklich den Mod-Manager schließen?</Messagebox>
    <Messagebox title="Modordner existiert nicht." id="modDirNotExist">Der Pfad {0} existiert nicht.
Der Modordner wurde entfernt ohne den Eintrag aus dem Manifest zu entfernen.</Messagebox>
    <Messagebox title="Ungültiger Eintrag in manifest.xml" id="modsInvalidManifestRoot">Das &lt;Mods&gt;-Tag hat ungültige Attribute.
Fehler: {0}</Messagebox>
    <Messagebox title="Gleiche Archivnamen" id="modsSameArchiveName">Einige Mods haben den selben Archivnamen: "{0}".
Modname mit gleichem Archivnamen: {1}</Messagebox>
    <Messagebox title="Konnte Modorder nicht umbenennen" id="modDetailsMoveManagedFolderFailed">Modordner konnte nicht umbenannt werden.
Fehlermeldung: "{0}".</Messagebox>
    <Messagebox title="Bist du sicher?" id="modsRepairDDSQuestion">Dies wird versuchen alle *.dds Dateien zu reparieren.
Das kann lange dauern, abhängig von Dateigröße und Anzahl an Dateien.
Möchtest du fortfahren?</Messagebox>
    <Messagebox title="Fertig" id="modsRepairDDSDone">*.dds Dateien wurden repariert.</Messagebox>
    <Messagebox title="Zugriff verweigert" id="modsAccessDenied">{0}
Starte das Tool als Administrator und versuche es erneut.</Messagebox>
    <Messagebox title="Mods sind noch installiert" id="nwModeEnabledButModsAreDeployed">Du hast den Nuclear Winter Modus aktiviert, aber deine Mods sind noch installiert.
Möchtest du sie jetzt deinstallieren?</Messagebox>
    <Messagebox title="Möchtest du deine Mods wieder installieren?" id="nwModeDisabledAndModsAreStillDisabled">Du hast den Nuclear Winter Modus deaktiviert, aber deine Mods wurden dadurch nicht reaktiviert.
Möchtest du sie jetzt wieder installieren?</Messagebox>
    <Messagebox title="Fehlgeschlagen" id="nexusModsProfileRefreshFailed">Dein Profil konnte nicht aktualisiert werden:
{0}</Messagebox>
    <Messagebox title="Bist du sicher?" id="nexusModsDeleteThumbnails">Möchtest du wirklich alle Thumbnails löschen?</Messagebox>
    <Messagebox title="Fertig" id="nexusModsDeleteThumbnailsSuccess">Thumbnails gelöscht.</Messagebox>
    <Messagebox title="Etwas ist schief gelaufen" id="nexusModsDeleteThumbnailsFailed">Thumbnails konnten nicht gelöscht werden.
Versuche es später nochmal.</Messagebox>
    <Messagebox title="Bist du sicher?" id="nexusModsRemoveProfile">Möchtest du wirklich dein Profil aus dem Modmanager entfernen?</Messagebox>
    <Messagebox title="Fertig" id="nexusModsRemoveProfileSuccess">Profile entfernt.</Messagebox>
    <Messagebox title="Bist du sicher?" id="nexusModsRemoveRemoteInfo">Möchtest du wirklich alle Modinformationen entfernen?</Messagebox>
    <Messagebox title="Fertig" id="nexusModsRemoveRemoteInfoSuccess">Modinformationen entfernt.</Messagebox>
    <Messagebox title="Archive2 nicht installiert" id="modsArchive2NotSet">Bitte lade Archive2 runter und setze den Pfad, um *.ba2 Archive zu extrahieren.</Messagebox>
    <Messagebox title="Ungültiger Pfad" id="modsArchive2Invalid">Ungültiger Pfad zu Archive2.
Bitte wähle Archive2.exe</Messagebox>
  </Messageboxes>
  <TweakDescriptions>
    <!--
        Descriptions
        ******************************************************************************************************************************************************
        These are the descriptions of almost all tweaks.
        They appear in tool tips, when the user hovers over a tweak with the mouse cursor.
    -->
    <Description id="Fo76ini.Tweaks.General.EnableSteamTweak">(De)aktiviert die Steam-Integration. Deaktiviere es, um dein Bethesda.net Konto zu benutzen.</Description>
    <Description id="Fo76ini.Tweaks.General.AutoSigninTweak">Wenn aktiv, wird die Anmeldeaufforderung übersprungen, wenn du die Anmeldedaten eingegeben hast.</Description>
    <Description id="Fo76ini.Tweaks.General.IntroVideoTweak">Wenn diese Option aktiviert ist, wird das Spiel gestartet, ohne dass das Bethesda-Logo-Video angezeigt wird. </Description>
    <Description id="Fo76ini.Tweaks.General.SkipStartupSplash">Wenn aktiviert, stört dich das Spiel beim Start nicht mit Neuigkeiten. </Description>
    <Description id="Fo76ini.Tweaks.General.FasterFadeInTweak">Nach dem Laden in eine Welt oder schnellem Reisen spielt das Spiel eine Animation ab / blendet von Schwarz ein
was dich auch für eine Weile daran hindert, dich zu bewegen. Dieser Tweak beschleunigt die Animation.
Credits gehen an u/LinuxVersion von reddit.

⚠️ Sind die Werte zu niedrig oder 0, bleibt das Spiel nach dem Laden in einem Schwarzbild hängen.
(Vom Tweak verwendete Werte: fFadeToBlackFadeSeconds=0.2000 und fMinSecondsForLoadFadeIn=0.3000)</Description>
    <Description id="Fo76ini.Tweaks.Interface.AutoTrackQuestWhenStartedTweak+Main">Wenn aktiviert, werden neu hinzugefügte Hauptquests automatisch verfolgt.</Description>
    <Description id="Fo76ini.Tweaks.Interface.AutoTrackQuestWhenStartedTweak+Side">Wenn aktiviert, werden neu hinzugefügte Nebenquests automatisch verfolgt. </Description>
    <Description id="Fo76ini.Tweaks.Interface.AutoTrackQuestWhenStartedTweak+Misc">Wenn aktiviert, werden neu hinzugefügte "Verschiedene" Quests automatisch verfolgt.</Description>
    <Description id="Fo76ini.Tweaks.Interface.AutoTrackQuestWhenStartedTweak+Event">Wenn aktiviert, werden neu hinzugefügte Eventquests automatisch verfolgt.</Description>
    <Description id="Fo76ini.Tweaks.Interface.AutoTrackQuestWhenStartedTweak+Other">Wenn aktiviert, werden neu hinzugefügte tägliche Quests automatisch verfolgt.</Description>
    <Description id="Fo76ini.Tweaks.Video.DisplaySizeTweak">Bildschirmauflösung</Description>
    <Description id="Fo76ini.Tweaks.Video.DisplayModeTweak">Ändert den Anzeigemodus.

• Vollbild: Echter Vollbildmodus (beste Leistung)
• Fenster: Startet das Spiel in einem Fenster mit Rahmen (auch bekannt als Fensterdekoration).
• Randloses Fenster: Ermöglicht das problemlose Drücken von Alt + Tab. Achte jedoch darauf, dass die Auflösung mit der Auflösung deines Displays übereinstimmt. (Standard)
• Randloses Fenster (Vollbild): Wie "Randloses Fenster", jedoch wird das Fenster so maximiert, dass es zu deiner Auflösung passt.
Das sieht pixelig aus, wenn die Auflösung niedriger als deine Anzeige ist, da Nearest Neighbour verwendet wird, um sie zu skalieren.</Description>
    <Description id="Fo76ini.Tweaks.Video.PresentIntervalTweak">Durch Deaktivieren dieser Option wird die Frameratebegrenzung aufgehoben.

• Aktiviere diese Option, wenn Screen Tearing auftritt.
• Deaktiviere diese Option, wenn Input Lag auftritt.

⚠️ Auch wenn es aktiviert ist, wird Screen Tearing möglicherweise NICHT entfernt.
⚠️ Wenn es deaktiviert ist, wird generell empfohlen, das Spiel manuell auf 60 FPS zu begrenzen. (z.B. unter Verwendung der NVIDIA-Systemsteuerung)

ℹ️ Die unbegrenzte Bildrate sollte die Physik nicht wie bei älteren Titeln durcheinander bringen,
da dies von Bethesda vor einiger Zeit (denke im Jahr 2018) behoben wurde.
Es wird jedoch empfohlen, den Wert dennoch auf 60 zu begrenzen. </Description>
    <Description id="Fo76ini.Tweaks.Video.TopMostWindowTweak">Wenn aktiv, bleibt das Spielfenster im Vordergrund.
⚠️ Alt + Tab wird nicht mehr funktionieren, wenn du nur einen Monitor hast. </Description>
    <Description id="Fo76ini.Tweaks.Interface.FixHUD4to3RatioTweak">Behebt verstecktes / verzerrtes
  • Schlösserknacken Menu und
  • Power Armor HUD
für Bildschirme mit 5:4 und 4:3 Seitenverhältnis.

⚠️ Größstenteils ungetestet.</Description>
    <Description id="Fo76ini.Tweaks.Graphics.AntiAliasingTweak">Glättet Kanten von Objekten.

• TAA - Temporales Anti-Aliasing: Relativ Hardware-hungrig, kann Artefakte einführen, Standard
• Aus - Verbessert die Leistung, aber verschlechtert die visuelle Qualität

⚠️ FXAA funktioniert nicht. Das Spiel deaktiviert stattdessen einfach AA ganz. </Description>
    <Description id="Fo76ini.Tweaks.Graphics.AnisotropicFilteringTweak">Reduziert das Aliasing von Texturen aus schrägen Winkeln.</Description>
    <Description id="Fo76ini.Tweaks.Graphics.DepthOfFieldTweak">Wenn deaktiviert, werden alle Schärfentiefe-Effekte deaktiviert.</Description>
    <Description id="Fo76ini.Tweaks.Graphics.MotionBlurTweakRev1">Scheint nichts zu tun.</Description>
    <Description id="Fo76ini.Tweaks.Graphics.RadialBlurTweakRev1">Trübt den Bildschirm, wenn der Spieler verletzt ist (z. B. von Kugeln oder Explosionen getroffen) oder unter Wasser ist.</Description>
    <Description id="Fo76ini.Tweaks.Graphics.AmbientOcclusionTweak">Aktivert/deaktiviert Schatten in Ecken oder wo Objekte den Boden berühren.</Description>
    <Description id="Fo76ini.Tweaks.Graphics.ScreenSpaceReflectionsTweakRev1">Stellt Reflexionen auf glänzenden Oberflächen wie Wasser, Pfützen und metallischen Objekten dar.
(Verursachte in früheren Versionen schwarzes Wasser, ist aber jetzt sicher)</Description>
    <Description id="Fo76ini.Tweaks.Graphics.WaterDisplacementsTweak">Aktiviert / deaktiviert die Wasserverdrängung (Wellen).</Description>
    <Description id="Fo76ini.Tweaks.Graphics.WaterRefractionsTweak">Not sure if it does anything.</Description>
    <Description id="Fo76ini.Tweaks.Graphics.WaterReflectionsTweak">Doesn't work like you'd expect. Disable SSR instead.
⚠️ Might turn (distant) water invisible.</Description>
    <Description id="Fo76ini.Tweaks.Graphics.WaterHiResTweak">Might fix black water issue if enabled.</Description>
    <Description id="Fo76ini.Tweaks.Graphics.WaterFixSSRGlitchTweak">Sometimes, disabling Screen Space Reflections results in pitch black, milk white, or even invisible water.
This option attempts to fix that.</Description>
    <Description id="Fo76ini.Tweaks.Graphics.VolumetricLightingTweak">Sichtbare Lichtstrahlen z.B. durch Baumwipfel oder Gebäudekanten</Description>
    <Description id="Fo76ini.Tweaks.Graphics.DisableAllGoreTweakRev1">Keine Blutpartikeleffekte mehr wenn man Gegner anschießt</Description>
    <Description id="Fo76ini.Tweaks.Graphics.Effects.BloodSplatterEnabledTweak">Aktiviert Blutspritzer auf dem Bildschirm/HUD</Description>
    <Description id="Fo76ini.Tweaks.Graphics.ShadowMapResolutionTweak">Auflösung von Schatten. Höhere Einstellungen machen Schatten detaillierter.</Description>
    <Description id="Fo76ini.Tweaks.Graphics.ShadowBlurrinessTweak">Macht Schatten verschwommen. Besonders nützlich bei einer niedrigeren Schattenauflösung.

3 = verschwommen (Standard)
2 = weniger verschwommen (empfohlen bei hoher Schattenauflösung)
1 = Pixel deutlich erkennbar</Description>
    <Description id="Fo76ini.Tweaks.Graphics.ShadowDistanceTweak">Legt den Abstand fest, in dem Schatten gerendert werden.
   ⇨ Ultra ist 150000
   ⇨ Hoch ist 120000
   ⇨ Mittel ist 90000
   ⇨ Niedrig ist 60000 </Description>
    <Description id="Fo76ini.Tweaks.Graphics.TAAPostOverlayTweakRev1">Deckkraft des geschärften Bilds nach TAA. Das Erhöhen dieses Werts erhöht die Sichtbarkeit des geschärften Bilds über dem verschwommenen.
ℹ️ Eine zu starke Erhöhung dieses Werts verursacht ein Flackern auf dem Bildschirm.
Standard: 0.21</Description>
    <Description id="Fo76ini.Tweaks.Graphics.TAAPostSharpenTweakRev1">Stärke des Schärfungseffekts nach TAA.
ℹ️ Eine zu starke Erhöhung dieses Werts verursacht ein Flackern auf dem Bildschirm.
Standard: 0.21
Empfohlen: 0.4</Description>
    <Description id="Fo76ini.Tweaks.Graphics.GrassFadeDistanceTweak">Legt den Abstand fest, bei dem das Gras verschwindet.
   ⇨ Ultra ist 7000
   ⇨ Hoch ist 5500
   ⇨ Mittel ist 4500 </Description>
    <Description id="Fo76ini.Tweaks.Audio.EnableAudioTweak">Wenn deaktiviert, ist das Spiel vollständig stumm.</Description>
    <Description id="Fo76ini.Tweaks.Audio.PlayMainMenuMusicTweak">Wenn deaktiviert, spielt das Spiel im Hauptmenü keine Hintergrundmusik ab. </Description>
    <Description id="Fo76ini.Tweaks.Volume.AudioMenuValTweak+fVal0">Ändert die Lautstärke der 'Menümusik'</Description>
    <Description id="Fo76ini.Tweaks.Volume.AudioMenuValTweak+fVal1">Ändert die Lautstärke der 'Weltradios'</Description>
    <Description id="Fo76ini.Tweaks.Volume.AudioMenuValTweak+fVal2">Ändert die Lautstärke der 'Stimmen'</Description>
    <Description id="Fo76ini.Tweaks.Volume.AudioMenuValTweak+fVal3">Ändert die Lautstärke der 'Musik'</Description>
    <Description id="Fo76ini.Tweaks.Volume.AudioMenuValTweak+fVal4">Ändert die Lautstärke der 'Effekte'</Description>
    <Description id="Fo76ini.Tweaks.Volume.AudioMenuValTweak+fVal5">Ändert die Lautstärke der 'Fußschritte'</Description>
    <Description id="Fo76ini.Tweaks.Volume.AudioMenuValTweak+fVal6">Ändert die Lautstärke des 'Pip-Boy Radios'</Description>
    <Description id="Fo76ini.Tweaks.Controls.FixMouseSensitivityTweak">Wenn diese Option aktiviert ist, ist die Empfindlichkeit für das Schauen nach oben / unten und links / rechts gleich.
Wenn deaktiviert (Standard), ist die Empfindlichkeit für das Schauen nach links / rechts wahrscheinlich höher als nach oben / unten.

• Aktiviere diese Option, wenn du Maus &amp; Tastatur verwendest.
• Deaktiviere diese Option, wenn du ein Controller verwendest.

⚠️ Wenn diese Option aktiviert ist, kann sich die Mausempfindlichkeit erhöhen. Verringere die Cursorgeschwindigkeit oder die DPI der Maus.

ℹ️ Die vertikale Empfindlichkeit hängt vom Seitenverhältnis deines Bildschirms ab:
       ⇨ Für 4:3 beträgt der Wert von Y 0,028
       ⇨ Für 16:9 beträgt der Wert von Y 0,03738
       ⇨ Für 16:10 beträgt der Wert von Y 0,0336
       ⇨ Für 21:9 beträgt der Wert von Y 0,042
       ⇨ Für alle anderen Seitenverhältnisse entspricht der Wert von Y dem 0,021-fachen des Seitenverhältnisses. (YScale = 0,021 * Breite / Höhe) </Description>
    <Description id="Fo76ini.Tweaks.Controls.FixAimSensitivityTweak">Wenn diese Option aktiviert ist, ändert sich die Empfindlichkeit nicht, wenn man zielt.
Wenn deaktiviert (Standardeinstellung), wird die Empfindlichkeit beim Zielen verringert.

⚠️ Dies funktioniert möglicherweise nur auf 16:9-Monitoren.
⚠️ Dies funktioniert möglicherweise nicht, wenn man geduckt ist.</Description>
    <Description id="Fo76ini.Tweaks.Controls.GamepadEnableTweak">Deaktiviere diese Option, wenn du ein Controller angeschlossen hast, aber lieber stattdessen Maus und Tastatur verwenden möchtest.</Description>
    <Description id="Fo76ini.Tweaks.Camera.ApplyCameraNodeAnimationsTweak">Wenn deaktiviert, wird die Kameraposition auf die Position vom Kopf des Charakters festgelegt.
Du musst in rauszoomen, wenn du in 3rd-Person spielst.
Wenn aktiviert, wird die Kameraposition hinter der rechten Schulter festgelegt.

⚠️ Kann Probleme verursachen, wenn deaktiviert. </Description>
    <Description id="Fo76ini.Tweaks.Camera.SelfieModeRangeTweak">Bei welcher Entfernung dich das Spiel davon abhält, dich im Fotomodus von deinem Charakter zu entfernen.
Standard: 500</Description>
    <Description id="Fo76ini.Tweaks.Camera.SelfieCameraTranslationSpeedTweak">Wie schnell sich die Kamera im Fotomodus bewegt.
Standard: 2.5</Description>
    <Description id="Fo76ini.Tweaks.Camera.SelfieCameraRotationSpeedTweak">Wie schnell sich die Kamera im Fotomodus dreht.
Standard: 1.5</Description>
    <Description id="Fo76ini.Tweaks.Camera.DisableAutoVanityModeTweak">Wenn diese Option aktiviert ist, dreht sich die Kamera um den Charakter, nachdem für eine bestimmte Zeit nichts gedrückt wurde.
⚠️ Ich bin mir nicht sicher, ob es etwas bringt. Ich stand 5 Minuten herum und die Kamera drehte sich nicht. Braucht mehr Tests. </Description>
    <Description id="Fo76ini.Tweaks.Camera.FOV3rdADSTweak">Ändert das Sichtfeld der 3rd-Person Perspektive während des Zielens. </Description>
    <Description id="Fo76ini.Tweaks.Camera.FieldOfViewTweak">Ändert das Sichtfeld der 1. und 3. Perspektive.
Das ist derselbe Wert aus der FOV-Einstellung im Spiel.</Description>
    <Description id="Fo76ini.Tweaks.Camera.VanityModeMinDistTweak">Um wie viel man in der 3rd-Person-Ansicht hineinzoomen kann
Standard: 0</Description>
    <Description id="Fo76ini.Tweaks.Camera.VanityModeMaxDistTweak">Um wie viel man in der 3rd-Person-Ansicht herauszoomen kann
Standard: 150</Description>
    <Description id="Fo76ini.Tweaks.Camera.PitchZoomOutMaxDistTweak">Um wie viel wird die Kamera herausgezoomt, wenn Sie in der 3. Person auf den Boden schauen.</Description>
    <Description id="Fo76ini.Tweaks.Colors.PipboyColorTweak">Ändert die Farbe des Pipboys</Description>
    <Description id="Fo76ini.Tweaks.Colors.QuickboyColorTweak">Ändert die Farbe des Quickboys</Description>
    <Description id="Fo76ini.Tweaks.Colors.PowerArmorPipboyColorTweak">Ändert die Farbe des Power Armor Quickboys</Description>
    <Description id="Fo76ini.Tweaks.General.ScreenshotIndexTweak">Wenn du im Spiel Screenshots mit der "Drucken"-Taste machst,
werden sie im Spielverzeichnis als "ScreenShotX.png" abgelegt.
Das "X" ist hier der Screenshot-Index. </Description>
    <Description id="Fo76ini.Tweaks.Inis.INIReadOnlyTweak">Diese Option macht alle *.ini-Dateien sofort schreibgeschützt.
Aktiviere diese Option, wenn die Einstellungen vom Spiel zurückgesetzt werden.</Description>
    <Description id="Fo76ini.Tweaks.Config.AutoApplyTweak">Du müsst nicht mehr auf Übernehmen klicken.</Description>
    <Description id="Fo76ini.Tweaks.Config.IgnoreUpdatesTweak">Wird beim Start nicht nach Updates suchen und versteckt den großen Update-Knopf.</Description>
    <Description id="Fo76ini.Tweaks.Config.PlayNotificationSoundsTweak">Wenn aktiviert, spielt das Tool Benachrichtigungstöne ab.</Description>
    <Description id="Fo76ini.Tweaks.Config.ToolQuitOnLaunchTweak">Wenn aktiviert, wird das Tool geschlossen, wenn das Spiel gestartet wird.
Funktioniert jedoch nur, wenn das Spiel über das Tool gestartet wird.</Description>
    <Description id="Fo76ini.Tweaks.NuclearWinterMode.RenameDLLsTweak">Wenn diese Option aktiviert ist, werden alle *.dll-Dateien, die nicht zum Spiel gehören, umbenannt. </Description>
    <Description id="Fo76ini.Tweaks.NuclearWinterMode.DeployModsOnNWModeTweak">Wenn diese Option aktiviert ist, werden Mods installiert, wenn der Nuclear Winter-Modus deaktiviert wird.</Description>
    <Description id="Fo76ini.Tweaks.NuclearWinterMode.RemoveModsOnNWModeTweak">Wenn diese Option aktiviert ist, werden Mods entfernt, wenn der Nuclear Winter-Modus aktiviert wird.</Description>
    <Description id="Fo76ini.Tweaks.Config.ShowWhatsNewTweak">Requires a restart.</Description>
    <Description id="Fo76ini.Tweaks.Config.ArchiveTwoPathTweak">Speichert den Pfad, von dem Archive2 geladen wird.</Description>
    <Description id="Fo76ini.Tweaks.Config.SevenZipPathTweak">Speichert den Pfad, von dem aus 7-Zip geladen wird.</Description>
    <Description id="Fo76ini.Tweaks.Config.DownloadPathTweak">Wenn du Mods mit dem 'Vortex' / 'Mod Manager Download' Knopf auf NexusMods herunterlädst,
wird das Tool die Datei in diesen Ordner speichern.</Description>
    <Description id="Fo76ini.Tweaks.Video.WindowAlwaysActiveTweak">Deaktiviere diese Option, wenn das Spiel pausieren werden soll, wenn sich ein anderes Fenster vor dem Spiel befindet. </Description>
    <Description id="Fo76ini.Tweaks.Graphics.EnableDepthOfFieldTweak">Durch Deaktivieren dieser Option werden alle Tiefenschärfeeffekte deaktiviert.</Description>
    <Description id="Fo76ini.Tweaks.Graphics.RadialBlurTweak">Macht den Bildschirm verschwommen, wenn der Spieler verletzt ist (z.B. wenn man von Kugeln getroffen wird) oder unter Wasser.
⚠️ Wenn deaktiviert, kann dies zu einer klaren Sicht unter Wasser führen.</Description>
    <Description id="Fo76ini.Tweaks.Graphics.DirShadowSplitsTweak">Anzahl der "Segmente" von Schatten mit niedrigerer Auflösung in einiger Entfernung.
Ein Wert von 1 zwingt das Spiel, nur die Schatten mit der niedrigsten Auflösung zu rendern. </Description>
    <Description id="Fo76ini.Tweaks.Graphics.BlendSplitDirShadowTweak">Entfernung, in der das Spiel zu einem Schatten- "Segment" mit niedrigerer Auflösung übergeht.
MUSS ein Vielfaches von 12 sein. </Description>
    <Description id="Fo76ini.Tweaks.Graphics.TAAPostOverlayTweak">Schärft das Bild.
Standard: 0.21</Description>
    <Description id="Fo76ini.Tweaks.Graphics.TAAPostSharpenTweak">Schärft das Bild.
Standard: 0.21
Empfohlen: 0.4</Description>
    <Description id="Fo76ini.Tweaks.Graphics.ScreenSpaceReflectionsTweak">Aktiviert / deaktiviert die Reflexionen des Bildschirmbereichs.
Lässt Wasser verschwinden oder macht es pechschwarz!</Description>
    <Description id="Fo76ini.Tweaks.Controls.MouseAccelerationTweak">ℹ️ Diese Option tut möglicherweise nichts.</Description>
    <Description id="Fo76ini.Tweaks.Camera.FOV3rdPersonTweak">Changes the Field of View of the 1st and 3rd person perspective.
This is the same value from the in-game FOV setting.</Description>
    <Description id="Fo76ini.Tweaks.Camera.DefaultFOVTweak">⚠️ Verursacht Probleme mit der GUI.</Description>
    <Description id="Fo76ini.Tweaks.NuclearWinterMode.ShowNWModeButtonTweak">Wenn diese Option aktiviert ist, wird die Schaltfläche Nuclear Winter / Adventure-Modus im Hauptfenster angezeigt, sodass man immer noch den veralteten NW-Modus umschalten kann.</Description>
    <Description id="Fo76ini.Tweaks.Graphics.BloomTweak">Funktioniert nicht. Verursacht seltsame Beleuchtung in Dialogen.</Description>
    <Description id="Fo76ini.Tweaks.Camera.FOV1stPersonTweak">Viewmodel FOV: affects your hands, gun, Pip-Boy etc.</Description>
  </TweakDescriptions>
  <FormMods title="Mod-Manager">
    <!--
        FormMods
        ******************************************************************************************************************************************************
        Mod-Manager
    -->
    <StatusStrip id="statusStrip1">
      <ToolStripStatusLabel text="Modanzahl:" id="toolStripStatusLabelDescModCount" />
      <ToolStripStatusLabel text="25" id="toolStripStatusLabelModCount" />
      <ToolStripStatusLabel text="Davon aktiv:" id="toolStripStatusLabelDescEnabledCount" />
      <ToolStripStatusLabel text="9" id="toolStripStatusLabelEnabledCount" />
      <ToolStripStatusLabel text=" " id="toolStripStatusLabelSpacer" />
      <ToolStripStatusLabel text="Übernehmen von Änderungen notwendig" id="toolStripStatusLabelDeploymentStatus" />
    </StatusStrip>
    <Panel id="panel1">
      <Button text="Änderungen anwenden" id="buttonModsDeploy" />
      <CheckBox text="Mods deaktivieren" id="checkBoxDisableMods" />
    </Panel>
    <TabControl id="tabControl1">
      <TabPage text="Modliste" id="tabPageModOrder">
        <!-- ********** Tab "Modliste" ********** -->
        <Panel id="panelModDetails">
          <Panel id="panelModDetailsHeader">
            <Button id="buttonModAbstain">
              <Tooltip>Sich von einer Empfehlung enthalten.</Tooltip>
            </Button>
            <Button id="buttonModEndorse">
              <Tooltip>Die Mod empfehlen.</Tooltip>
            </Button>
            <CheckBox text="Aktiviere diese Mod" id="checkBoxModDetailsEnabled" />
          </Panel>
          <Panel id="panelModDetailsInner">
            <GroupBox text="Notizen" id="groupBoxNotes">
              <!-- Group "Notizen" -->
            </GroupBox>
            <GroupBox text="Moddateien hinzufügen / ersetzen" id="groupBoxModReplace">
              <!-- Group "Moddateien hinzufügen / ersetzen" -->
              <Label text="Ziehe Dateien / Ordner per Drag &amp; Drop in das linke Feld, um Dateien hinzuzufügen / zu ersetzen." id="labelModDetailsReplace" />
              <LinkLabel text="Ordnerinhalte löschen" id="linkLabelModDeleteFolderContents" />
              <LinkLabel text="Ordner importieren" id="linkLabelModReplaceFilesWithFolder" />
              <LinkLabel text="Archiv importieren" id="linkLabelModReplaceFilesWithArchive" />
            </GroupBox>
            <GroupBox text="Installationsoptionen" id="groupBoxModDetailsInstallationOptions">
              <!-- Group "Installationsoptionen" -->
              <LinkLabel text="Gefrorenes Archiv ungültig machen" id="linkLabelModInvalidateFrozenArchive" />
              <LinkLabel text="Installationsoptionen automatisch erkennen" id="linkLabelModAutoDetectInstallOptions" />
              <Button text="..." id="buttonModPickRootDir" />
              <Label text="Installieren als:" id="labelModInstallAs" />
              <Label text="Vorgabe:" id="labelModArchivePreset" />
              <CheckBox text="Einfrieren" id="checkBoxFreezeArchive">
                <Tooltip>Wenn du ein Archiv "einfierst", dann wird es beim Anwenden nicht erneut erstellt.
Das beschleunigt die Installtion von Mods.

Das ist insbesondere nützlich, wenn das Archiv RIESIG ist (1GiB oder mehr) und die Dateien sich nicht (oft) ändern.</Tooltip>
              </CheckBox>
              <Label text="Installiere nach:" id="labelModInstallInto" />
              <Button text="Vorschlag" id="buttonModDetailsSuggestArchiveName" />
              <Label text="Archivname:" id="labelModArchiveName" />
            </GroupBox>
            <GroupBox text="Details" id="groupBoxModDetailsDetails">
              <!-- Group "Details" -->
              <Button id="buttonModOpenFolder">
                <Tooltip>Modordner öffnen</Tooltip>
              </Button>
              <Label text="Modordnername:" id="labelModFolderName" />
              <Button id="buttonModOpenPage">
                <Tooltip>Link im Browser öffnen</Tooltip>
              </Button>
              <Panel id="panelModDetailsNexusMods">
                <LinkLabel text="Aktualisiere Version" id="linkLabelModSetLatestVersion" />
                <Label text="Aktuellste Version:" id="labelModLatestVersionDesc" />
                <Label text="Autor:" id="labelModAuthorDesc" />
              </Panel>
              <Label text="Version:" id="labelModVersion" />
              <Label text="Modname:" id="labelModName" />
              <Label text="Webseite (URL):" id="labelModURL" />
            </GroupBox>
          </Panel>
        </Panel>
        <ToolStrip id="toolStrip1">
          <ToolStripButton text="Mod hinzufügen (Archiv)" id="toolStripButtonAddMod" />
          <ToolStripButton text="Mod hinzufügen (Ordner)" id="toolStripButtonAddModFolder" />
          <ToolStripButton text="Alle Mods (de)aktivieren" id="toolStripButtonCheckAll" />
          <ToolStripButton text="Eins rauf" id="toolStripButtonMoveUp" />
          <ToolStripButton text="Eins runter" id="toolStripButtonMoveDown" />
          <ToolStripButton text="Modordner öffnen" id="toolStripButtonModOpenFolder" />
          <ToolStripButton text="Mod(s) einfrieren" id="toolStripButtonFreeze" />
          <ToolStripButton text="Mod(s) auftauen" id="toolStripButtonModUnfreeze" />
          <ToolStripButton text="Mod(s) löschen" id="toolStripButtonDeleteMod" />
        </ToolStrip>
        <ObjectListView id="objectListViewMods">
          <Column></Column>
          <Column>Modname &amp; -info</Column>
          <Column>Status</Column>
          <Column>Installation</Column>
        </ObjectListView>
      </TabPage>
      <TabPage text="Einstellungen" id="tabPageModsSettings">
        <!-- ********** Tab "Einstellungen" ********** -->
        <GroupBox text="Oberfläche" id="groupBoxModsInterface">
          <!-- Group "Oberfläche" -->
          <Label text="Layout-Stil:" id="labelModListStyle" />
          <RadioButton text="Kompakt, aber mehr Spalten (alte Liste)" id="radioButtonModsUseAlternativeList" />
          <RadioButton text="Standard, kombinierte Spalten (neue Liste, Standard)" id="radioButtonModsUseStandardList" />
          <CheckBox text="Zeige den Mod-Titel von der NexusMods-Seite an, falls verfügbar." id="checkBoxModsUseRemoteModNames">
            <Tooltip>Wenn aktiviert: Zeigt den Titel des Mods so an, wie er auf NexusMods ist.
Wenn nicht aktiviert: Zeigt den Titel des Mods so an, wie es in die Seitenleiste eingegeben wurde.
Das ist Geschmackssache.</Tooltip>
          </CheckBox>
        </GroupBox>
        <GroupBox text="Verhalten" id="groupBoxModsBehavior">
          <!-- Group "Verhalten" -->
          <Label text="Beachte: Diese Einstellungen treten erst in Kraft, nachdem die Änderungen angewendet wurden." id="labelBehaviorNote" />
          <Panel id="panelBundledLoadOrder">
            <Label text="Wo sollen gebündelte Archive in der Ladereihenfolge platziert werden?" id="labelBundledLoadOrder" />
            <RadioButton text="Als Erstes in der Liste (Standard)" id="radioButtonBundledFirstinLO">
              <Tooltip>Gebündelte Archive werden als Erstes in der Ladereihenfolge erscheinen.</Tooltip>
            </RadioButton>
            <RadioButton text="Als Letztes in der Liste" id="radioButtonBundledLastinLO">
              <Tooltip>Gebündelte Archive werden als Letztes in der Ladereihenfolge erscheinen.</Tooltip>
            </RadioButton>
          </Panel>
          <Panel id="panelDeployMethod">
            <Label text="Wie sollen Dateien kopiert werden?" id="labelDeployMethod" />
            <RadioButton text="Harte Verknüpfungen erstellen (empfohlen)" id="radioButtonModsUseHardlinks">
              <Tooltip>Erstellt harte Verknüpfungen, anstatt Dateien zu kopieren.
Reduziert den Speicherplatz und die benötigte Zeit zur Installation von Mods.

Dies ist die empfohlene Option.</Tooltip>
            </RadioButton>
            <RadioButton text="Symbolische Verknüpfungen erstellen (experimentell, braucht Adminrechte)" id="radioButtonModsUseSymlinks">
              <Tooltip>Erstellt Symbolische Verknüpfungen (auch Softlink genannt), anstatt Dateien zu kopieren.
Reduziert den Speicherplatz und die benötigte Zeit zur Installation von Mods.

Beachte: Das Tool muss mit Administratorrechten ausgeführen werden, um Symlinks zu erstellen!
Wenn nicht, greift das Tool auf das Kopieren von Dateien zurück.

Experimentelle Funktion: Sollte funktionieren, ist aber nicht garantiert.</Tooltip>
            </RadioButton>
            <RadioButton text="Dateien kopieren (am stabilsten)" id="radioButtonModsCopyFiles">
              <Tooltip>Kopiert Dateien und verbraucht daher mehr Speicherplatz.

Hat keine Nebenwirkungen. Verwende diese Option, wenn Probleme auftreten.</Tooltip>
            </RadioButton>
          </Panel>
          <CheckBox text="Friere gebündelte Archive ein (experimentell)" id="checkBoxFreezeBundledArchives">
            <Tooltip>Anstatt gebündelte Archive neu zu erstellen, wird eine gebündelte Kopie gespeichert und du werdst gefragt, ob du sie beim Anwenden aktualisieren möchtest.</Tooltip>
          </CheckBox>
          <CheckBox text="Taue *.ba2 Dateien beim Importieren standardmäßig auf" id="checkBoxAddArchivesAsBundled" />
        </GroupBox>
        <GroupBox text="Listen" id="groupBoxLists">
          <!-- Group "Listen" -->
          <Button text="Zurücksetzen" id="buttonModsResetTextbox" />
          <Button text="Anwenden" id="buttonModsApplyTextBox" />
          <Button text="Liste aufräumen" id="buttonModsCleanList" />
          <Label text="Resourcenliste (getrennt mit Zeilenumbruch):" id="labelsResourceIndexFileList" />
        </GroupBox>
      </TabPage>
    </TabControl>
    <MenuStrip id="menuStrip1">
      <!-- Menu -->
      <ToolStripMenuItem text="Datei" id="fileToolStripMenuItem">
        <ToolStripMenuItem text="Mod hinzufügen" id="addModarchiveToolStripMenuItem">
          <ToolStripMenuItem text="Leere Mod" id="emptyModToolStripMenuItem" />
          <ToolStripMenuItem text="von Archiv" id="fromArchiveToolStripMenuItem" />
          <ToolStripMenuItem text="von *.ba2 Archiv (eingefroren)" id="fromba2ArchivefrozenToolStripMenuItem" />
          <ToolStripMenuItem text="von Ordner" id="fromFolderToolStripMenuItem" />
        </ToolStripMenuItem>
        <ToolStripMenuItem text="Manuell installierte Mods importieren" id="toolStripMenuItemModsImport" />
        <ToolStripMenuItem text="Speichern" id="saveToolStripMenuItem" />
        <ToolStripMenuItem text="Änderungen anwenden" id="deployToolStripMenuItem" />
      </ToolStripMenuItem>
      <ToolStripMenuItem text="Ansicht" id="editToolStripMenuItem">
        <ToolStripMenuItem text="Modkonflikte zeigen" id="showConflictingFilesToolStripMenuItem" />
        <ToolStripMenuItem text="Nutzeroberfläche neuladen" id="reloadUIToolStripMenuItem" />
      </ToolStripMenuItem>
      <ToolStripMenuItem text="Tools" id="toolsToolStripMenuItem">
        <ToolStripMenuItem text="Archive2" id="archive2ToolStripMenuItem">
          <ToolStripMenuItem text="Archive2 öffnen" id="openArchive2ToolStripMenuItem" />
          <ToolStripMenuItem text="*.ba2 Archiv öffnen" id="exploreba2ArchiveToolStripMenuItem" />
        </ToolStripMenuItem>
        <ToolStripMenuItem text="NexusMods API" id="nexusModsAPIToolStripMenuItem">
          <ToolStripMenuItem text="Modinformationen aktualisieren" id="updateModInformationToolStripMenuItem" />
          <ToolStripMenuItem text="Mods empfehlen" id="endorseModsToolStripMenuItem" />
          <ToolStripMenuItem text="Nach Aktualisierungen suchen" id="checkForUpdatesToolStripMenuItem" />
        </ToolStripMenuItem>
      </ToolStripMenuItem>
      <ToolStripMenuItem text="Hilfe" id="helpToolStripMenuItem">
        <ToolStripMenuItem text="Zeige Guide" id="showGuideToolStripMenuItem" />
        <ToolStripMenuItem text="Logdateien" id="logFilesToolStripMenuItem">
          <ToolStripMenuItem text="Zeige modmanager.log.txt" id="showModmanagerlogtxtToolStripMenuItem" />
          <ToolStripMenuItem text="Zeige archive2.log.txt" id="showArchive2logtxtToolStripMenuItem" />
        </ToolStripMenuItem>
      </ToolStripMenuItem>
    </MenuStrip>
  </FormMods>
  <FormWelcome title="Willkommen">
    <!--
        FormWelcome
        ******************************************************************************************************************************************************
        Willkommen
    -->
    <Label text="» Ich weiß, dass du sehr beschäftigt bist, daher werde ich nicht viel Zeit\n   in Anspruch nehmen. Ich muss nur einige Informationen überprüfen, das ist alles! «\n       – Vault-Tec-Vertreter, Oktober 2077 " id="label4" />
    <Button text="OK" id="buttonOK" />
    <Panel id="panel1">
      <GroupBox text="Spielpfad" id="groupBoxGameLocation">
        <!-- Group "Spielpfad" -->
        <Label text="Du kannst den Spielpfad auslassen, wenn du keine Mods installieren möchtest. " id="label3" />
        <Label text="Wenn du Schwierigkeiten hast, den Spielpfad zu finden:\n\nSteam: C:\\Program Files (x86)\\Steam\\steamapps\\common\\Fallout76\\\nBethesda.net: C:\\Program Files (x86)\\Bethesda.net Launcher\\games\\Fallout76\\\nMicrosoft Store: C:\\Program Files\\ModifiableWindowsApps\\Fallout76\\" id="label2" />
        <Button text="Automatisch erkennen" id="buttonAutoDetect" />
        <Button text="..." id="buttonPickGamePath" />
      </GroupBox>
      <GroupBox text="Spieledition" id="groupBoxGameEdition">
        <!-- Group "Spieledition" -->
        <RadioButton text="Steam (PTS)" id="radioButtonEditionSteamPTS" />
        <RadioButton text="Etwas anderes" id="radioButtonEditionUnknown" />
        <RadioButton text="Xbox" id="radioButtonEditionMSStore" />
        <RadioButton text="Steam" id="radioButtonEditionSteam" />
      </GroupBox>
    </Panel>
    <Label text="Hallo! Es scheint, du hast das Tool zum ersten Mal gestartet!\n" id="label1" />
    <Label text="Willkommen" id="labelTitle" />
  </FormWelcome>
  <Form1 title="Fallout 76 Schnellkonfiguration">
    <!--
        Form1
        ******************************************************************************************************************************************************
        Fallout 76 Schnellkonfiguration
    -->
    <TabControlWithoutHeader id="tabControl1">
      <TabPage text="Home" id="tabPageHome">
        <!-- ********** Tab "Home" ********** -->
        <Panel id="panelUpdate">
          <PictureBoxButton text="Jetzt aktualisieren!" id="pictureBoxButtonUpdate" />
          <LinkLabel text="Oder lade es manuell herunter..." id="linkLabelManualDownloadPage" />
        </Panel>
        <Panel id="panel1">
          <Label text="Willkommen zur Schnellkonfiguration" id="labelWelcome" />
          <Label text="Dieses Tool erlaubt es dir, alles mögliche schnell einzustellen." id="labelDescription" />
          <Label text="Version:" id="labelVersion" />
          <Label text="Autor:" id="labelAuthor" />
          <Label text="Übersetzt von:" id="labelTranslationBy" />
        </Panel>
      </TabPage>
      <TabPage text="Tweaks" id="tabPageTweaks">
        <!-- ********** Tab "Tweaks" ********** -->
        <UserControlTweaks id="userControlTweaks">
          <Label text="Tipp: Fahr mit der Maus über eine Option, um mehr darüber zu lesen, was es tut." id="labelTweaksDesc" />
          <Label text="Konfiguration" id="labelTweaksTitle" />
          <TabControl id="tabControlTweaks">
            <TabPage text="Info" id="tabPageTweaksInfo">
              <!-- ********** Tab "Info" ********** -->
            </TabPage>
            <TabPage text="Allgemein" id="tabPageGeneral">
              <!-- ********** Tab "Allgemein" ********** -->
              <GroupBox text="Spiel" id="groupBoxGameplay">
                <!-- Group "Spiel" -->
                <CheckBox text="Rucksack sichtbar" id="checkBoxBackpackVisible" />
                <Label text="Leichen hervorheben:" id="labelHighlightCorpses" />
              </GroupBox>
              <GroupBox text="Dialog" id="groupBoxDialogue">
                <!-- Group "Dialog" -->
                <Label text="Größe des Gesprächsverlaufs (Anzahl der Zeilen):" id="labelConversationHistorySize" />
                <CheckBox text="Zeige Gesprächsverlauf" id="checkBoxDialogueHistory" />
                <CheckBox text="Dialoguntertitel aktivieren" id="checkBoxDialogueSubtitles" />
                <CheckBox text="Allgemeine Untertitel aktivieren" id="checkBoxGeneralSubtitles" />
              </GroupBox>
              <GroupBox text="HUD" id="groupBoxHUD">
                <!-- Group "HUD" -->
                <GroupBox text="Schwebende Questmarkierungen auf der HUD" id="groupBoxFloatingQuestMarkers">
                  <!-- Group "Schwebende Questmarkierungen auf der HUD" -->
                  <CheckBox text="Schwebende Markierungen zeigen\n" id="checkBoxShowFloatingQuestMarkers" />
                  <CheckBox text="Schwebende Questtexte zeigen" id="checkBoxShowFloatingQuestText" />
                  <Label text="Anzeigeentfernung für schwebende Markierungen" id="labelFloatingQuestMarkersDistance" />
                </GroupBox>
                <CheckBox text="Namen anderer Spieler anzeigen" id="checkBoxShowOtherPlayersNames" />
                <CheckBox text="Benachrichtigungen vom öffentlichen Team aktivieren\n" id="checkBoxShowPublicTeamNotifications" />
                <CheckBox text="Powerrüstungs-HUD aktiveren" id="checkBoxEnablePowerArmorHUD" />
                <CheckBox text="Schwebende Schadenszahlen anzeigen" id="checkBoxShowDamageNumbers" />
                <CheckBox text="Zeige Fadenkreuz" id="checkBoxShowCrosshair" />
                <CheckBox text="Zeige den Kompass an" id="checkBoxShowCompass" />
                <Label text="Aktive Effekte auf der HUD anzeigen:" id="labelShowActiveEffectsOnHUD" />
                <Label text="HUD-Transparenz" id="labelHUDOpacity" />
              </GroupBox>
              <GroupBox text="Ladebildschirm" id="groupBoxLoading">
                <!-- Group "Ladebildschirm" -->
                <CheckBox text="Das Einblenden nach dem Laden beschleunigen" id="checkBoxFasterFadeIn" />
              </GroupBox>
              <GroupBox text="Quests" id="groupBoxQuests">
                <!-- Group "Quests" -->
                <CheckBox text="Tagesquests beim Start aktiv schalten" id="checkBoxEnableQuestAutoTrackDaily" />
                <CheckBox text="Event-Quests beim Start aktiv schalten" id="checkBoxEnableQuestAutoTrackEvent" />
                <CheckBox text="Sonstige Quests beim Start aktiv schalten" id="checkBoxEnableQuestAutoTrackMisc" />
                <CheckBox text="Nebenquests beim Start aktiv schalten" id="checkBoxEnableQuestAutoTrackSide" />
                <CheckBox text="Hauptquests beim Start aktiv schalten" id="checkBoxEnableQuestAutoTrackMain" />
              </GroupBox>
              <GroupBox text="Hauptmenü" id="groupBoxMainMenu">
                <!-- Group "Hauptmenü" -->
                <CheckBox text="Splash Screen mit Neuigkeiten beim Start überspringen" id="checkBoxSkipSplash" />
                <CheckBox text="Introvideos überspringen" id="checkBoxSkipIntroVideos" />
              </GroupBox>
            </TabPage>
            <TabPage text="Video" id="tabPageVideo">
              <!-- ********** Tab "Video" ********** -->
              <GroupBox text="Grafik" id="groupBoxGraphics">
                <!-- Group "Grafik" -->
                <GroupBox text="Effekte" id="groupBoxGraphicEffects">
                  <!-- Group "Effekte" -->
                  <CheckBox text="Blutspritzer" id="checkBoxBloodSplatter" />
                  <CheckBox text="Gewalt vermindern" id="checkBoxDisableGore" />
                </GroupBox>
                <GroupBox text="TAA-Schärfen" id="groupBoxTAASharpening">
                  <!-- Group "TAA-Schärfen" -->
                  <Label text="Post-Schärfe" id="labelTAAPostSharpen" />
                  <Label text="Post-Overlay" id="labelTAAPostOverlay" />
                </GroupBox>
                <Label text="Kantenglättung:" id="labelAntiAliasing" />
                <GroupBox text="Gras" id="groupBoxGrass">
                  <!-- Group "Gras" -->
                  <Label text="Ausblendedistanz" id="labelGrassFadeDistance" />
                  <CheckBox text="Gras aktivieren" id="checkBoxGrass" />
                </GroupBox>
                <GroupBox text="Detaillierungsgrad (LOD)" id="groupBoxLOD">
                  <!-- Group "Detaillierungsgrad (LOD)" -->
                  <Label text="Ausblende-Distanz" id="labelLODFadeDistance" />
                  <Label text="Charaktere" id="labelLODActors" />
                  <Label text="Gegenstände" id="labelLODItems" />
                  <Label text="Objekte" id="labelLODObjects" />
                </GroupBox>
                <CheckBox text="FPS-Begrenzung (Vertikale Synchronisierung)" id="checkBoxVSync" />
                <GroupBox text="Beleuchtung" id="groupBoxLighting">
                  <!-- Group "Beleuchtung" -->
                  <CheckBox text="Volumetrische Beleuchtung" id="checkBoxGodrays" />
                </GroupBox>
                <Label text="Anisotropisches Filtern:" id="labelAnisotropicFiltering" />
                <GroupBox text="Schatten" id="groupBoxShadows">
                  <!-- Group "Schatten" -->
                  <Label text="Verschwommenheit:" id="labelShadowBlurriness" />
                  <Label text="Distanz" id="labelShadowDistance" />
                  <Label text="Texture-Map-Auflösung:" id="labelShadowTextureResolution" />
                </GroupBox>
                <GroupBox text="Wasser" id="groupBoxWater">
                  <!-- Group "Wasser" -->
                  <CheckBox text="Fix black/invisible water" id="checkBoxWaterFixSSRGlitch" />
                  <CheckBox text="Use High Resolution" id="checkBoxWaterHiRes" />
                  <CheckBox text="Refractions" id="checkBoxWaterRefractions" />
                  <CheckBox text="Reflections" id="checkBoxWaterReflections" />
                  <CheckBox text="Verdrängung" id="checkBoxWaterDisplacement" />
                </GroupBox>
                <GroupBox text="Post-Processing" id="groupBoxPostProcessing">
                  <!-- Group "Post-Processing" -->
                  <CheckBox text="Screen-Space Reflektionen" id="checkBoxSSReflections" />
                  <CheckBox text="Umgebungsverdeckung" id="checkBoxAmbientOcclusion" />
                  <CheckBox text="Tiefenschärfe" id="checkBoxDepthOfField" />
                  <CheckBox text="Bewegungsunschärfe" id="checkBoxMotionBlur" />
                  <CheckBox text="Radiale Unschärfe" id="checkBoxRadialBlur" />
                  <CheckBox text="Linsenreflexion" id="checkBoxLensFlare" />
                </GroupBox>
              </GroupBox>
              <GroupBox text="Anzeige" id="groupBoxDisplay">
                <!-- Group "Anzeige" -->
                <CheckBox text="Behebe HUD für 5:4 und 4:3 Auflösung (zum Teil)" id="checkBoxFixHUDFor5_4and4_3" />
                <Button text="Auflösung automatisch erkennen" id="buttonDetectResolution" />
                <Label text="Benutzerdefinierte Auflösung:" id="labelCustomResolution" />
                <Label text="Auflösung:" id="labelResolution" />
                <CheckBox text="Immer im Vordergrund" id="checkBoxTopMostWindow" />
                <Label text="Anzeigenmodus:" id="labelDisplayMode" />
                <Label text="X" id="labelCustomResolutionSpacer" />
              </GroupBox>
            </TabPage>
            <TabPage text="Audio" id="tabPageAudio">
              <!-- ********** Tab "Audio" ********** -->
              <GroupBox text="Audio" id="groupBoxAudio">
                <!-- Group "Audio" -->
                <CheckBox text="Audio aktivieren" id="checkBoxEnableAudio" />
                <CheckBox text="Hintergrundmusik im Hauptmenü abspielen" id="checkBoxMainMenuMusic" />
              </GroupBox>
              <GroupBox text="Voice-Chat" id="groupBoxVoice">
                <!-- Group "Voice-Chat" -->
                <Label text="Voice-Chat-Modus:" id="labelVoiceChatMode" />
                <CheckBox text="Push-To-Talk aktivieren" id="checkBoxPushToTalk" />
              </GroupBox>
              <GroupBox text="Lautstärke" id="groupBoxAudioVolume">
                <!-- Group "Lautstärke" -->
                <Label text="Gesamtlautstärke" id="labelVolumeMaster" />
                <Label text="Chat-Lautstärke" id="labelAudioChat" />
                <Label text="Menümusik" id="labelAudiofVal0" />
                <Label text="Pip-Boy-Radio" id="labelAudiofVal6" />
                <Label text="Weltradiosender" id="labelAudiofVal1" />
                <Label text="Schritte" id="labelAudiofVal5" />
                <Label text="Stimme" id="labelAudiofVal2" />
                <Label text="Effekte" id="labelAudiofVal4" />
                <Label text="Musik" id="labelAudiofVal3" />
              </GroupBox>
            </TabPage>
            <TabPage text="Steuerung" id="tabPageControls">
              <!-- ********** Tab "Steuerung" ********** -->
              <GroupBox text="Controller" id="groupBoxGamepad">
                <!-- Group "Controller" -->
                <CheckBox text="Zielhilfe" id="checkBoxAimAssist" />
                <CheckBox text="Verwendung eines Controllers ermöglichen" id="checkBoxGamepadEnabled" />
                <CheckBox text="Vibration aktivieren" id="checkBoxGamepadRumble" />
              </GroupBox>
              <GroupBox text="Maus" id="groupBoxMouse">
                <!-- Group "Maus" -->
                <Label text="Vertikale Empfindlichkeit" id="labelMouseSensitivityY" />
                <CheckBox text="X-Achse umkehren" id="checkBoxMouseInvertX" />
                <CheckBox text="Y-Achse umkehren" id="checkBoxMouseInvertY" />
                <CheckBox text="Mausempflindlichkeit beim Zielen normalisieren" id="checkBoxFixAimSensitivity" />
                <Label text="Horizontale Empfindlichkeit" id="labelMouseSensitivityX" />
                <CheckBox text="Horizontale/vertikale Mausempfindlichkeit normalisieren" id="checkBoxFixMouseSensitivity" />
              </GroupBox>
            </TabPage>
            <TabPage text="Kamera" id="tabPageCamera">
              <!-- ********** Tab "Kamera" ********** -->
              <GroupBox text="Kameraposition (Experimentell)" id="groupBoxCameraPosition">
                <!-- Group "Kameraposition (Experimentell)" -->
                <GroupBox text="Kameraposition im Nahkampf" id="groupBoxMeleeCombatCameraPosition">
                  <!-- Group "Kameraposition im Nahkampf" -->
                  <Label text="Entfernter/Näher (fOverShoulderMeleeCombatAddY)" id="labelfOverShoulderMeleeCombatAddY" />
                  <Label text="Links/Rechts (fOverShoulderMeleeCombatPosX)" id="labelfOverShoulderMeleeCombatPosX" />
                  <Label text="Tiefer/Höher (fOverShoulderMeleeCombatPosZ)" id="labelfOverShoulderMeleeCombatPosZ" />
                </GroupBox>
                <GroupBox text="Kameraposition im Fernkampf" id="groupBoxCombatCameraPosition">
                  <!-- Group "Kameraposition im Fernkampf" -->
                  <Label text="Entfernter/Näher (fOverShoulderCombatAddY)" id="labelfOverShoulderCombatAddY" />
                  <Label text="Links/Rechts (fOverShoulderCombatPosX)" id="labelfOverShoulderCombatPosX" />
                  <Label text="Tiefer/Höher (fOverShoulderCombatPosZ)" id="labelfOverShoulderCombatPosZ" />
                </GroupBox>
                <Button text="Zurücksetzen" id="buttonCameraPositionReset" />
                <CheckBox text="bApplyCameraNodeAnimations" id="checkBoxbApplyCameraNodeAnimations" />
                <GroupBox text="Kameraposition (Waffen eingesteckt)" id="groupBoxUnarmedCameraPosition">
                  <!-- Group "Kameraposition (Waffen eingesteckt)" -->
                  <Label text="Links/Rechts (fOverShoulderPosX)" id="labelfOverShoulderPosX" />
                  <Label text="Tiefer/Höher (fOverShoulderPosZ)" id="labelfOverShoulderPosZ" />
                </GroupBox>
              </GroupBox>
              <GroupBox text="Mehr Sichtfeld-Tweaks" id="groupBoxFOVMore">
                <!-- Group "Mehr Sichtfeld-Tweaks" -->
                <Label text="Dritte Person Sichtfeld beim Zielen:" id="labelADSFOV" />
              </GroupBox>
              <GroupBox text="Fotomodus-Optionen" id="groupBoxSelfieCamera">
                <!-- Group "Fotomodus-Optionen" -->
                <Label text="Drehgeschwindigkeit:" id="labelPhotomodeRotationSpeed" />
                <Label text="Maximale Entfernung:" id="labelPhotomodeRange" />
                <Label text="Bewegungsgeschwindigkeit:" id="labelPhotomodeTranslationSpeed" />
              </GroupBox>
              <GroupBox text="Kamera wenn inaktiv (Experimentell)" id="groupBoxIdleCamera">
                <!-- Group "Kamera wenn inaktiv (Experimentell)" -->
                <CheckBox text="Erzwinge drehende Kamera wenn inaktiv" id="checkBoxForceVanityMode" />
                <CheckBox text="Drehende Kamera wenn inaktiv" id="checkBoxVanityMode" />
              </GroupBox>
              <GroupBox text="Entfernung der Kamera" id="groupBoxCameraDistance">
                <!-- Group "Entfernung der Kamera" -->
                <Label text="Rauszoomentfernung:" id="labelPitchZoomOutMaxDist" />
                <Label text="Maximum:" id="labelCameraDistanceMaximum" />
                <Label text="Minimum:" id="labelCameraDistanceMinimum" />
              </GroupBox>
              <GroupBox text="Sichtfeld" id="groupBoxFieldOfView">
                <!-- Group "Sichtfeld" -->
              </GroupBox>
            </TabPage>
            <TabPage text="Bethesda.net" id="tabPageLogin">
              <!-- ********** Tab "Bethesda.net" ********** -->
              <GroupBox text="Profile" id="groupBoxLoginProfiles">
                <!-- Group "Profile" -->
                <RadioButton text="Keins" id="radioButtonAccountNone" />
                <RadioButton text="Konto 1" id="radioButtonAccount1" />
                <RadioButton text="Konto 16" id="radioButtonAccount16" />
                <RadioButton text="Konto 2" id="radioButtonAccount2" />
                <RadioButton text="Konto 15" id="radioButtonAccount15" />
                <RadioButton text="Konto 3" id="radioButtonAccount3" />
                <RadioButton text="Konto 14" id="radioButtonAccount14" />
                <RadioButton text="Konto 4" id="radioButtonAccount4" />
                <RadioButton text="Konto 13" id="radioButtonAccount13" />
                <RadioButton text="Konto 5" id="radioButtonAccount5" />
                <RadioButton text="Konto 12" id="radioButtonAccount12" />
                <RadioButton text="Konto 6" id="radioButtonAccount6" />
                <RadioButton text="Konto 11" id="radioButtonAccount11" />
                <RadioButton text="Konto 7" id="radioButtonAccount7" />
                <RadioButton text="Konto 10" id="radioButtonAccount10" />
                <RadioButton text="Konto 8" id="radioButtonAccount8" />
                <RadioButton text="Konto 9" id="radioButtonAccount9" />
              </GroupBox>
              <GroupBox text="Anmelden" id="groupBoxLogin">
                <!-- Group "Anmelden" -->
                <CheckBox text="Automatisch einloggen" id="checkBoxAutoSignin" />
                <CheckBox text="Steam aktivieren" id="checkBoxEnableSteam" />
                <CheckBox text="Passwort anzeigen" id="checkBoxShowPassword" />
                <Label text="Passwort:" id="labelPassword" />
                <Label text="Nutzername:" id="labelUserName" />
              </GroupBox>
            </TabPage>
          </TabControl>
        </UserControlTweaks>
      </TabPage>
      <TabPage text="Pip-Boy" id="tabPagePipBoy">
        <!-- ********** Tab "Pip-Boy" ********** -->
        <UserControlPipboy id="userControlPipboy">
          <Panel id="panelPipboyOther">
            <LinkLabel text="Zurücksetzen" id="linkLabelPipboyTargetReset" />
            <Label text="Auflösung" id="labelPipboyResolution" />
            <LinkLabel text="Empfohlene Auflösung verwenden" id="linkLabelPipboyTargetSetRecommended" />
            <RadioButton text="Quick-Boy verwenden" id="radioButtonQuickboy" />
            <Label text="Diese Einstellung betrifft den Pip-Boy und Quick-Boy." id="labelPipboyResolutionSideNote" />
            <Label text="Modus" id="labelPipboyMode" />
            <RadioButton text="Pip-Boy verwenden" id="radioButtonPipboy" />
          </Panel>
          <Panel id="panelPipboyPresets">
            <Button text="Üppiges Tato" id="buttonPresetTato" />
            <Button text="Beruhigendes Lavendel" id="buttonButtonPresetLavendar" />
            <Button text="Power Armor Standardfarbe" id="buttonPresetFo76PPColor" />
            <Button text="Quick-Boy Standardfarbe" id="buttonPresetFo76QB" />
            <Button text="Strahlend weiß" id="buttonPresetWhite" />
            <Label text="Vorgaben" id="labelPresets" />
            <Button text="Klassisches Blau" id="buttonPresetFo3Blue" />
            <Button text="Ödland der Hauptstadt Grün" id="buttonPresetFo3Green" />
            <Button text="Commonwealth Grün" id="buttonPresetFo4Green" />
            <Button text="Klassisches Weiß" id="buttonPresetFo3White" />
            <Button text="Mojave-Ödland Bernstein" id="buttonPresetFoNVAmber" />
            <Button text="Appalachia Grün" id="buttonPresetFo76Green" />
          </Panel>
          <Label text="Pip-Boy-Personalisierung" id="labelPipboyTitle" />
          <TabControl id="tabControlPipboy">
            <TabPage text="Pip-Boy" id="tabPagePipboyColor">
              <!-- ********** Tab "Pip-Boy" ********** -->
              <Label text="HEX:" id="labelPipboyHEX" />
              <Label text="Vorschau" id="labelPreviewPipboy" />
              <Label text="Die Vorschau ist nur eine Annäherung,\ndaher sieht es im Spiel möglicherweise nicht genau so aus." id="labelPipboyColorPreviewNotice" />
              <Button text="Zurücksetzen" id="buttonColorResetPipboy" />
              <Button text="Farbe wählen" id="buttonColorPickPipboy" />
              <Label text="Pip-Boy Farbe" id="labelPipboyColor" />
            </TabPage>
            <TabPage text="Quick-Boy" id="tabPageQuickboyColor">
              <!-- ********** Tab "Quick-Boy" ********** -->
              <Label text="HEX:" id="labelQuickboyHEX" />
              <Label text="Vorschau" id="labelPreviewQuickboy" />
              <Label text="Die Vorschau ist nur eine Annäherung,\ndaher sieht es im Spiel möglicherweise nicht genau so aus." id="labelQuickboyColorPreviewNotice" />
              <Button text="Farbe wählen" id="buttonColorPickQuickboy" />
              <Button text="Zurücksetzen" id="buttonColorResetQuickboy" />
              <Label text="Quick-Boy Farbe" id="labelQuickboyColor" />
            </TabPage>
            <TabPage text="Powerrüstung" id="tabPagePowerArmorColor">
              <!-- ********** Tab "Powerrüstung" ********** -->
              <Label text="HEX:" id="labelPAColorHEX" />
              <Label text="Vorschau" id="labelPreviewPA" />
              <Label text="Die Vorschau ist nur eine Annäherung,\ndaher sieht es im Spiel möglicherweise nicht genau so aus." id="labelPAColorPreviewNotice" />
              <Label text="Powerrüstungsfarbe" id="labelPowerArmorColor" />
              <Button text="Farbe wählen" id="buttonColorPickPAPipboy" />
              <Button text="Zurücksetzen" id="buttonColorResetPAPipboy" />
            </TabPage>
          </TabControl>
        </UserControlPipboy>
      </TabPage>
      <TabPage text="Galerie" id="tabPageGallery">
        <!-- ********** Tab "Galerie" ********** -->
        <UserControlGallery id="userControlGallery">
          <Panel id="panelGalleryOptions">
            <GroupBox text="Optionen" id="groupBoxScreenshotOptions">
              <!-- Group "Optionen" -->
              <Button text="Vorschaubilder löschen" id="buttonGalleryDeleteThumbnails" />
              <CheckBox text="Unterordner rekursiv durchsuchen" id="checkBoxGallerySearchRecursively" />
              <Label text="Zusätzliche Pfade (getrennt mit Zeilenumbruch):" id="labelGalleryAdditionalPaths" />
              <Label text="Screenshot-Index:" id="labelScreenshotIndex" />
            </GroupBox>
          </Panel>
          <Label text="Galerie" id="labelGallery" />
          <Panel id="panelGallery">
            <Label text="Klicke 'Galerie aktualisieren', um Screenshots und Fotos anzuzeigen." id="labelGalleryTip" />
          </Panel>
        </UserControlGallery>
      </TabPage>
      <TabPage text="Benutzerdefiniert" id="tabPageCustom">
        <!-- ********** Tab "Benutzerdefiniert" ********** -->
        <UserControlCustom id="userControlCustom">
          <Label text="Alles, was hier geschrieben wird, überschreibt die Konfiguration in den *.ini-Dateien." id="labelCustomDesc" />
          <Label text="Benutzerdefinierte *.ini Konfiguration" id="labelCustomTitle" />
          <Button text="Speichern" id="buttonCustomSave" />
          <Label text="Überschreibe Zeilen in der Datei:" id="labelCustomFile" />
        </UserControlCustom>
      </TabPage>
      <TabPage text="Settings" id="tabPageSettings">
        <!-- ********** Tab "Settings" ********** -->
        <UserControlSettings id="userControlSettings">
          <Label text="Modus umschalten:" id="labelToggleNW" />
          <StyledButton text="Nuclear Winter" id="buttonNWMode" />
          <Label text="Nuclear Winter Optionen (veraltet)" id="labelSettingsNuclearWinterOptions" />
          <CheckBox text="Mods automatisch installieren, wenn NW deaktiviert wird" id="checkBoxNWAutoDeployMods" />
          <Label text="Modoptionen:" id="labelNWmodoptions" />
          <Label text="Pfade" id="labelSettingsPaths" />
          <Label text="*.dll-Optionen:" id="labelNWdlloptions" />
          <Label text="Downloads-Ordner:" id="labelDownloadsPath" />
          <CheckBox text="Mods automatisch entfernen, wenn NW aktiviert wird" id="checkBoxNWAutoDisableMods" />
          <CheckBox text="Mit &quot;Mod Manager Download&quot;-Links assoziieren" id="checkBoxHandleNXMLinks">
            <Tooltip>Aktiviere diese Option, wenn du möchtest, dass der Mod-Manager auf die Links "Vortex" bzw. "Mod Manager Download" (nxm://) reagiert.
Möglicherweise musst du das Tool vorher als Administrator starten, um diese Option zu aktivieren. (Das müsstest du nur einmal tun)</Tooltip>
          </CheckBox>
          <CheckBox text="Hinzugefügte *.dll-Dateien umbenennen" id="checkBoxNWRenameDLL" />
          <Button text="..." id="buttonPickDownloadsPath" />
          <Label text="Optionen" id="labelSettingsOptions" />
          <Label text="Mod-Manager" id="labelSettingsModManager" />
          <Label text="Programme" id="labelSettingsPrograms" />
          <CheckBox text="*.ini Dateien schreibschützen" id="checkBoxReadOnly" />
          <Button text="..." id="buttonPickSevenZipPath" />
          <CheckBox text="&quot;What's new&quot; im Start anzeigen" id="checkBoxShowWhatsNew" />
          <Label text="Benutzeroberfläche" id="labelSettingsUI" />
          <CheckBox text="Benachrichtungsgeräusch abspielen" id="checkBoxPlayNotificationSound" />
          <Label text="Archive2-Pfad:" id="labelArchiveTwoPath" />
          <Label text="Verhalten" id="labelSettingsBehavior" />
          <Button text="..." id="buttonPickArchiveTwoPath" />
          <CheckBox text="Nicht nach Aktualisierungen suchen" id="checkBoxIgnoreUpdates" />
          <Label text="7z-Pfad:" id="labelSevenZipPath" />
          <Label text="Diese Übersetzung ist veraltet. Einige Elemente könnten möglicherweise noch nicht übersetzt worden sein." id="labelOutdatedLanguage" />
          <CheckBox text="Das Tool schließen, wenn das Spiel gestartet wird" id="checkBoxQuitOnGameLaunch" />
          <CheckBox text="Änderungen automatisch anwenden, wenn das Tool geschlossen wird" id="checkBoxAutoApply" />
          <Label text="Lokalisierung" id="labelSettingsLocalization" />
          <Label text="Anwendungseinstellungen" id="labelSettingsTitle" />
          <Label text="Sprache:" id="labelLanguage" />
        </UserControlSettings>
      </TabPage>
      <TabPage text="Profiles" id="tabPageProfiles">
        <!-- ********** Tab "Profiles" ********** -->
        <UserControlProfiles id="userControlProfiles">
          <TabControlWithoutHeader id="tabControl">
            <TabPage text="Select" id="tabPageSelect">
              <!-- ********** Tab "Select" ********** -->
              <Label text="Profile" id="labelSelectTitle" />
              <Button text="Profil bearbeiten" id="buttonEditProfile" />
              <Button text="Profil löschen" id="buttonDeleteProfile" />
              <ListView id="listViewGameInstances">
                <Column>Game</Column>
              </ListView>
              <Button text="Profil hinzufügen" id="buttonAddProfile" />
            </TabPage>
            <TabPage text="Edit" id="tabPageEdit">
              <!-- ********** Tab "Edit" ********** -->
              <Label text="Profil bearbeiten" id="labelEditTitle" />
              <LinkLabel text="← Änderungen anwenden und zurück zur Auswahl" id="linkLabelNavigationBack" />
              <Panel id="panelSettings">
                <LinkLabel text="Automatisch erkennen" id="linkLabelAutoDetect" />
                <CheckBox text="Mehr Optionen anzeigen" id="checkBoxMoreOptions" />
                <Label text="Spielpfad:" id="labelGamePath" />
                <Panel id="panelAdvancedOptions">
                  <LinkLabel text="Wikiartikel anzeigen" id="linkLabelProfilesHelp" />
                  <Label text="*.ini Pfad:" id="labelIniPath" />
                  <Button text="..." id="buttonPickIniPath" />
                  <Label text="Erweiterte Optionen" id="labelProfileAdvancedOptions" />
                  <Label text="Start-URL:" id="labelLaunchURL" />
                  <Label text="Fallout 76 kann nicht direkt ausgeführt werden, wenn es über die Xbox-App installiert wurde." id="labelLaunchOptionMSStoreNotice" />
                  <Label text="Startoptionen" id="labelProfileLaunchOptions" />
                  <Label text="Parameter:" id="labelParameters" />
                  <RadioButton text="&quot;Fallout76.exe&quot; direkt ausführen" id="radioButtonLaunchViaExecutable" />
                  <RadioButton text="Via Steam / Xbox starten (empfohlen)" id="radioButtonLaunchViaLink" />
                  <Label text="Ausführbare Datei:" id="labelExecutable" />
                  <Label text="*.ini Präfix:" id="labelIniPrefix" />
                </Panel>
                <Label text="Spielausgabe:" id="labelGameEdition" />
                <Label text="Profilname:" id="labelProfileName" />
                <Button text="..." id="buttonPickGamePath" />
              </Panel>
            </TabPage>
          </TabControlWithoutHeader>
        </UserControlProfiles>
      </TabPage>
      <TabPage text="NexusMods" id="tabPageNexusMods">
        <!-- ********** Tab "NexusMods" ********** -->
        <UserControlNexusMods id="userControlNexusMods">
          <Panel id="panelManageNMProfile">
            <FlowLayoutPanel id="flowPanelNMActions">
              <Button text="Anmelden" id="buttonNMLogin" />
              <Button text="Mit Schlüssel anmelden" id="buttonNMLoginManually" />
              <Button text="Abmelden" id="buttonNWLogout" />
              <Button text="Profil aktualisieren" id="buttonNMUpdateProfile" />
              <Button text="Cache leeren" id="buttonNWDeleteCache" />
            </FlowLayoutPanel>
            <LinkLabel text="Anmeldung gelingt nicht? Klicke hier, um stattdessen deinen API-Schlüssel zu verwenden." id="linkLabelEnableAPIKey" />
            <LinkLabel text="Wie melde ich mich mit einem API-Schlüssel an?" id="linkLabelAPIKeyHelp" />
            <Label text="API-Schlüssel" id="labelAPIKey" />
            <CheckBox text="API-Schlüssel anzeigen" id="checkBoxShowAPIKey" />
            <Label text="Aktionen" id="labelNexusModsActions" />
            <CheckBox text="Vorschaubilder herunterladen" id="checkBoxNMDownloadThumbnails" />
            <Label text="Optionen" id="labelNMOptions" />
            <CheckBox text="Profil automatisch aktualisieren" id="checkBoxNMUpdateProfile" />
          </Panel>
          <Panel id="panelNMProfile">
            <Label text="Nicht angemeldet." id="labelNMNotLoggedIn" />
            <Label text="Nutzer-ID:" id="labelNMDescUserID" />
            <Label text="Stündliches Ratenlimit:" id="labelNMDescHourlyRateLimit" />
            <Label text="Mitgliedschaft:" id="labelNMDescMembership" />
            <Label text="in 0 hour(s) and 19 minute(s)" id="labelNMRateLimitReset" />
            <Label text="Rate zurückgesetzt:" id="labelNMDescLimitReset" />
            <Label text="Tägliches Ratenlimit:" id="labelNMDescDailyRateLimit" />
          </Panel>
          <Label text="NexusMods-Integrierung" id="labelNexusTitle" />
        </UserControlNexusMods>
      </TabPage>
    </TabControlWithoutHeader>
    <UserControlSideNav id="userControlSideNav">
      <StyledButton text="NexusMods" id="buttonNexusMods" />
      <StyledButton text="Benutzerdefiniert" id="buttonCustom" />
      <Label text="Ausgewähltes Profil:" id="labelGameEditionDesc" />
      <StyledButton text="Start" id="buttonHome" />
      <StyledButton text="Galerie" id="buttonGallery" />
      <StyledButton text="Pip-Boy" id="buttonPipboy" />
      <StyledButton text="Konfiguration" id="buttonTweaks" />
      <StyledButton text="Erkunden" id="buttonBrowse" />
      <StyledButton text="Einstellungen" id="buttonSettings" />
      <StyledButton text="Mods" id="buttonMods" />
      <StyledButton text="Aktualisieren" id="buttonUpdate" />
      <StyledButton text="Anwenden" id="buttonApply" />
      <StyledButton text="Spielen" id="buttonPlay" />
      <Label text="Profil" id="labelProfile" />
      <Label text="Schnellkonfiguration" id="labelLogo" />
    </UserControlSideNav>
    <ContextMenuStrip id="contextMenuStrip1">
      <ToolStripMenuItem text="Öffnen" id="openToolStripMenuItem" />
      <ToolStripMenuItem text="Ordner öffnen" id="openFolderToolStripMenuItem" />
      <ToolStripMenuItem text="Ausschneiden" id="cutToolStripMenuItem" />
      <ToolStripMenuItem text="Kopieren" id="copyToolStripMenuItem" />
      <ToolStripMenuItem text="Löschen" id="deleteToolStripMenuItem" />
    </ContextMenuStrip>
    <ContextMenuStrip id="contextMenuStripBrowse">
      <ToolStripMenuItem text="Spiel: Installationsordner" id="gameFolderToolStripMenuItem" />
      <ToolStripMenuItem text="Spiel: Konfigrationsordner" id="gamesConfigurationFolderToolStripMenuItem" />
      <ToolStripMenuItem text="Tool: Installationsordner" id="toolInstallationFolderToolStripMenuItem" />
      <ToolStripMenuItem text="Tool: Konfigurationsordner" id="toolConfigurationFolderToolStripMenuItem" />
      <ToolStripMenuItem text="Tool: Ordner mit Sprachdateien" id="toolLanguagesFolderToolStripMenuItem" />
      <ToolStripMenuItem text="Steam Screenshots-Ordner" id="steamScreenshotFolderToolStripMenuItem" />
      <ToolStripMenuItem text="Spiel: Fotosordner" id="gamePhotosFolderToolStripMenuItem" />
      <ToolStripMenuItem text="Fallout76.ini bearbeiten" id="editFallout76iniToolStripMenuItem" />
      <ToolStripMenuItem text="Fallout76Prefs.ini bearbeiten" id="editFallout76PrefsiniToolStripMenuItem" />
      <ToolStripMenuItem text="Fallout76Custom.ini bearbeiten" id="editFallout76CustominiToolStripMenuItem" />
    </ContextMenuStrip>
  </Form1>
</Language>